AccountId,AssessmentId,AssessmentVersionId,Score,Percentile,Level,FailedLevels,CreationDate
694707,20,114,27,0,10,"8:1:6,11:1:9,12:1:10,12:2:10,12:3:10",2025-10-14 10:50:57
694779,20,114,44,0,16,"13:1:11,14:1:13,15:1:14,17:1:15,18:1:17",2025-10-14 10:45:10
694850,20,114,40,0,15,"12:1:11,14:1:12,15:1:14,17:1:15,17:2:16",2025-10-14 10:39:37
694726,20,114,20,0,9,"9:1:8,10:1:8,10:2:8,10:3:9,11:1:9",2025-10-14 10:34:29
694745,20,114,16,0,7,"8:1:6,8:2:6,9:1:7,9:2:7,9:3:7",2025-10-14 10:20:29
694747,20,114,31,0,12,"13:1:11,13:2:12,13:3:12,14:1:12,14:2:13",2025-10-14 10:12:02
694736,20,114,54,0,20,"19:1:18,20:1:19,20:2:19,21:1:20,22:1:20",2025-10-14 09:58:10
694777,20,114,42,0,16,"11:1:9,11:2:10,12:1:10,14:1:13,18:1:16",2025-10-14 09:57:19
694729,20,114,62,0,22,"19:1:17,23:1:21,23:2:22,23:3:22,24:1:23",2025-10-14 09:42:37
694209,20,114,17,0,7,"7:1:5,8:1:6,9:1:7,9:2:7,9:3:8",2025-10-14 09:38:06
694751,20,114,20,0,9,"8:1:7,9:1:8,10:1:8,11:1:9,11:2:9",2025-10-14 09:14:09
694710,20,114,49,0,17,"16:1:15,17:1:15,17:2:16,17:3:16,19:1:18",2025-10-14 08:59:44
694372,20,114,33,0,12,"12:1:10,12:2:11,12:3:11,13:1:11,14:1:13",2025-10-14 08:59:12
692481,20,114,46,0,16,"11:1:9,12:1:11,14:1:12,17:1:16,18:1:17",2025-10-14 08:36:11
694707,20,114,15,0,7,"6:1:4,7:1:5,8:1:6,9:1:7,9:2:7",2025-10-14 08:03:10
670159,20,114,31,0,11,"11:1:9,12:1:10,13:1:11,13:2:11,13:3:12",2025-10-14 07:58:52
693527,20,114,13,0,7,"6:1:4,7:1:5,7:2:5,8:1:6,9:1:7",2025-10-14 07:42:37
694694,20,114,26,0,10,"10:1:9,12:1:10,12:2:10,12:3:11,12:4:11",2025-10-14 07:36:25
694125,20,114,42,0,15,"11:1:10,12:1:10,12:2:10,12:3:11,17:1:16",2025-10-14 07:21:24
694312,20,114,23,0,10,"10:1:8,11:1:9,11:2:9,12:1:10,12:2:10",2025-10-14 07:07:47
694695,20,114,29,0,11,"11:1:9,11:2:9,12:1:10,12:2:10,13:1:11",2025-10-14 07:02:27
694689,20,114,29,0,11,"11:1:9,11:2:10,12:1:10,12:2:11,13:1:12",2025-10-14 06:47:43
694688,20,114,47,0,17,"13:1:12,15:1:13,18:1:17,18:2:17,19:1:17",2025-10-14 06:41:50
694687,20,114,25,0,10,"7:1:5,8:1:6,10:1:8,11:1:9,12:1:10",2025-10-14 06:37:41
419521,20,114,37,0,13,"12:1:10,12:2:11,14:1:12,14:2:13,15:1:13",2025-10-14 06:27:27
694684,20,114,26,0,10,"8:1:7,9:1:8,12:1:10,12:2:11,12:3:11",2025-10-14 06:01:56
694664,20,114,51,0,19,"12:1:10,13:1:11,19:1:18,20:1:18,21:1:19",2025-10-14 05:39:29
694597,20,114,17,0,7,"5:1:3,6:1:4,8:1:7,9:1:7,9:2:7",2025-10-14 05:37:34
694665,20,114,77,0,27,"17:1:16,20:1:18,27:1:25,28:1:27,29:1:28",2025-10-14 05:35:16
346169,20,114,14,0,6,"5:1:4,6:1:4,6:2:5,7:1:6,8:1:6",2025-10-14 05:31:44
694685,20,114,43,0,16,"11:1:10,13:1:11,15:1:14,17:1:16,18:1:16",2025-10-14 05:31:33
550084,20,114,24,0,9,"9:1:7,10:1:8,10:2:8,10:3:9,11:1:9",2025-10-14 05:26:26
365721,20,114,33,0,12,"7:1:6,8:1:6,12:1:11,13:1:12,14:1:13",2025-10-14 05:16:04
608554,20,114,83,0,28,"21:1:19,27:1:25,27:2:26,30:1:29,30:2:29",2025-10-14 05:13:17
694677,20,114,25,0,10,"6:1:4,9:1:7,10:1:8,10:2:9,12:1:10",2025-10-14 05:07:31
446514,20,114,39,0,14,"12:1:11,13:1:12,13:2:12,14:1:13,16:1:14",2025-10-14 05:01:55
317266,20,114,41,0,15,"14:1:13,14:2:13,15:1:13,15:2:14,17:1:16",2025-10-14 04:43:11
694668,20,114,27,0,10,"11:1:10,12:1:10,12:2:10,12:3:11,12:4:11",2025-10-14 04:41:46
694676,20,114,48,0,17,"12:1:11,13:1:11,19:1:17,19:2:18,19:3:18",2025-10-14 04:36:31
475266,20,114,8,0,4,"5:1:3,5:2:4,6:1:4,6:2:4,6:3:5",2025-10-14 04:21:20
694667,20,114,10,0,4,"4:1:2,5:1:3,6:1:4,6:2:4,6:3:5",2025-10-14 04:12:24
694675,20,114,39,0,14,"12:1:10,12:2:11,15:1:14,16:1:15,16:2:15",2025-10-14 04:09:19
694673,20,114,45,0,17,"13:1:12,17:1:15,17:2:16,18:1:17,19:1:17",2025-10-14 04:04:11
386012,20,114,44,0,15,"15:1:13,15:2:14,16:1:14,17:1:16,17:2:16",2025-10-14 03:59:57
656017,20,114,40,0,15,"13:1:12,14:1:12,14:2:13,15:1:14,17:1:16",2025-10-14 03:59:47
694644,20,114,26,0,10,"9:1:7,11:1:9,12:1:10,12:2:11,12:3:11",2025-10-14 03:59:24
694672,20,114,10,0,5,"5:1:4,6:1:4,6:2:4,7:1:5,7:2:5",2025-10-14 03:57:23
694624,20,114,32,0,12,"12:1:11,13:1:12,13:2:12,14:1:13,14:2:13",2025-10-14 03:53:37
468852,20,114,10,0,4,"5:1:3,5:2:4,6:1:4,6:2:4,6:3:5",2025-10-14 03:49:09
694671,20,114,61,0,22,"13:1:12,20:1:19,21:1:20,24:1:22,24:2:23",2025-10-14 03:42:03
694670,20,114,26,0,10,"10:1:8,10:2:9,12:1:10,12:2:10,12:3:11",2025-10-14 03:37:39
694661,20,114,24,0,10,"8:1:6,11:1:9,11:2:9,12:1:10,12:2:10",2025-10-14 03:24:50
694147,20,114,46,0,16,"7:1:5,17:1:15,17:2:16,18:1:17,18:2:17",2025-10-14 02:55:52
694653,20,114,42,0,16,"8:1:6,13:1:12,14:1:12,14:2:13,18:1:16",2025-10-14 02:52:10
693128,20,114,59,0,21,"20:1:19,20:2:19,21:1:19,21:2:20,23:1:22",2025-10-14 02:24:26
360360,20,114,20,0,9,"6:1:5,9:1:7,9:2:8,10:1:9,11:1:9",2025-10-14 02:24:04
694621,20,114,25,0,10,"11:1:9,12:1:10,12:2:10,12:3:10,12:4:11",2025-10-14 02:09:01
694643,20,114,36,0,13,"10:1:9,12:1:11,13:1:12,15:1:13,15:2:14",2025-10-14 02:04:01
694641,20,114,49,0,18,"11:1:9,11:2:10,16:1:15,19:1:18,20:1:18",2025-10-14 01:59:38
694619,20,114,42,0,16,"12:1:10,12:2:11,14:1:13,17:1:16,18:1:16",2025-10-14 01:55:42
694645,20,114,28,0,10,"6:1:4,10:1:9,11:1:9,12:1:10,12:2:11",2025-10-14 01:54:14
513029,20,114,24,0,9,"5:1:4,6:1:4,6:2:5,7:1:5,11:1:9",2025-10-14 01:46:25
694639,20,114,23,0,9,"10:1:8,10:2:9,11:1:9,11:2:9,11:3:10",2025-10-14 01:40:33
694633,20,114,22,0,9,"6:1:5,7:1:5,7:2:5,8:1:6,11:1:9",2025-10-14 01:17:39
694637,20,114,23,0,10,"6:1:4,6:2:5,7:1:5,11:1:9,12:1:10",2025-10-14 01:16:45
694630,20,114,41,0,15,"12:1:10,12:2:11,13:1:12,16:1:15,17:1:16",2025-10-14 01:06:29
694635,20,114,25,0,10,"10:1:9,11:1:9,11:2:9,11:3:10,12:1:10",2025-10-14 00:56:51
675066,20,114,27,0,11,"11:1:9,12:1:10,12:2:11,12:3:11,13:1:11",2025-10-14 00:51:38
542352,20,114,51,0,18,"12:1:10,12:2:11,13:1:11,19:1:18,20:1:18",2025-10-14 00:45:42
694609,20,114,10,0,5,"6:1:4,6:2:4,6:3:5,7:1:5,7:2:6",2025-10-14 00:10:06
346169,20,114,13,0,6,"5:1:4,6:1:4,6:2:4,7:1:5,8:1:6",2025-10-13 23:49:33
694605,20,114,56,0,20,"13:1:12,14:1:12,22:1:20,22:2:21,22:3:21",2025-10-13 23:43:27
694279,20,114,19,0,7,"6:1:5,8:1:6,8:2:7,9:1:7,9:2:8",2025-10-13 23:40:04
686606,20,114,21,0,9,"8:1:6,8:2:7,9:1:7,10:1:8,11:1:9",2025-10-13 23:39:16
694265,20,114,33,0,12,"12:1:10,12:2:11,14:1:12,14:2:13,14:3:13",2025-10-13 23:35:19
694304,20,114,66,0,24,"21:1:20,23:1:22,24:1:23,25:1:24,26:1:24",2025-10-13 23:35:00
694601,20,114,12,0,6,"6:1:4,6:2:5,8:1:6,8:2:6,8:3:6",2025-10-13 23:18:46
694237,20,114,80,0,28,"25:1:24,27:1:26,28:1:27,29:1:28,30:1:29",2025-10-13 23:15:20
694611,20,114,46,0,17,"17:1:16,17:2:16,18:1:16,18:2:17,19:1:18",2025-10-13 22:58:32
694581,20,114,25,0,10,"10:1:9,11:1:9,11:2:9,11:3:10,12:1:11",2025-10-13 22:55:07
694571,20,114,27,0,11,"11:1:9,11:2:9,12:1:10,13:1:11,13:2:11",2025-10-13 22:37:55
693151,20,114,40,0,15,"11:1:9,12:1:10,12:2:11,13:1:12,17:1:15",2025-10-13 22:29:44
694584,20,114,17,0,7,"8:1:6,8:2:7,9:1:7,9:2:7,9:3:8",2025-10-13 22:29:34
591098,20,114,62,0,22,"18:1:16,18:2:17,20:1:18,23:1:22,24:1:23",2025-10-13 21:52:29
694230,20,114,70,0,25,"18:1:16,19:1:18,21:1:20,25:1:24,27:1:26",2025-10-13 21:52:01
692479,20,114,25,0,10,"7:1:5,10:1:8,11:1:9,12:1:10,12:2:11",2025-10-13 21:24:08
694229,20,114,41,0,15,"12:1:10,15:1:13,15:2:14,16:1:14,17:1:16",2025-10-13 21:11:23
694562,20,114,43,0,15,"13:1:11,14:1:13,15:1:13,17:1:16,17:2:16",2025-10-13 21:02:13
694301,20,114,57,0,21,"20:1:19,21:1:19,21:2:20,21:3:20,23:1:21",2025-10-13 20:54:05
694240,20,114,23,0,9,"8:1:6,10:1:8,10:2:9,11:1:9,11:2:9",2025-10-13 20:42:00
694534,20,114,20,0,9,"6:1:5,7:1:5,8:1:6,9:1:7,11:1:9",2025-10-13 20:26:15
694559,20,114,29,0,11,"9:1:8,11:1:10,12:1:10,12:2:11,13:1:12",2025-10-13 20:19:06
694385,20,114,56,0,20,"12:1:10,12:2:10,12:3:10,21:1:20,22:1:21",2025-10-13 20:16:23
590816,20,114,40,0,15,"10:1:8,11:1:9,12:1:10,14:1:13,17:1:16",2025-10-13 20:08:37
578659,20,114,19,0,8,"3:1:2,4:1:2,5:1:3,8:1:6,10:1:8",2025-10-13 20:01:54
694244,20,114,49,0,18,"16:1:14,18:1:17,18:2:17,20:1:18,20:2:19",2025-10-13 20:00:11
694548,20,114,22,0,9,"8:1:6,9:1:7,9:2:7,11:1:9,11:2:9",2025-10-13 19:58:59
694554,20,114,41,0,15,"12:1:11,13:1:12,15:1:14,17:1:16,17:2:16",2025-10-13 19:54:17
694280,20,114,19,0,9,"8:1:6,8:2:6,8:3:7,10:1:8,11:1:9",2025-10-13 19:44:21
694250,20,114,25,0,10,"8:1:6,11:1:9,11:2:9,12:1:10,12:2:10",2025-10-13 19:41:49
694235,20,114,17,0,7,"6:1:4,7:1:5,7:2:5,8:1:6,9:1:8",2025-10-13 19:39:41
694267,20,114,29,0,11,"10:1:8,10:2:8,11:1:9,11:2:10,13:1:12",2025-10-13 19:36:56
694549,20,114,57,0,21,"20:1:18,20:2:19,20:3:19,21:1:20,23:1:21",2025-10-13 19:33:43
635695,20,114,44,0,16,"13:1:11,13:2:12,14:1:12,14:2:13,18:1:17",2025-10-13 19:30:13
694266,20,114,49,0,18,"12:1:11,14:1:12,19:1:18,20:1:18,20:2:19",2025-10-13 18:58:45
684411,20,114,24,0,9,"9:1:7,10:1:8,11:1:9,11:2:9,11:3:9",2025-10-13 18:57:36
694222,20,114,29,0,11,"11:1:9,12:1:11,12:2:11,13:1:11,13:2:12",2025-10-13 18:52:19
693193,20,114,101,0,28,"27:1:26,30:1:30,30:1:30,30:1:30,30:1:30",2025-10-13 18:45:32
693875,20,114,12,0,6,"6:1:4,6:2:5,8:1:6,8:2:6,8:3:6",2025-10-13 18:20:39
692456,20,114,44,0,16,"12:1:11,12:2:11,13:1:11,17:1:16,18:1:17",2025-10-13 18:09:36
614546,20,114,24,0,9,"7:1:5,7:2:5,7:3:6,8:1:6,11:1:9",2025-10-13 18:06:37
661223,20,114,48,0,17,"12:1:10,17:1:15,17:2:16,19:1:18,19:2:18",2025-10-13 17:56:47
694283,20,114,15,0,6,"5:1:4,6:1:5,7:1:6,8:1:6,8:2:7",2025-10-13 17:47:30
694529,20,114,17,0,7,"2:1:2,3:1:2,7:1:6,8:1:7,9:1:8",2025-10-13 17:46:09
694525,20,114,54,0,19,"15:1:14,17:1:16,17:2:16,20:1:19,21:1:20",2025-10-13 17:37:57
691786,20,114,37,0,14,"12:1:11,13:1:11,13:2:12,13:3:12,16:1:15",2025-10-13 17:28:28
694281,20,114,38,0,14,"6:1:4,14:1:13,15:1:14,16:1:14,16:2:15",2025-10-13 17:26:42
694509,20,114,49,0,18,"17:1:16,18:1:17,19:1:17,19:2:18,20:1:18",2025-10-13 17:26:23
694458,20,114,28,0,11,"11:1:9,12:1:10,12:2:11,12:3:11,13:1:11",2025-10-13 17:07:01
694232,20,114,28,0,11,"11:1:10,12:1:10,12:2:10,12:3:11,13:1:11",2025-10-13 17:04:48
694268,20,114,18,0,8,"8:1:6,9:1:7,9:2:7,9:3:7,10:1:8",2025-10-13 17:04:25
694271,20,114,54,0,20,"19:1:17,19:2:18,19:3:18,20:1:18,22:1:20",2025-10-13 16:44:17
694218,20,114,35,0,13,"12:1:10,12:2:11,13:1:12,15:1:13,15:2:14",2025-10-13 16:44:03
694510,20,114,25,0,10,"11:1:9,12:1:10,12:2:10,12:3:10,12:4:11",2025-10-13 16:39:11
693443,20,114,12,0,10,"12:1:4,12:2:5,12:3:5,12:4:5,12:5:6,12:6:6,12:7:6,12:8:7,12:9:7,12:10:7,12:11:8,12:12:8,12:13:8,12:14:9,12:15:9,12:16:9,12:17:10",2025-10-13 16:37:36
693443,20,114,12,0,10,"12:1:4,12:2:5,12:3:5,12:4:5,12:5:6,12:6:6,12:7:6,12:8:7,12:9:7,12:10:7,12:11:8,12:12:8,12:13:8,12:14:9,12:15:9,12:16:9,12:17:10",2025-10-13 16:37:36
693443,20,114,12,0,10,"12:1:4,12:2:5,12:3:5,12:4:5,12:5:6,12:6:6,12:7:6,12:8:7,12:9:7,12:10:7,12:11:8,12:12:8,12:13:8,12:14:9,12:15:9,12:16:9,12:17:10",2025-10-13 16:37:36
693443,20,114,12,0,10,"12:1:4,12:2:5,12:3:5,12:4:5,12:5:6,12:6:6,12:7:6,12:8:7,12:9:7,12:10:7,12:11:8,12:12:8,12:13:8,12:14:9,12:15:9,12:16:9,12:17:10",2025-10-13 16:37:36
693443,20,114,12,0,10,"12:1:4,12:2:5,12:3:5,12:4:5,12:5:6,12:6:6,12:7:6,12:8:7,12:9:7,12:10:7,12:11:8,12:12:8,12:13:8,12:14:9,12:15:9,12:16:9,12:17:10",2025-10-13 16:37:36
693443,20,114,12,0,10,"12:1:4,12:2:5,12:3:5,12:4:5,12:5:6,12:6:6,12:7:6,12:8:7,12:9:7,12:10:7,12:11:8,12:12:8,12:13:8,12:14:9,12:15:9,12:16:9,12:17:10",2025-10-13 16:37:36
693443,20,114,12,0,10,"12:1:4,12:2:5,12:3:5,12:4:5,12:5:6,12:6:6,12:7:6,12:8:7,12:9:7,12:10:7,12:11:8,12:12:8,12:13:8,12:14:9,12:15:9,12:16:9,12:17:10",2025-10-13 16:37:36
693443,20,114,12,0,10,"12:1:4,12:2:5,12:3:5,12:4:5,12:5:6,12:6:6,12:7:6,12:8:7,12:9:7,12:10:7,12:11:8,12:12:8,12:13:8,12:14:9,12:15:9,12:16:9,12:17:10",2025-10-13 16:37:36
693443,20,114,12,0,10,"12:1:4,12:2:5,12:3:5,12:4:5,12:5:6,12:6:6,12:7:6,12:8:7,12:9:7,12:10:7,12:11:8,12:12:8,12:13:8,12:14:9,12:15:9,12:16:9,12:17:10",2025-10-13 16:37:36
693443,20,114,12,0,10,"12:1:4,12:2:5,12:3:5,12:4:5,12:5:6,12:6:6,12:7:6,12:8:7,12:9:7,12:10:7,12:11:8,12:12:8,12:13:8,12:14:9,12:15:9,12:16:9,12:17:10",2025-10-13 16:37:36
693443,20,114,12,0,10,"12:1:4,12:2:5,12:3:5,12:4:5,12:5:6,12:6:6,12:7:6,12:8:7,12:9:7,12:10:7,12:11:8,12:12:8,12:13:8,12:14:9,12:15:9,12:16:9,12:17:10",2025-10-13 16:37:36
693443,20,114,12,0,10,"12:1:4,12:2:5,12:3:5,12:4:5,12:5:6,12:6:6,12:7:6,12:8:7,12:9:7,12:10:7,12:11:8,12:12:8,12:13:8,12:14:9,12:15:9,12:16:9,12:17:10",2025-10-13 16:37:36
693443,20,114,12,0,10,"12:1:4,12:2:5,12:3:5,12:4:5,12:5:6,12:6:6,12:7:6,12:8:7,12:9:7,12:10:7,12:11:8,12:12:8,12:13:8,12:14:9,12:15:9,12:16:9,12:17:10",2025-10-13 16:37:36
693443,20,114,12,0,10,"12:1:4,12:2:5,12:3:5,12:4:5,12:5:6,12:6:6,12:7:6,12:8:7,12:9:7,12:10:7,12:11:8,12:12:8,12:13:8,12:14:9,12:15:9,12:16:9,12:17:10",2025-10-13 16:37:36
693443,20,114,12,0,10,"12:1:4,12:2:5,12:3:5,12:4:5,12:5:6,12:6:6,12:7:6,12:8:7,12:9:7,12:10:7,12:11:8,12:12:8,12:13:8,12:14:9,12:15:9,12:16:9,12:17:10",2025-10-13 16:37:36
693443,20,114,12,0,10,"12:1:4,12:2:5,12:3:5,12:4:5,12:5:6,12:6:6,12:7:6,12:8:7,12:9:7,12:10:7,12:11:8,12:12:8,12:13:8,12:14:9,12:15:9,12:16:9,12:17:10",2025-10-13 16:37:35
693443,20,114,12,0,10,"12:1:4,12:2:5,12:3:5,12:4:5,12:5:6,12:6:6,12:7:6,12:8:7,12:9:7,12:10:7,12:11:8,12:12:8,12:13:8,12:14:9,12:15:9,12:16:9,12:17:10",2025-10-13 16:37:35
691870,20,114,51,0,19,"18:1:17,19:1:17,19:2:18,20:1:19,21:1:19",2025-10-13 16:23:02
694508,20,114,21,0,9,"5:1:4,6:1:4,7:1:5,11:1:9,11:2:9",2025-10-13 16:22:50
689531,20,114,76,0,26,"21:1:20,25:1:24,27:1:26,28:1:26,28:2:27",2025-10-13 16:21:53
694254,20,114,4,0,3,"4:1:2,4:2:3,5:1:3,5:2:3,5:3:4",2025-10-13 16:04:18
694476,20,114,37,0,14,"5:1:4,9:1:8,14:1:12,14:2:13,16:1:14",2025-10-13 15:51:39
694494,20,114,46,0,17,"14:1:12,17:1:15,17:2:16,19:1:17,19:2:18",2025-10-13 15:46:44
693542,20,114,45,0,17,"4:1:3,5:1:3,5:2:4,18:1:17,19:1:17",2025-10-13 15:44:49
694496,20,114,46,0,17,"17:1:16,17:2:16,18:1:17,19:1:17,19:2:18",2025-10-13 15:42:35
693875,20,114,14,0,7,"6:1:4,7:1:5,8:1:6,8:2:6,9:1:7",2025-10-13 15:23:59
694374,20,114,23,0,9,"8:1:7,9:1:7,10:1:8,10:2:9,11:1:9",2025-10-13 15:16:03
602249,20,114,43,0,16,"12:1:10,12:2:11,13:1:11,17:1:16,18:1:17",2025-10-13 15:10:13
607756,20,114,25,0,10,"6:1:4,9:1:7,10:1:9,11:1:9,12:1:10",2025-10-13 15:10:13
694309,20,114,18,0,8,"6:1:4,7:1:5,9:1:7,9:2:8,10:1:8",2025-10-13 14:55:42
693275,20,114,64,0,23,"19:1:17,20:1:19,22:1:21,24:1:22,25:1:23",2025-10-13 14:55:36
163974,20,114,50,0,18,"6:1:5,12:1:10,12:2:10,17:1:15,20:1:19",2025-10-13 14:55:30
693595,20,114,16,0,7,"7:1:5,7:2:5,8:1:6,8:2:7,9:1:7",2025-10-13 14:35:42
693099,20,114,32,0,12,"5:1:3,11:1:9,13:1:11,13:2:12,14:1:13",2025-10-13 14:22:54
694224,20,114,32,0,12,"7:1:5,11:1:9,11:2:9,12:1:10,14:1:13",2025-10-13 14:11:08
694373,20,114,39,0,14,"6:1:4,10:1:8,15:1:14,16:1:15,16:2:15",2025-10-13 14:06:24
694378,20,114,19,0,8,"7:1:6,8:1:6,8:2:6,9:1:8,10:1:8",2025-10-13 13:48:07
693136,20,114,47,0,17,"13:1:11,16:1:14,17:1:16,19:1:17,19:2:18",2025-10-13 13:41:49
694220,20,114,25,0,10,"11:1:9,12:1:10,12:2:10,12:3:10,12:4:11",2025-10-13 13:30:18
694376,20,114,51,0,19,"17:1:16,18:1:17,20:1:19,20:2:19,21:1:19",2025-10-13 13:28:51
694206,20,114,32,0,12,"6:1:5,12:1:11,14:1:12,14:2:13,14:3:13",2025-10-13 12:55:01
694223,20,114,21,0,9,"9:1:8,10:1:8,10:2:8,11:1:9,11:2:9",2025-10-13 12:49:39
694239,20,114,31,0,11,"12:1:10,12:2:11,13:1:11,13:2:12,13:3:12",2025-10-13 12:44:03
694256,20,114,34,0,13,"11:1:9,11:2:9,13:1:11,14:1:13,15:1:13",2025-10-13 12:32:48
693120,20,114,53,0,19,"12:1:10,12:2:10,19:1:18,20:1:18,21:1:19",2025-10-13 12:31:49
694263,20,114,44,0,16,"13:1:11,13:2:12,15:1:14,18:1:16,18:2:17",2025-10-13 12:16:52
693536,20,114,9,0,5,"5:1:4,6:1:4,6:2:4,7:1:5,7:2:5",2025-10-13 12:01:17
694277,20,114,47,0,17,"8:1:7,18:1:17,19:1:17,19:2:18,19:3:18",2025-10-13 12:00:15
694234,20,114,35,0,13,"11:1:9,11:2:9,14:1:13,15:1:13,15:2:14",2025-10-13 11:15:21
694290,20,114,30,0,11,"7:1:5,11:1:9,11:2:9,12:1:10,13:1:11",2025-10-13 11:11:30
693089,20,114,27,0,10,"11:1:9,11:2:9,12:1:10,12:2:11,12:3:11",2025-10-13 11:11:07
691931,20,114,27,0,11,"11:1:10,12:1:10,12:2:10,12:3:11,13:1:11",2025-10-13 11:02:12
694219,20,114,34,0,12,"12:1:10,12:2:11,14:1:12,14:2:13,14:3:13",2025-10-13 10:55:04
694377,20,114,24,0,10,"7:1:5,9:1:7,11:1:9,12:1:10,12:2:10",2025-10-13 10:54:57
694275,20,114,35,0,12,"5:1:3,5:2:4,6:1:4,13:1:12,14:1:13",2025-10-13 10:44:51
694403,20,114,22,0,9,"7:1:5,7:2:6,8:1:6,10:1:8,11:1:9",2025-10-13 10:29:08
692474,20,114,43,0,16,"13:1:12,14:1:12,15:1:14,16:1:14,18:1:16",2025-10-13 10:24:26
694406,20,114,24,0,10,"11:1:9,11:2:9,11:3:10,12:1:10,12:2:10",2025-10-13 10:23:13
694305,20,114,41,0,15,"13:1:11,15:1:13,15:2:14,16:1:15,17:1:16",2025-10-13 10:20:47
694407,20,114,19,0,9,"6:1:4,11:1:8,11:2:8,11:3:8,11:4:9,11:5:9,11:6:9,11:7:10,11:8:10,11:9:10",2025-10-13 10:16:03
694407,20,114,19,0,9,"6:1:4,11:1:8,11:2:8,11:3:8,11:4:9,11:5:9,11:6:9,11:7:10,11:8:10,11:9:10",2025-10-13 10:16:03
694407,20,114,19,0,9,"6:1:4,11:1:8,11:2:8,11:3:8,11:4:9,11:5:9,11:6:9,11:7:10,11:8:10,11:9:10",2025-10-13 10:16:03
694407,20,114,19,0,9,"6:1:4,11:1:8,11:2:8,11:3:8,11:4:9,11:5:9,11:6:9,11:7:10,11:8:10,11:9:10",2025-10-13 10:16:03
694420,20,114,19,0,8,"7:1:5,8:1:6,8:2:7,10:1:8,10:2:8",2025-10-13 10:14:48
694412,20,114,28,0,10,"8:1:6,9:1:7,11:1:9,12:1:11,12:2:11",2025-10-13 10:14:26
694413,20,114,31,0,12,"12:1:10,12:2:11,13:1:11,13:2:12,14:1:12",2025-10-13 10:13:51
694405,20,114,25,0,10,"11:1:9,11:2:10,12:1:10,12:2:10,12:3:11",2025-10-13 10:13:43
694274,20,114,49,0,18,"16:1:14,18:1:16,19:1:18,20:1:18,20:2:19",2025-10-13 10:13:10
694399,20,114,25,0,10,"10:1:8,11:1:9,11:2:9,11:3:10,12:1:10",2025-10-13 10:12:56
694401,20,114,23,0,10,"9:1:7,9:2:8,10:1:8,11:1:9,12:1:10",2025-10-13 10:12:53
694398,20,114,24,0,10,"8:1:7,11:1:9,11:2:9,11:3:10,12:1:10",2025-10-13 10:11:23
694404,20,114,25,0,10,"6:1:5,8:1:6,11:1:9,11:2:9,12:1:10",2025-10-13 10:10:32
694419,20,114,25,0,10,"9:1:8,11:1:9,11:2:10,12:1:10,12:2:11",2025-10-13 10:09:52
694415,20,114,26,0,10,"10:1:8,11:1:9,12:1:10,12:2:10,12:3:11",2025-10-13 10:09:48
694410,20,114,28,0,11,"6:1:4,9:1:7,11:1:9,11:2:9,13:1:11",2025-10-13 10:09:32
694418,20,114,14,0,7,"7:1:5,7:2:5,8:1:6,9:1:7,9:2:7",2025-10-13 10:09:09
694400,20,114,14,0,6,"6:1:4,6:2:5,7:1:5,8:1:6,8:2:6",2025-10-13 10:08:20
694409,20,114,12,0,6,"6:1:4,7:1:5,7:2:5,8:1:6,8:2:6",2025-10-13 10:08:13
694402,20,114,23,0,10,"9:1:7,10:1:8,10:2:8,11:1:9,12:1:10",2025-10-13 10:08:11
694411,20,114,19,0,8,"7:1:6,8:1:6,9:1:7,9:2:7,10:1:8",2025-10-13 10:06:22
693125,20,114,56,0,19,"17:1:16,17:2:16,19:1:18,20:1:18,21:1:20",2025-10-13 09:56:37
691848,20,114,19,0,8,"7:1:5,7:2:5,7:3:5,10:1:8,10:2:8",2025-10-13 09:50:03
693592,20,114,51,0,18,"17:1:15,17:2:16,19:1:18,20:1:18,20:2:19",2025-10-13 09:47:21
694375,20,114,28,0,11,"11:1:9,12:1:10,12:2:11,13:1:11,13:2:12",2025-10-13 09:38:00
694238,20,114,28,0,10,"9:1:7,11:1:9,12:1:10,12:2:11,12:3:11",2025-10-13 09:31:51
693629,20,114,66,0,23,"20:1:18,20:2:19,20:3:19,25:1:24,25:2:24",2025-10-13 09:14:11
693562,20,114,51,0,18,"12:1:11,19:1:17,19:2:18,20:1:18,20:2:19",2025-10-13 09:11:41
694299,20,114,42,0,15,"14:1:13,15:1:13,15:2:14,15:3:14,17:1:15",2025-10-13 09:10:58
694285,20,114,53,0,19,"13:1:11,13:2:12,15:1:14,20:1:19,21:1:20",2025-10-13 09:02:27
595159,20,114,27,0,10,"11:1:9,11:2:10,12:1:10,12:2:10,12:3:11",2025-10-13 08:51:47
691977,20,114,29,0,11,"11:1:9,12:1:10,12:2:11,12:3:11,13:1:11",2025-10-13 08:21:40
694192,20,114,5,0,3,"4:1:2,4:2:3,5:1:3,5:2:3,5:3:4",2025-10-13 07:23:02
694188,20,114,0,0,2,"2:1:1,2:2:1,2:3:2,3:1:2,4:1:2",2025-10-13 05:51:31
694184,20,114,21,0,9,"9:1:7,9:2:8,10:1:8,10:2:8,11:1:9",2025-10-13 05:39:04
694181,20,114,16,0,6,"6:1:4,7:1:5,7:2:6,8:1:6,8:2:7",2025-10-13 05:09:54
461317,20,114,27,0,10,"6:1:4,6:2:5,12:1:10,12:2:10,12:3:11",2025-10-13 05:06:19
694171,20,114,13,0,6,"6:1:4,6:2:5,7:1:5,8:1:6,8:2:7",2025-10-13 04:05:40
694148,20,114,25,0,10,"10:1:8,10:2:8,11:1:9,11:2:10,12:1:10",2025-10-13 03:29:07
694172,20,114,31,0,12,"6:1:4,7:1:5,7:2:5,7:3:6,14:1:13",2025-10-13 03:26:11
694167,20,114,47,0,17,"17:1:16,18:1:17,18:2:17,19:1:17,19:2:18",2025-10-13 02:39:22
694163,20,114,25,0,10,"11:1:9,11:2:10,12:1:10,12:2:10,12:3:11",2025-10-13 02:37:03
340675,20,114,25,0,10,"10:1:8,10:2:8,11:1:9,11:2:9,12:1:10",2025-10-13 02:13:44
694164,20,114,24,0,10,"6:1:4,10:1:9,11:1:9,12:1:10,12:2:10",2025-10-13 02:05:47
694166,20,114,18,0,8,"8:1:6,9:1:7,10:1:8,10:2:8,10:3:8",2025-10-13 01:43:40
694140,20,114,31,0,12,"11:1:9,11:2:9,11:3:10,14:1:12,14:2:13",2025-10-13 01:38:35
694159,20,114,28,0,11,"11:1:9,11:2:10,12:1:10,12:2:11,13:1:11",2025-10-13 01:21:57
694147,20,114,27,0,10,"12:1:10,12:2:10,12:3:10,12:4:11,12:5:11",2025-10-13 01:09:45
694150,20,114,43,0,16,"12:1:10,12:2:11,13:1:12,16:1:14,18:1:16",2025-10-13 01:02:06
694160,20,114,97,0,28,"13:1:12,26:1:25,30:1:30,30:2:30,30:3:30",2025-10-13 00:59:29
513956,20,114,29,0,11,"12:1:10,12:2:10,12:3:10,12:4:11,13:1:12",2025-10-13 00:49:01
694156,20,114,15,0,7,"7:1:5,8:1:6,8:2:6,8:3:7,9:1:7",2025-10-13 00:46:23
694154,20,114,12,0,5,"6:1:4,6:2:5,7:1:5,7:2:5,7:3:6",2025-10-13 00:40:15
694146,20,114,13,0,6,"7:1:5,7:2:5,8:1:6,8:2:6,8:3:6",2025-10-13 00:38:06
694143,20,114,11,0,5,"2:1:2,6:1:4,6:2:4,7:1:5,7:2:5",2025-10-13 00:27:21
694139,20,114,26,0,10,"11:1:9,12:1:10,12:2:10,12:3:11,12:4:11",2025-10-13 00:25:18
694157,20,114,42,0,15,"14:1:13,15:1:13,15:2:14,16:1:15,17:1:16",2025-10-13 00:23:35
694127,20,114,11,0,6,"6:1:4,7:1:5,7:2:5,8:1:6,8:2:6",2025-10-13 00:09:42
608035,20,114,29,0,11,"12:1:10,12:2:10,12:3:10,12:4:11,13:1:11",2025-10-12 23:41:15
694141,20,114,15,0,6,"6:1:4,7:1:5,7:2:5,7:3:6,8:1:7",2025-10-12 23:33:44
680963,20,114,26,0,10,"7:1:6,8:1:6,10:1:9,12:1:10,12:2:10",2025-10-12 22:38:21
694079,20,114,45,0,17,"10:1:8,11:1:9,18:1:17,18:2:17,19:1:17",2025-10-12 22:27:44
694130,20,114,6,0,3,"4:1:2,4:2:3,5:1:3,5:2:3,5:3:4",2025-10-12 22:15:56
530230,20,114,7,0,4,"5:1:3,5:2:4,6:1:4,6:2:4,6:3:5",2025-10-12 22:10:45
694120,20,114,17,0,7,"8:1:6,8:2:6,8:3:7,9:1:7,9:2:7",2025-10-12 21:57:45
694114,20,114,34,0,13,"13:1:11,13:2:12,13:3:12,14:1:12,15:1:13",2025-10-12 21:34:55
693753,20,114,50,0,18,"13:1:12,13:2:12,17:1:15,17:2:16,20:1:19",2025-10-12 21:30:02
694118,20,114,28,0,11,"11:1:9,12:1:10,12:2:11,12:3:11,13:1:11",2025-10-12 21:08:03
694102,20,114,53,0,19,"16:1:14,19:1:18,19:2:18,20:1:19,21:1:19",2025-10-12 20:59:03
642661,20,114,25,0,10,"7:1:5,7:2:5,11:1:9,11:2:9,12:1:10",2025-10-12 20:48:00
694111,20,114,18,0,8,"7:1:5,8:1:6,8:2:6,9:1:7,10:1:8",2025-10-12 20:46:52
694104,20,114,45,0,17,"13:1:12,13:2:12,14:1:13,18:1:16,19:1:17",2025-10-12 20:45:35
694088,20,114,34,0,13,"13:1:11,13:2:12,14:1:13,14:2:13,15:1:13",2025-10-12 20:33:28
694107,20,114,25,0,10,"10:1:9,11:1:9,12:1:10,12:2:10,12:3:10",2025-10-12 20:24:48
693758,20,114,21,0,9,"7:1:6,8:1:6,8:2:6,8:3:7,11:1:9",2025-10-12 20:14:08
694097,20,114,10,0,5,"2:1:2,3:1:2,7:1:5,7:2:5,7:3:6",2025-10-12 20:04:51
565952,20,114,34,0,12,"12:1:11,12:2:11,13:1:11,14:1:12,14:2:13",2025-10-12 19:36:43
637510,20,114,41,0,15,"6:1:4,11:1:9,16:1:15,16:2:15,17:1:15",2025-10-12 19:29:55
672290,20,114,1,0,1,"2:1:1,2:2:1,2:3:1,3:1:1,3:2:2",2025-10-12 19:29:20
694088,20,114,6,0,4,"5:1:3,5:2:3,5:3:4,6:1:4,6:2:4",2025-10-12 19:28:00
694094,20,114,29,0,11,"12:1:10,12:2:10,12:3:11,13:1:11,13:2:12",2025-10-12 19:27:27
693563,20,114,26,0,10,"11:1:9,11:2:10,12:1:10,12:2:10,12:3:11",2025-10-12 18:52:20
692437,20,114,11,0,6,"2:1:2,6:1:5,7:1:5,7:2:6,8:1:6",2025-10-12 18:35:43
694087,20,114,53,0,19,"15:1:14,19:1:17,19:2:18,21:1:20,21:2:20",2025-10-12 18:08:20
694081,20,114,22,0,9,"6:1:4,6:2:5,9:1:7,9:2:8,11:1:10",2025-10-12 17:56:56
394127,20,114,45,0,17,"13:1:11,13:2:12,18:1:17,18:2:17,19:1:17",2025-10-12 17:54:01
692433,20,114,43,0,16,"12:1:11,14:1:13,17:1:16,18:1:16,18:2:17",2025-10-12 17:43:42
693932,20,114,30,0,11,"6:1:5,12:1:10,12:2:11,13:1:11,13:2:12",2025-10-12 17:32:46
693126,20,114,33,0,12,"13:1:11,13:2:12,14:1:12,14:2:13,14:3:13",2025-10-12 17:23:14
693932,20,114,30,0,11,"5:1:3,12:1:10,12:2:11,13:1:11,13:2:12",2025-10-12 16:48:17
688584,20,114,14,0,7,"7:1:5,7:2:5,8:1:6,8:2:6,9:1:7",2025-10-12 16:47:24
691826,20,114,24,0,10,"9:1:7,10:1:9,11:1:9,12:1:10,12:2:10",2025-10-12 16:43:49
694040,20,114,20,0,8,"7:1:5,8:1:6,8:2:6,10:1:8,10:2:8",2025-10-12 16:36:44
689989,20,114,27,0,10,"9:1:8,11:1:9,12:1:10,12:2:10,12:3:11",2025-10-12 16:21:09
694063,20,114,27,0,10,"8:1:7,10:1:8,11:1:9,12:1:10,12:2:11",2025-10-12 16:14:09
694048,20,114,29,0,11,"11:1:9,11:2:9,12:1:10,12:2:11,13:1:12",2025-10-12 16:05:34
598044,20,114,106,0,28,"27:1:25,27:2:26,30:1:30,30:2:30,30:3:30",2025-10-12 15:43:57
694052,20,114,43,0,16,"11:1:9,14:1:13,17:1:16,18:1:16,18:2:17",2025-10-12 15:42:36
694039,20,114,40,0,15,"13:1:12,16:1:14,16:2:15,16:3:15,17:1:15",2025-10-12 15:28:21
694042,20,114,39,0,15,"12:1:11,13:1:12,14:1:13,16:1:15,17:1:15",2025-10-12 15:27:36
693264,20,114,70,0,25,"25:1:24,26:1:25,26:2:25,27:1:25,27:2:26",2025-10-12 15:27:21
693547,20,114,48,0,18,"12:1:10,13:1:11,16:1:14,17:1:16,20:1:18",2025-10-12 15:26:12
691871,20,114,33,0,13,"11:1:9,11:2:9,12:1:10,12:2:11,15:1:13",2025-10-12 15:21:23
687599,20,114,50,0,18,"19:1:17,19:2:18,20:1:18,20:2:19,20:3:19",2025-10-12 11:52:06
692454,20,114,49,0,18,"18:1:17,19:1:17,19:2:18,20:1:18,20:2:19",2025-10-12 11:40:18
691939,20,114,41,0,15,"12:1:10,15:1:13,15:2:14,17:1:16,17:2:16",2025-10-12 11:06:54
693543,20,114,79,0,28,"13:1:11,25:1:23,25:2:24,27:1:25,30:1:28",2025-10-12 10:13:17
693996,20,114,26,0,10,"11:1:9,12:1:10,12:2:10,12:3:10,12:4:11",2025-10-12 10:06:21
693976,20,114,45,0,17,"12:1:10,12:2:11,18:1:17,18:2:17,19:1:17",2025-10-12 07:57:28
691910,20,114,52,0,19,"17:1:15,18:1:16,18:2:17,21:1:19,21:2:20",2025-10-12 07:13:19
693980,20,114,21,0,9,"9:1:8,10:1:8,10:2:8,11:1:9,11:2:9",2025-10-12 07:07:23
693977,20,114,42,0,16,"6:1:4,13:1:11,17:1:16,17:2:16,18:1:16",2025-10-12 07:04:37
693976,20,114,30,0,12,"11:1:9,12:1:10,12:2:11,12:3:11,14:1:12",2025-10-12 06:35:03
693974,20,114,38,0,14,"14:1:12,14:2:13,15:1:13,15:2:14,16:1:15",2025-10-12 05:47:44
693971,20,114,24,0,10,"9:1:8,10:1:9,11:1:9,11:2:9,12:1:10",2025-10-12 05:46:28
693972,20,114,38,0,14,"14:1:12,15:1:13,15:2:14,15:3:14,16:1:14",2025-10-12 05:17:18
693844,20,114,7,0,4,"5:1:3,5:2:4,6:1:4,6:2:4,6:3:5",2025-10-12 04:48:59
693970,20,114,35,0,13,"11:1:9,13:1:11,15:1:13,15:2:14,15:3:14",2025-10-12 04:41:59
693936,20,114,29,0,11,"11:1:9,12:1:10,12:2:10,12:3:11,13:1:12",2025-10-12 04:33:02
693967,20,114,16,0,7,"8:1:6,8:2:7,9:1:7,9:2:7,9:3:8",2025-10-12 04:31:56
693969,20,114,12,0,6,"6:1:5,7:1:5,7:2:5,7:3:6,8:1:6",2025-10-12 04:23:58
693901,20,114,27,0,10,"7:1:5,10:1:8,10:2:8,11:1:9,12:1:10",2025-10-12 04:15:39
693956,20,114,30,0,12,"11:1:9,12:1:10,12:2:11,13:1:12,14:1:12",2025-10-12 04:11:42
693963,20,114,28,0,11,"11:1:9,11:2:10,12:1:10,12:2:11,13:1:11",2025-10-12 04:10:09
693961,20,114,26,0,10,"4:1:2,11:1:9,12:1:10,12:2:10,12:3:10",2025-10-12 04:09:18
645975,20,114,27,0,10,"6:1:5,10:1:8,10:2:9,11:1:9,12:1:10",2025-10-12 04:02:30
693965,20,114,58,0,21,"19:1:18,20:1:18,20:2:19,23:1:21,23:2:22",2025-10-12 03:42:54
693962,20,114,30,0,11,"11:1:9,11:2:10,12:1:11,13:1:12,13:2:12",2025-10-12 03:42:41
693966,20,114,27,0,11,"11:1:9,11:2:10,12:1:10,12:2:11,13:1:11",2025-10-12 03:29:05
245228,20,114,46,0,16,"12:1:11,12:2:11,18:1:16,18:2:17,18:3:17",2025-10-12 03:25:51
693959,20,114,41,0,15,"10:1:8,10:2:8,10:3:9,17:1:15,17:2:16",2025-10-12 02:58:10
693964,20,114,50,0,17,"12:1:10,12:2:10,14:1:12,18:1:16,19:1:18",2025-10-12 02:57:43
326143,20,114,47,0,17,"14:1:13,17:1:16,18:1:16,18:2:17,19:1:17",2025-10-12 02:39:19
693906,20,114,25,0,10,"11:1:9,11:2:10,12:1:10,12:2:10,12:3:11",2025-10-12 02:29:14
693943,20,114,21,0,9,"7:1:5,8:1:6,8:2:6,9:1:7,11:1:9",2025-10-12 02:27:34
693957,20,114,24,0,10,"10:1:9,11:1:9,11:2:9,11:3:10,12:1:10",2025-10-12 02:26:59
693954,20,114,35,0,13,"11:1:9,12:1:10,12:2:11,14:1:12,15:1:14",2025-10-12 02:14:20
688893,20,114,20,0,8,"8:1:6,8:2:7,9:1:7,10:1:8,10:2:8",2025-10-12 01:58:56
693953,20,114,49,0,18,"19:1:17,19:2:18,19:3:18,20:1:18,20:2:19",2025-10-12 01:16:32
693948,20,114,39,0,15,"14:1:12,14:2:13,15:1:13,15:2:14,17:1:15",2025-10-12 01:04:32
693947,20,114,24,0,10,"5:1:4,9:1:7,11:1:9,12:1:10,12:2:10",2025-10-12 00:45:13
693121,20,114,40,0,15,"12:1:10,12:2:10,14:1:13,15:1:13,17:1:15",2025-10-12 00:26:48
607462,20,114,58,0,20,"19:1:18,20:1:19,21:1:20,21:2:20,22:1:21",2025-10-12 00:20:54
693906,20,114,20,0,8,"9:1:7,9:2:7,9:3:7,10:1:8,10:2:8",2025-10-12 00:13:10
693884,20,114,53,0,19,"13:1:12,20:1:18,20:2:19,20:3:19,21:1:20",2025-10-12 00:12:53
693946,20,114,21,0,9,"6:1:5,9:1:7,10:1:8,10:2:8,11:1:9",2025-10-12 00:11:14
693937,20,114,23,0,9,"5:1:3,9:1:7,11:1:9,11:2:9,11:3:10",2025-10-12 00:09:33
693939,20,114,10,0,5,"2:1:2,4:1:3,6:1:4,7:1:5,7:2:5",2025-10-12 00:02:09
693942,20,114,18,0,8,"5:1:3,8:1:6,8:2:7,9:1:7,10:1:8",2025-10-11 23:58:10
368617,20,114,41,0,15,"12:1:11,13:1:11,14:1:13,15:1:14,17:1:16",2025-10-11 23:52:11
334746,20,114,28,0,10,"8:1:6,11:1:9,11:2:10,12:1:10,12:2:11",2025-10-11 23:40:04
693933,20,114,41,0,15,"13:1:11,13:2:12,14:1:12,14:2:13,17:1:16",2025-10-11 23:25:12
434111,20,114,42,0,15,"11:1:9,12:1:10,14:1:13,14:2:13,17:1:16",2025-10-11 23:05:00
693916,20,114,34,0,13,"12:1:10,13:1:11,14:1:13,15:1:13,15:2:14",2025-10-11 23:02:09
693927,20,114,22,0,8,"8:1:6,8:2:6,8:3:6,9:1:8,10:1:8",2025-10-11 22:56:32
693934,20,114,21,0,9,"8:1:7,9:1:7,9:2:7,10:1:8,11:1:9",2025-10-11 22:48:30
693909,20,114,40,0,15,"12:1:10,14:1:12,14:2:13,17:1:15,17:2:16",2025-10-11 22:44:50
693921,20,114,67,0,24,"15:1:13,15:2:14,20:1:19,21:1:19,26:1:24",2025-10-11 22:25:27
639603,20,114,33,0,12,"12:1:10,12:2:11,13:1:11,14:1:12,14:2:13",2025-10-11 22:03:28
693913,20,114,27,0,11,"9:1:7,10:1:9,12:1:10,12:2:10,13:1:11",2025-10-11 21:44:45
693909,20,114,17,0,7,"6:1:5,7:1:6,8:1:6,9:1:7,9:2:8",2025-10-11 21:40:04
693756,20,114,4,0,3,"4:1:2,4:2:3,5:1:3,5:2:3,5:3:4",2025-10-11 21:25:01
455946,20,114,26,0,10,"11:1:9,11:2:10,12:1:10,12:2:10,12:3:11",2025-10-11 21:24:19
693914,20,114,35,0,13,"13:1:12,14:1:12,14:2:13,14:3:13,15:1:14",2025-10-11 21:21:33
688877,20,114,33,0,12,"6:1:4,6:2:5,12:1:11,14:1:12,14:2:13",2025-10-11 21:09:36
691929,20,114,24,0,10,"9:1:7,9:2:8,10:1:8,11:1:9,12:1:10",2025-10-11 21:06:11
693531,20,114,49,0,18,"14:1:13,18:1:17,18:2:17,19:1:18,20:1:18",2025-10-11 20:53:33
693901,20,114,27,0,11,"7:1:6,8:1:6,9:1:7,12:1:11,13:1:11",2025-10-11 20:27:07
688877,20,114,14,0,5,"5:1:4,6:1:4,6:2:4,7:1:5,7:2:6",2025-10-11 20:24:12
693883,20,114,16,0,8,"8:1:6,8:2:6,8:3:7,9:1:7,10:1:8",2025-10-11 19:51:31
693885,20,114,26,0,10,"11:1:9,12:1:10,12:2:10,12:3:10,12:4:11",2025-10-11 19:11:08
693269,20,114,64,0,23,"21:1:20,23:1:22,24:1:22,24:2:23,25:1:23",2025-10-11 19:00:06
693890,20,114,20,0,9,"9:1:7,9:2:7,10:1:8,10:2:8,11:1:9",2025-10-11 18:52:40
693873,20,114,41,0,15,"11:1:9,12:1:10,13:1:11,13:2:11,17:1:16",2025-10-11 18:52:35
693135,20,114,51,0,19,"12:1:11,19:1:18,20:1:18,20:2:19,21:1:19",2025-10-11 17:49:43
693877,20,114,39,0,15,"12:1:11,13:1:11,13:2:12,14:1:12,17:1:15",2025-10-11 17:47:33
693684,20,114,51,0,19,"18:1:16,20:1:18,20:2:19,20:3:19,21:1:19",2025-10-11 17:47:22
693869,20,114,5,0,3,"4:1:2,4:2:3,5:1:3,5:2:3,5:3:4",2025-10-11 17:42:23
691938,20,114,8,0,5,"5:1:3,5:2:4,6:1:4,6:2:4,7:1:5",2025-10-11 17:39:48
693872,20,114,37,0,14,"12:1:10,13:1:12,14:1:13,15:1:14,16:1:15",2025-10-11 17:32:49
693867,20,114,48,0,17,"12:1:11,13:1:11,13:2:12,18:1:17,19:1:18",2025-10-11 17:15:25
693594,20,114,26,0,10,"11:1:9,11:2:10,12:1:10,12:2:10,12:3:11",2025-10-11 17:01:22
693861,20,114,19,0,7,"8:1:6,8:2:6,9:1:7,9:2:7,9:3:8",2025-10-11 16:52:00
693859,20,114,48,0,18,"14:1:12,14:2:13,15:1:13,15:2:14,20:1:18",2025-10-11 16:51:52
558029,20,114,29,0,10,"8:1:6,12:1:10,12:2:10,12:3:11,12:4:11",2025-10-11 16:49:15
692477,20,114,31,0,12,"11:1:9,12:1:10,12:2:10,12:3:11,14:1:13",2025-10-11 16:36:49
693788,20,114,57,0,21,"19:1:18,20:1:18,20:2:19,21:1:19,23:1:21",2025-10-11 16:36:03
692429,20,114,49,0,17,"14:1:13,18:1:17,19:1:17,19:2:18,19:3:18",2025-10-11 16:13:32
693619,20,114,31,0,12,"13:1:11,13:2:12,13:3:12,14:1:12,14:2:13",2025-10-11 15:49:10
657669,20,114,32,0,12,"12:1:10,12:2:11,14:1:12,14:2:13,14:3:13",2025-10-11 15:47:45
456517,20,114,50,0,18,"10:1:8,19:1:18,20:1:18,20:2:19,20:3:19",2025-10-11 15:42:54
539152,20,114,26,0,10,"10:1:8,10:2:8,11:1:9,11:2:10,12:1:11",2025-10-11 15:30:31
539958,20,114,27,0,10,"11:1:9,11:2:9,11:3:9,11:4:10,12:1:10",2025-10-11 15:24:48
693853,20,114,5,0,3,"4:1:2,4:2:3,5:1:3,5:2:3,5:3:4",2025-10-11 15:08:47
693851,20,114,10,0,5,"4:1:2,4:2:3,6:1:5,7:1:5,7:2:5",2025-10-11 15:02:15
693833,20,114,31,0,12,"11:1:10,12:1:10,13:1:12,14:1:12,14:2:13",2025-10-11 14:18:07
693525,20,114,26,0,10,"11:1:9,11:2:10,12:1:10,12:2:11,12:3:11",2025-10-11 13:53:08
693561,20,114,22,0,9,"9:1:7,9:2:7,11:1:9,11:2:9,11:3:10",2025-10-11 13:46:18
693831,20,114,26,0,11,"6:1:5,11:1:9,12:1:10,12:2:11,13:1:11",2025-10-11 13:27:36
693526,20,114,59,0,21,"20:1:18,21:1:20,22:1:20,23:1:21,23:2:22",2025-10-11 13:25:17
693559,20,114,9,0,4,"5:1:3,5:2:4,6:1:4,6:2:4,6:3:5",2025-10-11 12:47:20
691344,20,114,43,0,16,"14:1:13,17:1:15,17:2:16,17:3:16,18:1:16",2025-10-11 12:45:21
693809,20,114,50,0,18,"13:1:11,19:1:18,20:1:18,20:2:19,20:3:19",2025-10-11 12:24:44
693160,20,114,17,0,8,"7:1:5,8:1:6,8:2:7,9:1:7,10:1:8",2025-10-11 12:20:55
320077,20,114,26,0,10,"9:1:7,10:1:8,11:1:9,11:2:9,12:1:10",2025-10-11 11:18:00
693150,20,114,45,0,16,"16:1:14,16:2:15,16:3:15,17:1:15,18:1:17",2025-10-11 10:22:46
693793,20,114,33,0,12,"12:1:10,13:1:11,13:2:12,13:3:12,14:1:13",2025-10-11 08:56:39
692507,20,114,13,0,6,"5:1:4,6:1:4,7:1:5,7:2:5,8:1:6",2025-10-11 08:10:32
509128,20,114,43,0,14,"14:1:13,15:1:13,15:2:14,16:1:14,16:2:15",2025-10-11 07:04:04
693786,20,114,18,0,8,"7:1:5,8:1:6,8:2:7,10:1:8,10:2:8",2025-10-11 06:36:16
693783,20,114,29,0,11,"11:1:10,12:1:11,12:2:11,13:1:11,13:2:12",2025-10-11 06:24:50
569990,20,114,39,0,15,"14:1:13,15:1:13,15:2:14,15:3:14,17:1:15",2025-10-11 06:09:26
693784,20,114,15,0,7,"6:1:4,7:1:5,8:1:6,8:2:7,9:1:7",2025-10-11 06:09:03
479187,20,114,63,0,23,"17:1:16,21:1:20,21:2:20,24:1:23,25:1:23",2025-10-11 05:40:09
693759,20,114,29,0,11,"10:1:8,10:2:9,11:1:9,12:1:10,13:1:11",2025-10-11 05:16:59
541439,20,114,0,0,1,"2:1:1,2:2:1,2:3:1,3:1:1,3:2:2",2025-10-11 04:47:22
693776,20,114,42,0,15,"13:1:11,13:2:12,15:1:14,17:1:16,17:2:16",2025-10-11 04:40:14
377216,20,114,27,0,10,"9:1:7,10:1:9,11:1:9,11:2:10,12:1:10",2025-10-11 04:38:58
693774,20,114,24,0,9,"9:1:7,9:2:8,10:1:8,10:2:9,11:1:9",2025-10-11 04:20:35
693777,20,114,42,0,16,"13:1:11,14:1:13,15:1:14,17:1:16,18:1:16",2025-10-11 04:16:44
693775,20,114,33,0,13,"12:1:11,14:1:12,14:2:13,14:3:13,15:1:13",2025-10-11 04:03:09
456167,20,114,19,0,7,"7:1:5,8:1:6,8:2:6,8:3:7,9:1:7",2025-10-11 03:58:56
693773,20,114,29,0,11,"11:1:9,12:1:10,13:1:11,13:2:11,13:3:12",2025-10-11 03:49:28
693199,20,114,34,0,13,"8:1:6,13:1:11,13:2:11,13:3:12,15:1:14",2025-10-11 03:39:19
693771,20,114,11,0,6,"6:1:4,7:1:5,7:2:5,8:1:6,8:2:6",2025-10-11 03:22:39
693759,20,114,36,0,13,"9:1:7,12:1:10,15:1:13,15:2:14,15:3:14",2025-10-11 02:33:01
693766,20,114,29,0,10,"11:1:9,11:2:10,12:1:10,12:2:10,12:3:11",2025-10-11 02:05:45
622190,20,114,26,0,10,"9:1:7,11:1:9,11:2:9,11:3:10,12:1:11",2025-10-11 01:55:48
693763,20,114,44,0,16,"13:1:11,14:1:13,18:1:16,18:2:17,18:3:17",2025-10-11 01:51:40
693760,20,114,26,0,10,"10:1:9,11:1:9,11:2:10,12:1:10,12:2:10",2025-10-11 01:37:23
693755,20,114,32,0,12,"11:1:10,13:1:12,13:2:12,14:1:12,14:2:13",2025-10-11 01:30:39
693560,20,114,25,0,10,"10:1:8,10:2:8,10:3:8,11:1:9,12:1:10",2025-10-11 01:28:41
501061,20,114,28,0,10,"11:1:9,12:1:10,12:2:10,12:3:11,12:4:11",2025-10-11 01:14:58
691543,20,114,38,0,14,"9:1:7,12:1:10,12:2:11,14:1:12,16:1:14",2025-10-11 00:28:42
693749,20,114,35,0,13,"12:1:10,12:2:11,14:1:13,15:1:13,15:2:14",2025-10-11 00:17:01
693747,20,114,24,0,10,"9:1:8,11:1:9,11:2:10,12:1:10,12:2:10",2025-10-11 00:05:16
693550,20,114,44,0,16,"13:1:11,13:2:12,17:1:16,18:1:16,18:2:17",2025-10-11 00:04:07
693733,20,114,22,0,9,"10:1:8,10:2:9,11:1:9,11:2:9,11:3:10",2025-10-10 23:28:27
529525,20,114,73,0,25,"24:1:23,25:1:23,25:2:24,26:1:24,27:1:25",2025-10-10 23:26:27
677404,20,114,57,0,20,"20:1:18,20:2:19,21:1:19,21:2:20,22:1:20",2025-10-10 23:25:53
691953,20,114,38,0,14,"14:1:13,15:1:13,15:2:14,15:3:14,16:1:14",2025-10-10 23:21:46
693729,20,114,28,0,11,"11:1:9,12:1:10,12:2:11,13:1:11,13:2:12",2025-10-10 23:21:28
693743,20,114,24,0,10,"9:1:7,10:1:8,11:1:9,11:2:10,12:1:10",2025-10-10 23:20:50
693741,20,114,29,0,11,"7:1:5,7:2:5,9:1:8,13:1:11,13:2:12",2025-10-10 23:09:47
693731,20,114,15,0,6,"5:1:3,5:2:3,6:1:4,6:2:5,8:1:7",2025-10-10 22:39:58
651099,20,114,38,0,13,"12:1:11,13:1:12,14:1:12,14:2:13,15:1:14",2025-10-10 22:33:53
693735,20,114,52,0,19,"15:1:14,17:1:16,20:1:18,20:2:19,21:1:19",2025-10-10 22:29:41
662712,20,114,36,0,12,"7:1:5,7:2:5,13:1:12,14:1:13,14:2:13",2025-10-10 22:19:49
693726,20,114,39,0,14,"13:1:11,14:1:12,15:1:14,16:1:15,16:2:15",2025-10-10 22:07:58
692046,20,114,25,0,10,"4:1:3,7:1:5,11:1:9,12:1:10,12:2:11",2025-10-10 22:06:16
677505,20,114,37,0,13,"13:1:11,13:2:12,14:1:13,14:2:13,15:1:14",2025-10-10 22:04:33
693728,20,114,29,0,11,"11:1:9,11:2:10,12:1:10,13:1:11,13:2:12",2025-10-10 21:51:31
693622,20,114,33,0,13,"12:1:11,13:1:11,14:1:12,14:2:13,15:1:13",2025-10-10 21:47:13
693727,20,114,19,0,8,"8:1:7,9:1:7,9:2:7,10:1:8,10:2:8",2025-10-10 21:38:40
693722,20,114,7,0,4,"4:1:3,5:1:3,5:2:4,6:1:4,6:2:4",2025-10-10 21:25:03
693720,20,114,29,0,10,"11:1:9,11:2:10,12:1:10,12:2:11,12:3:11",2025-10-10 21:10:27
693124,20,114,46,0,17,"12:1:11,14:1:12,14:2:13,14:3:13,19:1:18",2025-10-10 20:50:12
693714,20,114,28,0,11,"9:1:7,9:2:7,11:1:9,12:1:10,13:1:11",2025-10-10 20:45:53
693529,20,114,15,0,6,"6:1:4,6:2:4,7:1:6,8:1:6,8:2:7",2025-10-10 20:37:58
693588,20,114,11,0,6,"5:1:4,6:1:4,6:2:4,7:1:5,8:1:6",2025-10-10 20:32:32
544044,20,114,27,0,10,"11:1:9,11:2:9,11:3:10,12:1:10,12:2:10",2025-10-10 20:27:47
693660,20,114,61,0,22,"15:1:13,15:2:14,21:1:20,21:2:20,24:1:22",2025-10-10 20:26:17
693705,20,114,32,0,12,"11:1:9,12:1:10,12:2:11,14:1:13,14:2:13",2025-10-10 20:05:58
693555,20,114,15,0,7,"8:1:6,8:2:6,9:1:7,9:2:7,9:3:7",2025-10-10 20:02:32
693712,20,114,31,0,12,"11:1:10,12:1:10,13:1:11,13:2:12,14:1:12",2025-10-10 19:51:17
258059,20,114,49,0,18,"14:1:13,17:1:15,17:2:16,20:1:18,20:2:19",2025-10-10 19:46:51
693545,20,114,69,0,25,"20:1:18,25:1:24,25:2:24,26:1:25,27:1:25",2025-10-10 19:44:17
693682,20,114,31,0,12,"5:1:3,7:1:5,9:1:7,11:1:9,14:1:13",2025-10-10 19:44:07
693709,20,114,23,0,9,"10:1:8,10:2:9,11:1:9,11:2:9,11:3:10",2025-10-10 19:20:16
693679,20,114,18,0,7,"5:1:4,6:1:5,7:1:5,8:1:6,9:1:7",2025-10-10 19:09:15
693549,20,114,47,0,17,"8:1:6,18:1:17,19:1:17,19:2:18,19:3:18",2025-10-10 19:00:37
692174,20,114,33,0,13,"12:1:10,12:2:11,13:1:12,13:2:12,15:1:13",2025-10-10 18:49:06
693587,20,114,28,0,11,"8:1:7,11:1:9,12:1:11,13:1:11,13:2:12",2025-10-10 18:29:21
691816,20,114,28,0,11,"10:1:8,11:1:9,11:2:10,12:1:11,13:1:11",2025-10-10 18:24:13
693176,20,114,29,0,11,"8:1:7,10:1:9,12:1:11,13:1:12,13:2:12",2025-10-10 18:23:58
600362,20,114,27,0,10,"8:1:6,10:1:8,11:1:9,11:2:9,12:1:10",2025-10-10 18:19:49
693143,20,114,80,0,28,"27:1:26,28:1:27,29:1:27,29:2:28,30:1:29",2025-10-10 18:04:24
692428,20,114,45,0,17,"14:1:13,17:1:16,18:1:16,18:2:17,19:1:17",2025-10-10 17:56:03
693674,20,114,35,0,13,"12:1:11,13:1:12,13:2:12,14:1:12,15:1:14",2025-10-10 17:48:44
693540,20,114,31,0,12,"13:1:11,13:2:12,13:3:12,14:1:12,14:2:13",2025-10-10 17:34:46
303267,20,114,34,0,12,"8:1:6,12:1:10,12:2:11,13:1:12,14:1:13",2025-10-10 17:34:41
326141,20,114,52,0,19,"18:1:16,20:1:18,20:2:19,21:1:19,21:2:20",2025-10-10 17:29:40
693178,20,114,28,0,11,"10:1:8,12:1:10,12:2:11,12:3:11,13:1:12",2025-10-10 17:10:27
693528,20,114,11,0,6,"6:1:4,7:1:5,7:2:5,8:1:6,8:2:6",2025-10-10 17:04:57
693673,20,114,19,0,8,"8:1:7,9:1:7,9:2:8,10:1:8,10:2:8",2025-10-10 17:04:46
693669,20,114,14,0,6,"5:1:3,6:1:4,6:2:5,7:1:5,8:1:6",2025-10-10 17:03:51
502245,20,114,27,0,10,"9:1:8,10:1:8,11:1:9,12:1:10,12:2:10",2025-10-10 16:41:46
693551,20,114,57,0,21,"18:1:17,20:1:19,21:1:20,22:1:20,23:1:21",2025-10-10 16:31:29
693535,20,114,25,0,9,"9:1:7,10:1:8,10:2:9,11:1:9,11:2:10",2025-10-10 16:20:15
693669,20,114,6,0,4,"4:1:3,5:1:3,5:2:4,6:1:4,6:2:4",2025-10-10 16:06:30
693597,20,114,45,0,17,"16:1:15,18:1:16,18:2:17,18:3:17,19:1:17",2025-10-10 16:00:06
693653,20,114,49,0,18,"15:1:14,19:1:17,19:2:18,19:3:18,20:1:18",2025-10-10 15:56:36
693557,20,114,42,0,15,"11:1:10,12:1:11,15:1:14,16:1:15,17:1:16",2025-10-10 15:55:54
691885,20,114,36,0,13,"12:1:11,12:2:11,14:1:13,14:2:13,15:1:14",2025-10-10 15:37:53
693344,20,114,41,0,15,"14:1:12,14:2:13,15:1:13,15:2:14,17:1:16",2025-10-10 15:32:51
691582,20,114,51,0,18,"12:1:11,18:1:17,19:1:17,19:2:18,20:1:18",2025-10-10 15:30:12
684059,20,114,36,0,13,"11:1:9,11:2:10,12:1:11,14:1:13,15:1:13",2025-10-10 15:27:22
693649,20,114,16,0,7,"5:1:3,7:1:5,7:2:6,8:1:6,9:1:7",2025-10-10 15:27:09
601406,20,114,37,0,13,"13:1:11,13:2:12,14:1:12,15:1:13,15:2:14",2025-10-10 15:25:24
693534,20,114,29,0,11,"8:1:6,12:1:10,13:1:11,13:2:12,13:3:12",2025-10-10 15:17:11
693265,20,114,60,0,22,"20:1:18,20:2:19,21:1:19,23:1:22,24:1:22",2025-10-10 15:07:37
693642,20,114,22,0,9,"10:1:8,10:2:8,11:1:9,11:2:9,11:3:9",2025-10-10 14:44:16
693533,20,114,25,0,10,"10:1:8,12:1:10,12:2:10,12:3:10,12:4:11",2025-10-10 14:32:57
620335,20,114,35,0,13,"11:1:9,13:1:12,13:2:12,14:1:12,15:1:14",2025-10-10 14:30:48
633727,20,114,44,0,16,"15:1:14,17:1:15,17:2:16,18:1:17,18:2:17",2025-10-10 14:20:25
693148,20,114,21,0,9,"8:1:7,9:1:7,9:2:8,10:1:8,11:1:9",2025-10-10 14:20:08
693137,20,114,29,0,11,"9:1:8,11:1:9,12:1:10,13:1:12,13:2:12",2025-10-10 14:14:55
693132,20,114,25,0,10,"10:1:8,11:1:9,11:2:9,11:3:10,12:1:10",2025-10-10 14:00:50
693548,20,114,13,0,6,"5:1:3,6:1:5,7:1:5,7:2:5,8:1:6",2025-10-10 13:59:42
693632,20,114,19,0,8,"4:1:3,5:1:4,6:1:5,8:1:6,10:1:8",2025-10-10 13:36:49
693008,20,114,25,0,10,"11:1:9,12:1:10,12:2:10,12:3:10,12:4:11",2025-10-10 13:24:41
693159,20,114,27,0,10,"9:1:7,11:1:9,11:2:10,12:1:10,12:2:11",2025-10-10 13:09:17
693139,20,114,25,0,10,"7:1:5,7:2:5,11:1:9,12:1:10,12:2:11",2025-10-10 12:52:24
693183,20,114,30,0,12,"6:1:5,11:1:10,12:1:11,13:1:11,14:1:12",2025-10-10 12:52:11
693523,20,114,52,0,19,"17:1:16,18:1:16,20:1:19,20:2:19,21:1:19",2025-10-10 12:36:16
693608,20,114,22,0,9,"9:1:7,10:1:8,10:2:8,11:1:9,11:2:9",2025-10-10 12:00:57
639088,20,114,30,0,12,"12:1:11,12:2:11,13:1:11,13:2:12,14:1:12",2025-10-10 11:58:05
693554,20,114,8,0,4,"4:1:2,4:2:3,5:1:4,6:1:4,6:2:5",2025-10-10 11:48:12
693605,20,114,57,0,20,"17:1:16,20:1:19,20:2:19,21:1:20,22:1:21",2025-10-10 11:44:08
693106,20,114,35,0,13,"12:1:11,14:1:13,14:2:13,15:1:13,15:2:14",2025-10-10 11:42:02
693589,20,114,24,0,10,"7:1:5,8:1:6,10:1:8,10:2:8,12:1:10",2025-10-10 11:38:06
693546,20,114,46,0,17,"8:1:6,18:1:17,18:2:17,19:1:17,19:2:18",2025-10-10 11:34:55
693156,20,114,48,0,17,"17:1:16,18:1:17,18:2:17,19:1:17,19:2:18",2025-10-10 11:28:34
691834,20,114,20,0,8,"6:1:4,8:1:6,8:2:7,10:1:8,10:2:8",2025-10-10 11:21:47
693590,20,114,58,0,21,"4:1:2,4:2:3,5:1:3,22:1:21,23:1:21",2025-10-10 11:21:05
693538,20,114,57,0,21,"20:1:19,20:2:19,21:1:19,21:2:20,23:1:21",2025-10-10 11:20:17
693155,20,114,16,0,6,"6:1:4,7:1:6,8:1:6,8:2:6,8:3:7",2025-10-10 11:12:56
693544,20,114,22,0,9,"6:1:4,7:1:5,8:1:6,11:1:9,11:2:10",2025-10-10 11:12:04
693532,20,114,21,0,9,"10:1:8,10:2:8,10:3:8,11:1:9,11:2:9",2025-10-10 11:04:40
693593,20,114,30,0,12,"7:1:5,11:1:9,12:1:10,13:1:12,14:1:12",2025-10-10 10:52:50
693107,20,114,51,0,18,"12:1:10,12:2:11,12:3:11,20:1:19,20:2:19",2025-10-10 10:22:31
693131,20,114,30,0,11,"11:1:9,12:1:11,13:1:11,13:2:12,13:3:12",2025-10-10 10:22:28
693191,20,114,48,0,18,"14:1:12,17:1:16,18:1:17,19:1:18,20:1:18",2025-10-10 10:19:52
693493,20,114,26,0,10,"10:1:9,11:1:9,12:1:10,12:2:10,12:3:10",2025-10-10 10:02:20
480543,20,114,1,0,1,"2:1:1,2:2:1,2:3:1,3:1:1,3:2:2",2025-10-10 09:57:29
674010,20,114,69,0,25,"23:1:22,25:1:24,25:2:24,26:1:25,27:1:25",2025-10-10 09:42:18
693273,20,114,67,0,24,"21:1:20,21:2:20,23:1:21,25:1:24,26:1:25",2025-10-10 09:28:31
693090,20,114,56,0,20,"20:1:18,20:2:19,21:1:20,21:2:20,22:1:21",2025-10-10 09:17:10
692455,20,114,20,0,9,"6:1:4,7:1:5,8:1:7,9:1:7,11:1:9",2025-10-10 09:09:19
693493,20,114,10,0,5,"5:1:4,6:1:4,7:1:5,7:2:5,7:3:5",2025-10-10 08:57:33
691950,20,114,37,0,14,"7:1:5,7:2:5,14:1:12,14:2:13,16:1:15",2025-10-10 08:38:01
681331,20,114,29,0,11,"11:1:9,12:1:11,13:1:11,13:2:12,13:3:12",2025-10-10 08:23:30
689866,20,114,56,0,20,"19:1:17,21:1:19,21:2:20,21:3:20,22:1:21",2025-10-10 08:18:44
672027,20,114,23,0,9,"6:1:5,7:1:5,8:1:7,10:1:8,11:1:9",2025-10-10 08:16:32
693470,20,114,11,0,4,"4:1:2,4:2:3,5:1:3,5:2:3,6:1:4",2025-10-10 07:40:45
693479,20,114,39,0,15,"12:1:11,16:1:14,16:2:15,16:3:15,17:1:15",2025-10-10 06:39:55
692329,20,114,60,0,21,"20:1:18,20:2:19,21:1:19,21:2:20,23:1:21",2025-10-10 05:59:14
442236,20,114,80,0,28,"28:1:27,29:1:27,29:2:28,29:3:28,30:1:28",2025-10-10 05:56:57
693472,20,114,19,0,8,"6:1:4,7:1:5,7:2:5,8:1:6,10:1:8",2025-10-10 05:43:11
693473,20,114,23,0,9,"10:1:8,10:2:9,11:1:9,11:2:9,11:3:10",2025-10-10 05:43:05
537795,20,114,49,0,18,"17:1:15,18:1:16,18:2:17,19:1:18,20:1:19",2025-10-10 05:29:20
693461,20,114,28,0,11,"5:1:3,6:1:4,11:1:9,11:2:10,13:1:11",2025-10-10 05:12:37
692858,20,114,41,0,15,"11:1:10,14:1:13,14:2:13,15:1:13,17:1:16",2025-10-10 04:42:22
693453,20,114,42,0,16,"14:1:13,15:1:14,16:1:14,17:1:16,18:1:16",2025-10-10 04:40:32
693465,20,114,51,0,19,"12:1:11,18:1:17,19:1:17,20:1:19,21:1:19",2025-10-10 04:22:05
613439,20,114,66,0,24,"20:1:19,21:1:19,21:2:20,25:1:24,26:1:24",2025-10-10 04:15:17
693464,20,114,23,0,9,"9:1:7,9:2:8,10:1:8,10:2:8,11:1:9",2025-10-10 03:52:37
693460,20,114,4,0,3,"4:1:2,4:2:3,5:1:3,5:2:3,5:3:4",2025-10-10 03:47:32
686225,20,114,4,0,3,"4:1:2,4:2:3,5:1:3,5:2:3,5:3:4",2025-10-10 03:41:27
560397,20,114,35,0,12,"12:1:11,13:1:11,13:2:12,14:1:12,14:2:13",2025-10-10 03:39:17
395010,20,114,70,0,24,"19:1:17,23:1:21,24:1:22,24:2:23,26:1:25",2025-10-10 03:33:35
692995,20,114,28,0,11,"8:1:6,10:1:8,10:2:9,13:1:11,13:2:12",2025-10-10 03:32:04
487183,20,114,10,0,5,"6:1:4,6:2:5,7:1:5,7:2:5,7:3:6",2025-10-10 03:27:07
356377,20,114,47,0,17,"14:1:12,14:2:13,14:3:13,17:1:16,19:1:17",2025-10-10 03:21:00
336340,20,114,45,0,17,"12:1:11,15:1:14,18:1:16,18:2:17,19:1:17",2025-10-10 03:15:54
555136,20,114,43,0,15,"8:1:6,8:2:6,16:1:14,17:1:16,17:2:16",2025-10-10 03:09:44
693459,20,114,54,0,19,"20:1:19,20:2:19,21:1:19,21:2:20,21:3:20",2025-10-10 03:09:42
693457,20,114,46,0,17,"17:1:15,17:2:16,18:1:17,18:2:17,19:1:18",2025-10-10 02:55:46
693451,20,114,5,0,4,"4:1:2,5:1:3,5:2:3,5:3:4,6:1:4",2025-10-10 02:51:35
693456,20,114,67,0,23,"21:1:20,24:1:23,25:1:23,25:2:24,25:3:24",2025-10-10 02:48:03
693435,20,114,45,0,16,"13:1:12,17:1:16,17:2:16,18:1:16,18:2:17",2025-10-10 02:47:40
651565,20,114,26,0,10,"11:1:9,12:1:10,12:2:10,12:3:10,12:4:11",2025-10-10 02:33:55
564383,20,114,44,0,16,"13:1:12,14:1:12,14:2:13,17:1:16,18:1:16",2025-10-10 02:21:00
693452,20,114,39,0,15,"14:1:13,15:1:13,15:2:14,15:3:14,17:1:15",2025-10-10 02:10:29
693442,20,114,15,0,7,"7:1:5,7:2:6,8:1:6,8:2:6,9:1:7",2025-10-10 02:04:13
674646,20,114,22,0,9,"6:1:5,9:1:7,10:1:8,11:1:9,11:2:9",2025-10-10 01:56:28
693447,20,114,27,0,11,"10:1:8,12:1:10,12:2:11,13:1:11,13:2:11",2025-10-10 01:48:30
693446,20,114,32,0,12,"12:1:10,12:2:10,13:1:12,14:1:13,14:2:13",2025-10-10 01:47:04
693441,20,114,41,0,15,"12:1:10,15:1:13,16:1:14,17:1:15,17:2:16",2025-10-10 01:46:07
693443,20,114,24,0,10,"6:1:4,6:2:5,8:1:6,10:1:8,12:1:10",2025-10-10 01:45:38
681707,20,114,45,0,16,"11:1:9,11:2:10,12:1:11,13:1:12,18:1:17",2025-10-10 01:44:10
693127,20,114,47,0,17,"14:1:13,14:2:13,15:1:14,18:1:16,19:1:17",2025-10-10 01:39:20
693440,20,114,45,0,16,"11:1:9,14:1:13,17:1:16,18:1:16,18:2:17",2025-10-10 01:33:02
693261,20,114,12,0,5,"5:1:4,6:1:4,6:2:5,7:1:5,7:2:5",2025-10-10 01:09:07
693445,20,114,20,0,8,"9:1:7,9:2:7,10:1:8,10:2:8,10:3:9",2025-10-10 01:06:00
693331,20,114,60,0,22,"20:1:19,21:1:19,21:2:20,21:3:20,24:1:22",2025-10-10 00:40:04
693436,20,114,25,0,10,"9:1:7,11:1:9,11:2:10,12:1:10,12:2:10",2025-10-10 00:36:42
514385,20,114,30,0,10,"11:1:9,11:2:10,12:1:10,12:2:10,12:3:11",2025-10-10 00:33:33
693431,20,114,17,0,8,"2:1:2,6:1:4,7:1:5,8:1:7,10:1:8",2025-10-10 00:19:00
693430,20,114,32,0,12,"12:1:11,12:2:11,13:1:11,13:2:12,14:1:13",2025-10-10 00:14:37
693426,20,114,30,0,12,"10:1:8,11:1:9,12:1:10,13:1:12,14:1:12",2025-10-10 00:13:39
693355,20,114,25,0,10,"10:1:8,11:1:9,11:2:10,12:1:10,12:2:10",2025-10-10 00:03:23
693005,20,114,38,0,14,"11:1:9,11:2:10,12:1:11,14:1:13,16:1:14",2025-10-09 23:57:16
691966,20,114,24,0,10,"4:1:3,10:1:8,10:2:9,11:1:9,12:1:10",2025-10-09 23:52:16
693425,20,114,77,0,27,"27:1:25,27:2:26,28:1:26,28:2:27,29:1:27",2025-10-09 23:48:27
692476,20,114,30,0,11,"6:1:4,7:1:5,13:1:11,13:2:12,13:3:12",2025-10-09 23:44:57
693422,20,114,32,0,12,"8:1:7,13:1:12,13:2:12,14:1:12,14:2:13",2025-10-09 23:42:24
577746,20,114,14,0,6,"5:1:4,6:1:4,6:2:4,7:1:5,8:1:6",2025-10-09 23:37:25
693267,20,114,26,0,10,"11:1:9,12:1:10,12:2:10,12:3:10,12:4:11",2025-10-09 23:11:18
624002,20,114,7,0,3,"2:1:1,2:2:1,2:3:1,5:1:3,5:2:3",2025-10-09 23:10:53
693105,20,114,24,0,9,"7:1:5,7:2:5,10:1:9,11:1:9,11:2:10",2025-10-09 22:59:56
693197,20,114,4,0,3,"4:1:2,4:2:3,5:1:3,5:2:3,5:3:4",2025-10-09 22:59:13
693185,20,114,20,0,9,"6:1:4,6:2:4,6:3:5,10:1:9,11:1:9",2025-10-09 22:46:17
693201,20,114,4,0,3,"4:1:2,4:2:3,5:1:3,5:2:3,5:3:4",2025-10-09 22:43:01
693418,20,114,28,0,11,"5:1:3,11:1:9,11:2:10,12:1:11,13:1:11",2025-10-09 22:42:17
693195,20,114,30,0,12,"9:1:7,11:1:9,12:1:11,12:2:11,14:1:12",2025-10-09 22:32:51
502147,20,114,33,0,12,"12:1:10,12:2:11,13:1:11,13:2:12,14:1:13",2025-10-09 22:20:23
299153,20,114,45,0,16,"14:1:13,16:1:15,17:1:15,17:2:16,18:1:17",2025-10-09 22:16:42
691913,20,114,56,0,20,"19:1:18,21:1:19,21:2:20,21:3:20,22:1:21",2025-10-09 22:14:24
693177,20,114,22,0,10,"10:1:8,10:2:9,11:1:9,11:2:9,12:1:10",2025-10-09 22:11:45
692954,20,114,24,0,9,"5:1:4,10:1:8,11:1:9,11:2:9,11:3:10",2025-10-09 22:07:54
693404,20,114,22,0,9,"4:1:2,4:2:3,5:1:3,5:2:3,11:1:9",2025-10-09 21:56:18
693407,20,114,42,0,16,"8:1:6,14:1:13,15:1:14,17:1:16,18:1:16",2025-10-09 21:53:59
692445,20,114,37,0,13,"7:1:5,8:1:6,8:2:6,14:1:12,15:1:14",2025-10-09 21:51:54
693158,20,114,23,0,10,"6:1:4,8:1:6,9:1:7,10:1:8,12:1:10",2025-10-09 21:35:16
693403,20,114,25,0,10,"10:1:8,11:1:9,11:2:10,12:1:10,12:2:11",2025-10-09 21:25:56
594805,20,114,17,0,7,"6:1:4,6:2:4,6:3:5,7:1:5,9:1:8",2025-10-09 21:07:34
693157,20,114,30,0,12,"12:1:11,12:2:11,13:1:11,13:2:12,14:1:12",2025-10-09 21:02:29
590605,20,114,55,0,19,"18:1:17,19:1:17,19:2:18,21:1:19,21:2:20",2025-10-09 20:44:44
459952,20,114,48,0,17,"13:1:11,18:1:16,18:2:17,18:3:17,19:1:17",2025-10-09 20:33:30
693392,20,114,22,0,9,"9:1:8,10:1:8,11:1:9,11:2:9,11:3:9",2025-10-09 20:19:02
693171,20,114,26,0,10,"5:1:3,9:1:7,12:1:10,12:2:11,12:3:11",2025-10-09 20:13:38
434201,20,114,44,0,15,"13:1:12,13:2:12,14:1:12,17:1:15,17:2:16",2025-10-09 20:13:23
691835,20,114,19,0,8,"6:1:4,8:1:6,9:1:7,10:1:8,10:2:8",2025-10-09 20:13:05
693353,20,114,23,0,10,"4:1:2,6:1:4,11:1:9,12:1:10,12:2:10",2025-10-09 20:03:49
693371,20,114,18,0,7,"8:1:6,8:2:6,9:1:7,9:2:7,9:3:8",2025-10-09 20:00:50
693374,20,114,16,0,7,"7:1:5,8:1:6,8:2:6,8:3:7,9:1:7",2025-10-09 19:54:00
693375,20,114,17,0,8,"4:1:2,5:1:3,9:1:7,9:2:8,10:1:8",2025-10-09 19:53:15
693093,20,114,46,0,16,"14:1:13,15:1:13,18:1:16,18:2:17,18:3:17",2025-10-09 19:51:56
693373,20,114,58,0,21,"20:1:18,21:1:20,21:2:20,22:1:21,23:1:21",2025-10-09 19:46:45
579676,20,114,9,0,4,"2:1:1,2:2:1,2:3:1,3:1:2,6:1:4",2025-10-09 19:44:11
693367,20,114,31,0,12,"11:1:9,12:1:10,12:2:11,13:1:11,14:1:13",2025-10-09 19:32:00
693129,20,114,23,0,10,"9:1:7,10:1:8,10:2:9,11:1:9,12:1:10",2025-10-09 19:21:20
693096,20,114,49,0,18,"12:1:11,18:1:16,18:2:17,19:1:17,20:1:18",2025-10-09 19:12:37
693109,20,114,26,0,10,"8:1:6,9:1:8,11:1:9,12:1:10,12:2:11",2025-10-09 19:11:18
693091,20,114,56,0,20,"8:1:7,20:1:19,21:1:20,21:2:20,22:1:21",2025-10-09 19:02:10
693343,20,114,23,0,9,"10:1:8,10:2:9,11:1:9,11:2:9,11:3:10",2025-10-09 18:57:02
693098,20,114,51,0,19,"14:1:13,18:1:16,18:2:17,18:3:17,21:1:19",2025-10-09 18:56:26
691943,20,114,45,0,16,"14:1:13,15:1:13,17:1:15,17:2:16,18:1:17",2025-10-09 18:52:14
474216,20,114,25,0,10,"11:1:9,11:2:9,11:3:10,12:1:10,12:2:11",2025-10-09 18:31:51
693141,20,114,49,0,18,"16:1:15,18:1:17,19:1:17,20:1:18,20:2:19",2025-10-09 18:24:25
693354,20,114,44,0,16,"13:1:11,13:2:12,18:1:16,18:2:17,18:3:17",2025-10-09 18:17:43
692810,20,114,28,0,10,"10:1:8,11:1:9,12:1:10,12:2:10,12:3:11",2025-10-09 18:12:15
692810,20,114,15,0,6,"5:1:3,7:1:5,7:2:5,7:3:6,8:1:6",2025-10-09 18:10:33
691935,20,114,33,0,13,"11:1:9,12:1:10,12:2:10,14:1:12,15:1:13",2025-10-09 18:07:28
693348,20,114,54,0,19,"14:1:13,19:1:18,21:1:19,21:2:20,21:3:20",2025-10-09 18:05:07
693187,20,114,50,0,18,"18:1:17,19:1:17,19:2:18,20:1:19,20:2:19",2025-10-09 17:55:38
693346,20,114,17,0,7,"7:1:5,8:1:6,8:2:6,8:3:7,9:1:7",2025-10-09 17:55:23
693347,20,114,63,0,23,"23:1:22,24:1:22,24:2:23,24:3:23,25:1:23",2025-10-09 17:50:02
692462,20,114,46,0,17,"17:1:16,18:1:16,18:2:17,19:1:17,19:2:18",2025-10-09 17:29:45
693268,20,114,44,0,16,"14:1:13,15:1:14,17:1:16,18:1:16,18:2:17",2025-10-09 17:22:20
690054,20,114,32,0,12,"12:1:10,12:2:10,13:1:12,13:2:12,14:1:12",2025-10-09 17:18:35
596052,20,114,34,0,13,"12:1:10,13:1:11,14:1:13,15:1:13,15:2:14",2025-10-09 17:18:18
693161,20,114,74,0,26,"26:1:25,26:2:25,27:1:25,27:2:26,28:1:26",2025-10-09 17:09:54
693031,20,114,28,0,11,"12:1:10,12:2:10,12:3:11,12:4:11,13:1:11",2025-10-09 17:06:44
693168,20,114,35,0,13,"12:1:11,13:1:11,13:2:12,13:3:12,15:1:14",2025-10-09 17:03:51
693300,20,114,22,0,9,"9:1:7,9:2:8,11:1:9,11:2:9,11:3:9",2025-10-09 16:58:55
693308,20,114,41,0,15,"13:1:11,13:2:11,16:1:15,17:1:15,17:2:16",2025-10-09 16:47:41
569301,20,114,46,0,16,"7:1:6,8:1:6,14:1:13,18:1:17,18:2:17",2025-10-09 16:41:22
693333,20,114,12,0,5,"5:1:4,7:1:5,7:2:5,7:3:5,7:4:6",2025-10-09 16:29:38
691864,20,114,17,0,7,"8:1:6,8:2:6,8:3:7,9:1:7,9:2:7",2025-10-09 16:29:13
686597,20,114,20,0,8,"7:1:5,7:2:6,8:1:6,8:2:6,10:1:8",2025-10-09 16:18:38
649083,20,114,25,0,10,"9:1:7,10:1:8,10:2:8,10:3:8,12:1:10",2025-10-09 16:16:05
693327,20,114,33,0,13,"6:1:5,12:1:10,13:1:12,14:1:13,15:1:13",2025-10-09 16:13:58
693329,20,114,22,0,9,"7:1:5,7:2:6,11:1:9,11:2:9,11:3:10",2025-10-09 16:11:10
693320,20,114,38,0,14,"14:1:13,15:1:13,15:2:14,15:3:14,16:1:15",2025-10-09 16:08:08
692889,20,114,21,0,9,"8:1:7,9:1:7,9:2:7,10:1:8,11:1:9",2025-10-09 15:59:47
623895,20,114,57,0,21,"13:1:11,20:1:18,21:1:20,21:2:20,23:1:21",2025-10-09 15:57:47
501020,20,114,54,0,19,"16:1:15,17:1:16,20:1:19,21:1:19,21:2:20",2025-10-09 15:50:02
693280,20,114,24,0,10,"8:1:6,9:1:7,11:1:9,11:2:10,12:1:10",2025-10-09 15:48:04
554333,20,114,51,0,19,"17:1:16,19:1:17,20:1:19,20:2:19,21:1:19",2025-10-09 15:29:23
693095,20,114,27,0,10,"10:1:8,11:1:10,12:1:10,12:2:10,12:3:11",2025-10-09 15:29:16
693276,20,114,63,0,22,"20:1:18,20:2:19,20:3:19,24:1:23,24:2:23",2025-10-09 15:21:59
693271,20,114,46,0,17,"17:1:16,18:1:16,18:2:17,18:3:17,19:1:17",2025-10-09 15:05:16
693272,20,114,65,0,23,"21:1:20,24:1:22,24:2:23,24:3:23,25:1:24",2025-10-09 14:24:31
593548,20,114,42,0,15,"12:1:11,13:1:11,14:1:12,17:1:16,17:2:16",2025-10-09 14:23:39
587683,20,114,48,0,17,"11:1:9,13:1:11,17:1:16,19:1:17,19:2:18",2025-10-09 14:23:10
691906,20,114,30,0,11,"8:1:6,9:1:7,12:1:11,13:1:11,13:2:12",2025-10-09 14:22:32
692498,20,114,54,0,19,"16:1:14,17:1:16,18:1:17,20:1:18,21:1:20",2025-10-09 14:18:03
692431,20,114,38,0,14,"12:1:11,15:1:14,16:1:14,16:2:15,16:3:15",2025-10-09 14:11:52
691949,20,114,48,0,18,"14:1:12,15:1:14,16:1:14,18:1:17,20:1:18",2025-10-09 14:06:44
691932,20,114,18,0,8,"8:1:6,8:2:6,9:1:7,9:2:7,10:1:8",2025-10-09 13:51:41
691804,20,114,44,0,16,"15:1:14,17:1:15,17:2:16,18:1:16,18:2:17",2025-10-09 13:51:09
693138,20,114,35,0,13,"12:1:10,12:2:11,14:1:12,14:2:13,15:1:14",2025-10-09 13:51:07
693115,20,114,40,0,15,"12:1:10,12:2:11,14:1:13,16:1:15,17:1:16",2025-10-09 13:42:18
595159,20,114,27,0,10,"9:1:8,11:1:9,12:1:10,12:2:10,12:3:10",2025-10-09 13:40:33
641246,20,114,17,0,7,"2:1:2,7:1:5,8:1:6,8:2:7,9:1:8",2025-10-09 13:35:58
691892,20,114,53,0,19,"17:1:16,19:1:17,20:1:19,20:2:19,21:1:20",2025-10-09 13:35:05
691926,20,114,57,0,20,"19:1:18,20:1:18,21:1:20,21:2:20,22:1:21",2025-10-09 13:21:21
693079,20,114,53,0,18,"12:1:10,19:1:17,20:1:18,20:2:19,20:3:19",2025-10-09 13:13:28
691879,20,114,26,0,11,"11:1:9,11:2:10,12:1:10,12:2:10,13:1:11",2025-10-09 12:43:02
693068,20,114,25,0,10,"11:1:9,12:1:10,12:2:10,12:3:10,12:4:11",2025-10-09 12:32:41
692439,20,114,50,0,18,"2:1:2,14:1:12,15:1:14,20:1:18,20:2:19",2025-10-09 12:07:40
691852,20,114,21,0,9,"9:1:7,9:2:8,10:1:8,10:2:8,11:1:9",2025-10-09 12:00:22
691896,20,114,27,0,11,"9:1:7,10:1:8,12:1:10,12:2:11,13:1:11",2025-10-09 11:20:45
691971,20,114,55,0,19,"20:1:18,20:2:19,21:1:19,21:2:20,21:3:20",2025-10-09 10:09:11
692624,20,114,11,0,5,"6:1:4,6:2:4,7:1:5,7:2:5,7:3:5",2025-10-09 10:02:50
358276,20,114,25,0,10,"9:1:7,10:1:8,12:1:10,12:2:10,12:3:11",2025-10-09 09:48:27
687293,20,114,17,0,8,"6:1:5,8:1:7,9:1:7,10:1:8,10:2:8",2025-10-09 09:10:13
691855,20,114,21,0,9,"9:1:7,9:2:8,10:1:8,10:2:8,11:1:9",2025-10-09 07:31:45
693006,20,114,36,0,13,"12:1:11,13:1:12,14:1:13,15:1:13,15:2:14",2025-10-09 06:40:38
693003,20,114,60,0,21,"19:1:18,19:2:18,20:1:19,21:1:20,23:1:22",2025-10-09 06:35:34
693004,20,114,28,0,11,"9:1:7,11:1:9,12:1:11,12:2:11,13:1:12",2025-10-09 06:14:16
693003,20,114,34,0,13,"13:1:11,13:2:12,14:1:13,14:2:13,15:1:13",2025-10-09 05:45:32
693001,20,114,26,0,10,"11:1:10,12:1:10,12:2:10,12:3:11,12:4:11",2025-10-09 05:16:45
692993,20,114,31,0,12,"13:1:11,13:2:12,13:3:12,14:1:12,14:2:13",2025-10-09 05:03:37
692997,20,114,54,0,19,"20:1:18,20:2:19,21:1:19,21:2:20,21:3:20",2025-10-09 04:55:52
692996,20,114,21,0,8,"6:1:4,9:1:7,9:2:8,10:1:8,10:2:8",2025-10-09 04:46:09
692980,20,114,46,0,17,"14:1:12,14:2:13,17:1:16,18:1:17,19:1:17",2025-10-09 04:05:05
692947,20,114,72,0,25,"21:1:20,21:2:20,27:1:25,27:2:26,27:3:26",2025-10-09 04:04:51
522616,20,114,22,0,9,"9:1:7,9:2:8,11:1:9,11:2:9,11:3:10",2025-10-09 03:53:00
601166,20,114,64,0,22,"19:1:18,20:1:19,23:1:22,23:2:22,24:1:23",2025-10-09 03:46:50
692793,20,114,52,0,19,"19:1:17,19:2:18,19:3:18,21:1:19,21:2:20",2025-10-09 03:46:04
558670,20,114,29,0,11,"11:1:9,11:2:10,12:1:11,12:2:11,13:1:11",2025-10-09 03:40:37
692989,20,114,25,0,10,"8:1:6,11:1:9,12:1:10,12:2:10,12:3:10",2025-10-09 03:14:28
692986,20,114,46,0,17,"17:1:15,17:2:16,17:3:16,19:1:17,19:2:18",2025-10-09 02:59:29
686230,20,114,61,0,21,"18:1:17,19:1:18,20:1:18,21:1:20,23:1:22",2025-10-09 02:43:00
692983,20,114,28,0,10,"6:1:5,7:1:5,7:2:5,11:1:10,12:1:10",2025-10-09 02:40:53
691925,20,114,36,0,14,"9:1:8,13:1:11,13:2:12,14:1:13,16:1:14",2025-10-09 02:28:18
692978,20,114,26,0,10,"9:1:7,12:1:10,12:2:10,12:3:11,12:4:11",2025-10-09 02:23:10
692974,20,114,40,0,15,"13:1:11,13:2:12,13:3:12,16:1:15,17:1:15",2025-10-09 02:20:19
603290,20,114,46,0,17,"14:1:12,18:1:16,18:2:17,18:3:17,19:1:17",2025-10-09 02:18:45
692988,20,114,35,0,13,"12:1:10,13:1:11,13:2:12,14:1:13,15:1:13",2025-10-09 02:09:24
691621,20,114,28,0,11,"12:1:10,12:2:11,13:1:11,13:2:11,13:3:12",2025-10-09 02:01:22
560606,20,114,53,0,19,"13:1:12,14:1:13,19:1:17,20:1:19,21:1:19",2025-10-09 01:49:23
692825,20,114,48,0,17,"14:1:12,17:1:16,17:2:16,19:1:18,19:2:18",2025-10-09 01:36:16
622123,20,114,77,0,27,"17:1:15,17:2:16,24:1:23,25:1:23,29:1:27",2025-10-09 01:33:48
644304,20,114,28,0,10,"10:1:8,11:1:9,11:2:9,12:1:10,12:2:11",2025-10-09 01:30:16
692966,20,114,41,0,15,"14:1:13,16:1:15,16:2:15,17:1:15,17:2:16",2025-10-09 01:20:47
560668,20,114,31,0,11,"11:1:9,11:2:10,12:1:10,12:2:11,13:1:11",2025-10-09 01:12:50
692968,20,114,48,0,18,"11:1:9,13:1:11,19:1:17,19:2:18,20:1:18",2025-10-09 01:12:35
692373,20,114,28,0,11,"11:1:9,11:2:10,12:1:10,12:2:10,13:1:11",2025-10-09 01:07:31
574061,20,114,0,0,1,"2:1:1,2:2:1,2:3:1,3:1:1,3:2:2",2025-10-09 00:56:44
692948,20,114,15,0,7,"6:1:4,8:1:6,8:2:6,9:1:7,9:2:7",2025-10-09 00:56:10
692965,20,114,45,0,17,"14:1:13,15:1:14,18:1:16,18:2:17,19:1:17",2025-10-09 00:54:34
692961,20,114,19,0,8,"7:1:5,9:1:7,9:2:7,9:3:8,10:1:8",2025-10-09 00:50:25
692940,20,114,41,0,15,"11:1:9,12:1:10,12:2:10,13:1:11,17:1:16",2025-10-09 00:37:49
692933,20,114,25,0,10,"11:1:9,11:2:9,12:1:10,12:2:10,12:3:11",2025-10-09 00:35:54
692941,20,114,40,0,15,"12:1:10,12:2:11,13:1:11,15:1:14,17:1:16",2025-10-09 00:31:50
692955,20,114,56,0,20,"13:1:12,18:1:17,19:1:17,21:1:20,22:1:21",2025-10-09 00:29:47
692938,20,114,13,0,6,"7:1:5,7:2:5,7:3:6,8:1:6,8:2:7",2025-10-09 00:29:34
692963,20,114,26,0,10,"8:1:6,8:2:6,11:1:9,11:2:9,12:1:10",2025-10-09 00:18:55
692875,20,114,19,0,8,"7:1:5,7:2:5,7:3:5,7:4:6,10:1:8",2025-10-09 00:10:21
692944,20,114,6,0,4,"4:1:2,4:2:3,5:1:3,5:2:4,6:1:4",2025-10-09 00:10:05
692953,20,114,31,0,12,"6:1:5,12:1:10,13:1:11,13:2:12,14:1:13",2025-10-09 00:02:48
692959,20,114,26,0,10,"9:1:7,11:1:10,12:1:10,12:2:10,12:3:11",2025-10-08 23:59:18
422807,20,114,28,0,10,"4:1:2,10:1:9,12:1:10,12:2:10,12:3:11",2025-10-08 23:56:41
692964,20,114,14,0,6,"7:1:5,7:2:6,8:1:6,8:2:6,8:3:7",2025-10-08 23:55:57
692962,20,114,26,0,10,"11:1:9,12:1:10,12:2:10,12:3:11,12:4:11",2025-10-08 23:54:53
691876,20,114,50,0,18,"14:1:12,14:2:13,17:1:16,20:1:18,20:2:19",2025-10-08 23:43:16
503633,20,114,21,0,8,"5:1:4,6:1:5,7:1:5,8:1:6,10:1:8",2025-10-08 23:39:38
692946,20,114,12,0,6,"5:1:4,6:1:4,6:2:5,7:1:6,8:1:6",2025-10-08 23:38:42
692934,20,114,30,0,12,"12:1:10,12:2:10,13:1:11,13:2:12,14:1:12",2025-10-08 23:30:28
463845,20,114,48,0,18,"15:1:13,19:1:17,19:2:18,19:3:18,20:1:18",2025-10-08 23:17:17
692864,20,114,31,0,12,"8:1:6,8:2:6,11:1:10,14:1:12,14:2:13",2025-10-08 23:00:42
658976,20,114,22,0,8,"8:1:7,9:1:7,9:2:7,9:3:8,10:1:8",2025-10-08 22:59:31
475578,20,114,47,0,17,"11:1:10,15:1:14,17:1:15,18:1:17,19:1:17",2025-10-08 22:57:36
692923,20,114,28,0,11,"6:1:5,11:1:9,12:1:10,13:1:11,13:2:11",2025-10-08 22:52:32
692929,20,114,33,0,13,"12:1:11,12:2:11,13:1:11,14:1:12,15:1:13",2025-10-08 22:50:24
689450,20,114,34,0,12,"11:1:9,11:2:10,13:1:12,13:2:12,14:1:13",2025-10-08 22:49:43
692468,20,114,26,0,10,"11:1:9,11:2:10,12:1:10,12:2:10,12:3:11",2025-10-08 22:48:55
691921,20,114,26,0,10,"6:1:5,8:1:6,9:1:8,11:1:9,12:1:11",2025-10-08 22:40:03
525157,20,114,22,0,10,"6:1:5,8:1:6,11:1:9,11:2:9,12:1:10",2025-10-08 22:38:36
692928,20,114,41,0,15,"8:1:6,10:1:8,14:1:13,15:1:14,17:1:16",2025-10-08 22:36:24
692478,20,114,43,0,16,"7:1:5,11:1:10,16:1:14,18:1:16,18:2:17",2025-10-08 22:36:21
692922,20,114,28,0,11,"12:1:10,12:2:11,12:3:11,13:1:11,13:2:12",2025-10-08 22:23:10
588960,20,114,51,0,18,"14:1:13,15:1:14,18:1:16,19:1:17,20:1:18",2025-10-08 22:19:39
