participant_id,item_id,response
145837,1,1
145837,2,1
145837,3,1
145837,4,1
145837,5,1
145837,6,1
145837,7,1
145837,8,1
145837,9,1
145837,10,1
145837,11,1
145837,12,1
145837,13,1
145837,14,1
145837,15,1
168052,1,1
168052,2,1
168052,3,1
168052,4,1
168052,5,1
168052,6,1
168052,7,1
168052,8,1
168052,9,1
168052,10,0
168052,11,0
176494,1,1
176494,2,1
176494,3,1
176494,4,1
176494,5,1
176494,6,1
176494,7,1
176494,8,1
176494,9,0
176494,10,0
327467,1,1
327467,2,1
327467,3,1
327467,4,1
327467,5,1
327467,6,1
327467,7,1
327467,8,1
327467,9,0
327467,10,0
327574,1,1
327574,2,1
327574,3,1
327574,4,1
327574,5,1
327574,6,1
327574,7,1
327574,8,0
327574,9,0
335529,1,1
335529,2,1
335529,3,1
335529,4,1
335529,5,1
335529,6,1
335529,7,1
335529,8,1
335529,9,1
335529,10,1
335529,11,1
335529,12,1
335529,13,1
335529,14,1
335529,15,0
343441,1,1
343441,2,1
343441,3,1
343441,4,1
343441,5,1
343441,6,1
343441,7,1
343441,8,1
343441,9,0
343441,10,0
370963,1,1
370963,2,1
370963,3,1
370963,4,1
370963,5,1
370963,6,1
370963,7,1
370963,8,1
370963,9,1
370963,10,1
370963,11,1
370963,12,1
370963,13,1
370963,14,1
370963,15,1
383340,1,1
383340,2,1
383340,3,1
383340,4,1
383340,5,1
383340,6,1
383340,7,1
383340,8,1
383340,9,1
383340,10,0
383340,11,0
417017,1,1
417017,2,1
417017,3,1
417017,4,1
417017,5,1
417017,6,1
417017,7,1
417017,8,1
417017,9,1
417017,10,1
417017,11,1
417017,12,1
417017,13,1
417017,14,1
417017,15,1
423851,1,1
423851,2,1
423851,3,1
423851,4,1
423851,5,1
423851,6,1
423851,7,1
423851,8,1
423851,9,1
423851,10,1
423851,11,1
423851,12,1
423851,13,1
423851,14,1
423851,15,0
430031,1,1
430031,2,1
430031,3,1
430031,4,1
430031,5,1
430031,6,0
430031,7,0
431290,1,1
431290,2,1
431290,3,1
431290,4,1
431290,5,1
431290,6,1
431290,7,1
431290,8,1
431290,9,0
431290,10,0
433749,1,1
433749,2,1
433749,3,1
433749,4,1
433749,5,1
433749,6,1
433749,7,1
433749,8,1
433749,9,0
433749,10,0
446287,1,1
446287,2,1
446287,3,1
446287,4,1
446287,5,1
446287,6,1
446287,7,1
446287,8,1
446287,9,0
446287,10,0
448818,1,1
448818,2,1
448818,3,1
448818,4,1
448818,5,1
448818,6,1
448818,7,1
448818,8,1
448818,9,0
448818,10,0
448834,1,1
448834,2,1
448834,3,1
448834,4,1
448834,5,1
448834,6,1
448834,7,1
448834,8,1
448834,9,0
448834,10,0
450561,1,1
450561,2,1
450561,3,1
450561,4,1
450561,5,1
450561,6,1
450561,7,1
450561,8,1
450561,9,1
450561,10,1
450561,11,0
450561,12,0
456167,1,1
456167,2,1
456167,3,1
456167,4,1
456167,5,1
456167,6,1
456167,7,1
456167,8,1
456167,9,0
456167,10,0
467137,1,1
467137,2,1
467137,3,1
467137,4,1
467137,5,1
467137,6,1
467137,7,1
467137,8,1
467137,9,1
467137,10,1
467137,11,1
467137,12,1
467137,13,1
467137,14,1
467137,15,1
471986,1,1
471986,2,1
471986,3,1
471986,4,1
471986,5,1
471986,6,1
471986,7,1
471986,8,0
471986,9,0
488558,1,1
488558,2,1
488558,3,1
488558,4,1
488558,5,1
488558,6,1
488558,7,1
488558,8,1
488558,9,1
488558,10,1
488558,11,0
488558,12,0
488577,1,1
488577,2,1
488577,3,1
488577,4,1
488577,5,1
488577,6,1
488577,7,1
488577,8,1
488577,9,1
488577,10,1
488577,11,1
488577,12,1
488577,13,1
488577,14,0
488577,15,0
492392,1,1
492392,2,1
492392,3,1
492392,4,1
492392,5,1
492392,6,1
492392,7,1
492392,8,0
492392,9,0
493068,1,1
493068,2,1
493068,3,1
493068,4,1
493068,5,1
493068,6,1
493068,7,1
493068,8,0
493068,9,0
497396,1,1
497396,2,1
497396,3,1
497396,4,1
497396,5,1
497396,6,1
497396,7,1
497396,8,1
497396,9,1
497396,10,0
497396,11,0
507210,1,1
507210,2,1
507210,3,1
507210,4,1
507210,5,1
507210,6,1
507210,7,1
507210,8,1
507210,9,0
507210,10,0
510428,1,1
510428,2,1
510428,3,1
510428,4,1
510428,5,1
510428,6,1
510428,7,0
510428,8,0
520029,1,1
520029,2,1
520029,3,1
520029,4,1
520029,5,1
520029,6,1
520029,7,1
520029,8,0
520029,9,0
523750,1,1
523750,2,1
523750,3,1
523750,4,1
523750,5,1
523750,6,1
523750,7,1
523750,8,1
523750,9,1
523750,10,1
523750,11,1
523750,12,1
523750,13,1
523750,14,1
523750,15,1
524067,1,1
524067,2,1
524067,3,1
524067,4,1
524067,5,1
524067,6,1
524067,7,1
524067,8,0
524067,9,0
526980,1,1
526980,2,1
526980,3,1
526980,4,1
526980,5,1
526980,6,1
526980,7,1
526980,8,0
526980,9,0
547036,1,1
547036,2,1
547036,3,1
547036,4,1
547036,5,1
547036,6,1
547036,7,1
547036,8,0
547036,9,0
591921,1,1
591921,2,1
591921,3,1
591921,4,1
591921,5,1
591921,6,1
591921,7,1
591921,8,1
591921,9,1
591921,10,1
591921,11,0
591921,12,0
601166,1,1
601166,2,1
601166,3,1
601166,4,1
601166,5,1
601166,6,1
601166,7,1
601166,8,0
601166,9,0
615181,1,1
615181,2,1
615181,3,1
615181,4,1
615181,5,1
615181,6,1
615181,7,1
615181,8,1
615181,9,0
615181,10,0
616942,1,1
616942,2,1
616942,3,1
616942,4,1
616942,5,1
616942,6,1
616942,7,0
616942,8,0
621485,1,1
621485,2,1
621485,3,1
621485,4,1
621485,5,1
621485,6,1
621485,7,1
621485,8,1
621485,9,1
621485,10,1
621485,11,1
621485,12,1
621485,13,1
621485,14,1
621485,15,1
623155,1,1
623155,2,1
623155,3,1
623155,4,1
623155,5,1
623155,6,1
623155,7,1
623155,8,1
623155,9,1
623155,10,1
623155,11,1
623155,12,1
623155,13,1
623155,14,1
623155,15,1
624294,1,1
624294,2,1
624294,3,1
624294,4,1
624294,5,1
624294,6,1
624294,7,1
624294,8,0
624294,9,0
627038,1,1
627038,2,1
627038,3,1
627038,4,1
627038,5,1
627038,6,1
627038,7,1
627038,8,1
627038,9,0
627038,10,0
628117,1,1
628117,2,1
628117,3,1
628117,4,1
628117,5,1
628117,6,1
628117,7,1
628117,8,1
628117,9,0
628117,10,0
640395,1,1
640395,2,1
640395,3,1
640395,4,1
640395,5,1
640395,6,1
640395,7,1
640395,8,1
640395,9,0
640395,10,0
641246,1,1
641246,2,1
641246,3,1
641246,4,1
641246,5,1
641246,6,1
641246,7,1
641246,8,1
641246,9,0
641246,10,0
642958,1,1
642958,2,1
642958,3,1
642958,4,1
642958,5,1
642958,6,1
642958,7,1
642958,8,1
642958,9,1
642958,10,0
642958,11,0
647165,1,1
647165,2,1
647165,3,1
647165,4,1
647165,5,1
647165,6,0
647165,7,0
648992,1,1
648992,2,1
648992,3,1
648992,4,1
648992,5,1
648992,6,1
648992,7,1
648992,8,1
648992,9,0
648992,10,0
657356,1,1
657356,2,1
657356,3,1
657356,4,1
657356,5,1
657356,6,1
657356,7,1
657356,8,1
657356,9,1
657356,10,0
657356,11,0
659527,1,1
659527,2,1
659527,3,1
659527,4,1
659527,5,1
659527,6,1
659527,7,1
659527,8,0
659527,9,0
662795,1,1
662795,2,1
662795,3,1
662795,4,1
662795,5,1
662795,6,1
662795,7,1
662795,8,1
662795,9,0
662795,10,0
663447,1,1
663447,2,1
663447,3,1
663447,4,1
663447,5,1
663447,6,1
663447,7,1
663447,8,1
663447,9,1
663447,10,1
663447,11,1
663447,12,1
663447,13,1
663447,14,1
663447,15,1
664110,1,1
664110,2,1
664110,3,1
664110,4,1
664110,5,1
664110,6,1
664110,7,1
664110,8,1
664110,9,1
664110,10,1
664110,11,1
664110,12,0
664110,13,0
664606,1,1
664606,2,1
664606,3,1
664606,4,1
664606,5,1
664606,6,1
664606,7,1
664606,8,1
664606,9,0
664606,10,0
666837,1,1
666837,2,1
666837,3,1
666837,4,1
666837,5,1
666837,6,0
666837,7,0
669596,1,1
669596,2,1
669596,3,1
669596,4,1
669596,5,1
669596,6,1
669596,7,1
669596,8,0
669596,9,0
672742,1,1
672742,2,1
672742,3,1
672742,4,1
672742,5,1
672742,6,0
672742,7,0
674529,1,1
674529,2,1
674529,3,1
674529,4,1
674529,5,1
674529,6,1
674529,7,1
674529,8,1
674529,9,0
674529,10,0
675322,1,1
675322,2,1
675322,3,1
675322,4,1
675322,5,1
675322,6,1
675322,7,1
675322,8,1
675322,9,1
675322,10,0
675322,11,0
675485,1,1
675485,2,1
675485,3,1
675485,4,1
675485,5,1
675485,6,1
675485,7,1
675485,8,0
675485,9,0
675510,1,1
675510,2,1
675510,3,1
675510,4,1
675510,5,1
675510,6,1
675510,7,1
675510,8,0
675510,9,0
675511,1,1
675511,2,1
675511,3,1
675511,4,1
675511,5,1
675511,6,0
675511,7,0
675528,1,1
675528,2,1
675528,3,1
675528,4,1
675528,5,1
675528,6,1
675528,7,1
675528,8,1
675528,9,0
675528,10,0
676115,1,1
676115,2,1
676115,3,1
676115,4,1
676115,5,1
676115,6,1
676115,7,1
676115,8,1
676115,9,1
676115,10,1
676115,11,1
676115,12,1
676115,13,1
676115,14,1
676115,15,1
676134,1,1
676134,2,1
676134,3,1
676134,4,1
676134,5,1
676134,6,1
676134,7,1
676134,8,0
676134,9,0
676179,1,1
676179,2,1
676179,3,1
676179,4,1
676179,5,1
676179,6,1
676179,7,1
676179,8,1
676179,9,0
676179,10,0
676375,1,1
676375,2,1
676375,3,1
676375,4,1
676375,5,1
676375,6,1
676375,7,0
676375,8,0
676388,1,1
676388,2,1
676388,3,1
676388,4,1
676388,5,1
676388,6,1
676388,7,1
676388,8,1
676388,9,0
676388,10,0
676486,1,1
676486,2,1
676486,3,1
676486,4,1
676486,5,1
676486,6,1
676486,7,1
676486,8,0
676486,9,0
676490,1,1
676490,2,1
676490,3,1
676490,4,1
676490,5,1
676490,6,1
676490,7,1
676490,8,1
676490,9,0
676490,10,0
676715,1,1
676715,2,1
676715,3,1
676715,4,1
676715,5,1
676715,6,1
676715,7,1
676715,8,1
676715,9,1
676715,10,0
676715,11,0
676888,1,1
676888,2,1
676888,3,1
676888,4,1
676888,5,1
676888,6,1
676888,7,1
676888,8,1
676888,9,1
676888,10,0
676888,11,0
677016,1,1
677016,2,1
677016,3,1
677016,4,1
677016,5,1
677016,6,1
677016,7,1
677016,8,1
677016,9,0
677016,10,0
677023,1,1
677023,2,1
677023,3,1
677023,4,1
677023,5,1
677023,6,1
677023,7,1
677023,8,0
677023,9,0
677087,1,1
677087,2,1
677087,3,1
677087,4,1
677087,5,1
677087,6,1
677087,7,1
677087,8,1
677087,9,0
677087,10,0
677120,1,1
677120,2,1
677120,3,1
677120,4,1
677120,5,1
677120,6,1
677120,7,1
677120,8,0
677120,9,0
677134,1,1
677134,2,1
677134,3,1
677134,4,1
677134,5,1
677134,6,1
677134,7,1
677134,8,1
677134,9,1
677134,10,1
677134,11,0
677134,12,0
677135,1,1
677135,2,1
677135,3,1
677135,4,1
677135,5,1
677135,6,1
677135,7,1
677135,8,1
677135,9,1
677135,10,0
677135,11,0
677143,1,1
677143,2,1
677143,3,1
677143,4,1
677143,5,1
677143,6,1
677143,7,1
677143,8,1
677143,9,0
677143,10,0
677145,1,1
677145,2,1
677145,3,1
677145,4,1
677145,5,1
677145,6,1
677145,7,1
677145,8,1
677145,9,1
677145,10,0
677145,11,0
677150,1,1
677150,2,1
677150,3,1
677150,4,1
677150,5,1
677150,6,1
677150,7,1
677150,8,1
677150,9,1
677150,10,1
677150,11,1
677150,12,0
677150,13,0
677156,1,1
677156,2,1
677156,3,1
677156,4,1
677156,5,1
677156,6,1
677156,7,1
677156,8,0
677156,9,0
677158,1,1
677158,2,1
677158,3,1
677158,4,1
677158,5,1
677158,6,1
677158,7,1
677158,8,1
677158,9,1
677158,10,0
677158,11,0
677160,1,1
677160,2,1
677160,3,1
677160,4,1
677160,5,1
677160,6,1
677160,7,1
677160,8,1
677160,9,0
677160,10,0
677172,1,1
677172,2,1
677172,3,1
677172,4,1
677172,5,1
677172,6,1
677172,7,1
677172,8,1
677172,9,1
677172,10,0
677172,11,0
677173,1,1
677173,2,1
677173,3,1
677173,4,1
677173,5,1
677173,6,1
677173,7,1
677173,8,1
677173,9,0
677173,10,0
677182,1,1
677182,2,1
677182,3,1
677182,4,1
677182,5,1
677182,6,1
677182,7,1
677182,8,1
677182,9,1
677182,10,0
677182,11,0
677206,1,1
677206,2,1
677206,3,1
677206,4,1
677206,5,1
677206,6,1
677206,7,1
677206,8,1
677206,9,1
677206,10,0
677206,11,0
677257,1,1
677257,2,1
677257,3,1
677257,4,1
677257,5,1
677257,6,1
677257,7,1
677257,8,1
677257,9,1
677257,10,1
677257,11,1
677257,12,0
677257,13,0
677271,1,1
677271,2,1
677271,3,1
677271,4,1
677271,5,1
677271,6,1
677271,7,1
677271,8,1
677271,9,0
677271,10,0
677273,1,1
677273,2,1
677273,3,1
677273,4,1
677273,5,1
677273,6,1
677273,7,1
677273,8,0
677273,9,0
677276,1,1
677276,2,1
677276,3,1
677276,4,1
677276,5,1
677276,6,1
677276,7,1
677276,8,1
677276,9,0
677276,10,0
677363,1,1
677363,2,1
677363,3,1
677363,4,1
677363,5,1
677363,6,1
677363,7,1
677363,8,1
677363,9,1
677363,10,0
677363,11,0
677372,1,1
677372,2,1
677372,3,1
677372,4,1
677372,5,1
677372,6,1
677372,7,1
677372,8,0
677372,9,0
677378,1,1
677378,2,1
677378,3,1
677378,4,1
677378,5,1
677378,6,1
677378,7,1
677378,8,0
677378,9,0
677382,1,1
677382,2,1
677382,3,1
677382,4,1
677382,5,1
677382,6,1
677382,7,1
677382,8,1
677382,9,1
677382,10,1
677382,11,1
677382,12,0
677382,13,0
677385,1,1
677385,2,1
677385,3,1
677385,4,1
677385,5,1
677385,6,1
677385,7,1
677385,8,1
677385,9,1
677385,10,1
677385,11,0
677385,12,0
677393,1,1
677393,2,1
677393,3,1
677393,4,1
677393,5,1
677393,6,1
677393,7,1
677393,8,1
677393,9,1
677393,10,1
677393,11,1
677393,12,1
677393,13,1
677393,14,1
677393,15,1
677421,1,1
677421,2,1
677421,3,1
677421,4,1
677421,5,1
677421,6,1
677421,7,1
677421,8,1
677421,9,0
677421,10,0
677432,1,1
677432,2,1
677432,3,1
677432,4,1
677432,5,1
677432,6,1
677432,7,1
677432,8,1
677432,9,1
677432,10,1
677432,11,1
677432,12,1
677432,13,1
677432,14,1
677432,15,0
677467,1,1
677467,2,1
677467,3,1
677467,4,1
677467,5,1
677467,6,1
677467,7,1
677467,8,1
677467,9,1
677467,10,0
677467,11,0
677582,1,1
677582,2,1
677582,3,1
677582,4,1
677582,5,1
677582,6,1
677582,7,1
677582,8,0
677582,9,0
677641,1,1
677641,2,1
677641,3,1
677641,4,1
677641,5,1
677641,6,1
677641,7,1
677641,8,1
677641,9,1
677641,10,1
677641,11,1
677641,12,1
677641,13,1
677641,14,1
677641,15,1
677642,1,1
677642,2,1
677642,3,1
677642,4,1
677642,5,1
677642,6,1
677642,7,1
677642,8,0
677642,9,0
677644,1,1
677644,2,1
677644,3,1
677644,4,1
677644,5,1
677644,6,1
677644,7,1
677644,8,0
677644,9,0
677650,1,1
677650,2,1
677650,3,1
677650,4,1
677650,5,1
677650,6,1
677650,7,1
677650,8,1
677650,9,1
677650,10,1
677650,11,1
677650,12,1
677650,13,1
677650,14,0
677650,15,0
677657,1,1
677657,2,1
677657,3,1
677657,4,1
677657,5,1
677657,6,1
677657,7,1
677657,8,0
677657,9,0
677660,1,1
677660,2,1
677660,3,1
677660,4,1
677660,5,1
677660,6,1
677660,7,1
677660,8,1
677660,9,0
677660,10,0
677669,1,1
677669,2,1
677669,3,1
677669,4,1
677669,5,1
677669,6,1
677669,7,1
677669,8,1
677669,9,0
677669,10,0
677672,1,1
677672,2,1
677672,3,1
677672,4,1
677672,5,1
677672,6,1
677672,7,1
677672,8,1
677672,9,1
677672,10,1
677672,11,1
677672,12,1
677672,13,1
677672,14,0
677672,15,0
677683,1,1
677683,2,1
677683,3,1
677683,4,1
677683,5,1
677683,6,1
677683,7,1
677683,8,1
677683,9,1
677683,10,0
677683,11,0
677689,1,1
677689,2,1
677689,3,1
677689,4,1
677689,5,1
677689,6,1
677689,7,1
677689,8,1
677689,9,0
677689,10,0
677695,1,1
677695,2,1
677695,3,1
677695,4,1
677695,5,1
677695,6,1
677695,7,1
677695,8,1
677695,9,1
677695,10,0
677695,11,0
677699,1,1
677699,2,1
677699,3,1
677699,4,1
677699,5,1
677699,6,1
677699,7,1
677699,8,1
677699,9,0
677699,10,0
677701,1,1
677701,2,1
677701,3,1
677701,4,1
677701,5,1
677701,6,1
677701,7,1
677701,8,1
677701,9,1
677701,10,0
677701,11,0
677715,1,1
677715,2,1
677715,3,1
677715,4,1
677715,5,1
677715,6,1
677715,7,1
677715,8,1
677715,9,0
677715,10,0
677723,1,1
677723,2,1
677723,3,1
677723,4,1
677723,5,1
677723,6,1
677723,7,0
677723,8,0
677727,1,1
677727,2,1
677727,3,1
677727,4,1
677727,5,1
677727,6,1
677727,7,1
677727,8,1
677727,9,1
677727,10,0
677727,11,0
677731,1,1
677731,2,1
677731,3,1
677731,4,1
677731,5,1
677731,6,1
677731,7,0
677731,8,0
677752,1,1
677752,2,1
677752,3,1
677752,4,1
677752,5,1
677752,6,1
677752,7,1
677752,8,1
677752,9,0
677752,10,0
677769,1,1
677769,2,1
677769,3,1
677769,4,1
677769,5,1
677769,6,1
677769,7,1
677769,8,0
677769,9,0
677772,1,1
677772,2,1
677772,3,1
677772,4,1
677772,5,1
677772,6,1
677772,7,1
677772,8,1
677772,9,1
677772,10,1
677772,11,1
677772,12,1
677772,13,1
677772,14,1
677772,15,1
677795,1,1
677795,2,1
677795,3,1
677795,4,1
677795,5,1
677795,6,1
677795,7,1
677795,8,1
677795,9,0
677795,10,0
677825,1,1
677825,2,1
677825,3,1
677825,4,1
677825,5,1
677825,6,1
677825,7,1
677825,8,1
677825,9,1
677825,10,1
677825,11,1
677825,12,1
677825,13,0
677825,14,0
677827,1,1
677827,2,1
677827,3,1
677827,4,1
677827,5,1
677827,6,1
677827,7,1
677827,8,1
677827,9,1
677827,10,0
677827,11,0
677858,1,1
677858,2,1
677858,3,1
677858,4,1
677858,5,1
677858,6,1
677858,7,1
677858,8,0
677858,9,0
677861,1,1
677861,2,1
677861,3,1
677861,4,1
677861,5,1
677861,6,1
677861,7,1
677861,8,1
677861,9,1
677861,10,1
677861,11,1
677861,12,1
677861,13,1
677861,14,1
677861,15,1
677864,1,1
677864,2,1
677864,3,1
677864,4,1
677864,5,1
677864,6,1
677864,7,1
677864,8,1
677864,9,1
677864,10,1
677864,11,1
677864,12,1
677864,13,1
677864,14,1
677864,15,1
677886,1,1
677886,2,1
677886,3,1
677886,4,1
677886,5,1
677886,6,1
677886,7,1
677886,8,1
677886,9,0
677886,10,0
677928,1,1
677928,2,1
677928,3,1
677928,4,1
677928,5,1
677928,6,0
677928,7,0
677949,1,1
677949,2,1
677949,3,1
677949,4,1
677949,5,1
677949,6,1
677949,7,1
677949,8,1
677949,9,1
677949,10,1
677949,11,1
677949,12,0
677949,13,0
677951,1,1
677951,2,1
677951,3,1
677951,4,1
677951,5,1
677951,6,1
677951,7,0
677951,8,0
678017,1,1
678017,2,1
678017,3,1
678017,4,1
678017,5,1
678017,6,1
678017,7,1
678017,8,1
678017,9,0
678017,10,0
678036,1,1
678036,2,1
678036,3,1
678036,4,1
678036,5,1
678036,6,1
678036,7,1
678036,8,1
678036,9,1
678036,10,1
678036,11,0
678036,12,0
678079,1,1
678079,2,1
678079,3,1
678079,4,1
678079,5,1
678079,6,1
678079,7,1
678079,8,1
678079,9,1
678079,10,1
678079,11,1
678079,12,1
678079,13,1
678079,14,1
678079,15,1
678103,1,1
678103,2,1
678103,3,1
678103,4,1
678103,5,1
678103,6,1
678103,7,1
678103,8,1
678103,9,1
678103,10,1
678103,11,1
678103,12,0
678103,13,0
678146,1,1
678146,2,1
678146,3,1
678146,4,1
678146,5,1
678146,6,1
678146,7,1
678146,8,1
678146,9,1
678146,10,0
678146,11,0
678195,1,1
678195,2,1
678195,3,1
678195,4,1
678195,5,1
678195,6,1
678195,7,1
678195,8,1
678195,9,1
678195,10,1
678195,11,1
678195,12,0
678195,13,0
678327,1,1
678327,2,1
678327,3,1
678327,4,1
678327,5,1
678327,6,1
678327,7,1
678327,8,0
678327,9,0
678415,1,1
678415,2,1
678415,3,1
678415,4,1
678415,5,1
678415,6,1
678415,7,1
678415,8,1
678415,9,1
678415,10,1
678415,11,1
678415,12,1
678415,13,1
678415,14,1
678415,15,1
678570,1,1
678570,2,1
678570,3,1
678570,4,1
678570,5,1
678570,6,1
678570,7,1
678570,8,1
678570,9,1
678570,10,0
678570,11,0
678582,1,1
678582,2,1
678582,3,1
678582,4,1
678582,5,1
678582,6,1
678582,7,1
678582,8,1
678582,9,1
678582,10,1
678582,11,1
678582,12,1
678582,13,0
678582,14,0
678600,1,1
678600,2,1
678600,3,1
678600,4,1
678600,5,1
678600,6,1
678600,7,1
678600,8,0
678600,9,0
678604,1,1
678604,2,1
678604,3,1
678604,4,1
678604,5,1
678604,6,1
678604,7,1
678604,8,0
678604,9,0
678608,1,1
678608,2,1
678608,3,1
678608,4,1
678608,5,1
678608,6,1
678608,7,1
678608,8,1
678608,9,1
678608,10,0
678608,11,0
678615,1,1
678615,2,1
678615,3,1
678615,4,1
678615,5,1
678615,6,1
678615,7,0
678615,8,0
678630,1,1
678630,2,1
678630,3,1
678630,4,1
678630,5,1
678630,6,1
678630,7,1
678630,8,1
678630,9,1
678630,10,1
678630,11,1
678630,12,1
678630,13,1
678630,14,1
678630,15,1
678635,1,1
678635,2,1
678635,3,1
678635,4,1
678635,5,1
678635,6,1
678635,7,1
678635,8,1
678635,9,1
678635,10,1
678635,11,0
678635,12,0
678647,1,1
678647,2,1
678647,3,1
678647,4,1
678647,5,1
678647,6,1
678647,7,1
678647,8,1
678647,9,1
678647,10,1
678647,11,1
678647,12,1
678647,13,1
678647,14,0
678647,15,0
678656,1,1
678656,2,1
678656,3,1
678656,4,1
678656,5,1
678656,6,1
678656,7,1
678656,8,1
678656,9,1
678656,10,0
678656,11,0
678665,1,1
678665,2,1
678665,3,1
678665,4,1
678665,5,1
678665,6,1
678665,7,1
678665,8,1
678665,9,1
678665,10,0
678665,11,0
678679,1,1
678679,2,1
678679,3,1
678679,4,1
678679,5,1
678679,6,1
678679,7,1
678679,8,1
678679,9,1
678679,10,0
678679,11,0
678690,1,1
678690,2,1
678690,3,1
678690,4,1
678690,5,1
678690,6,1
678690,7,1
678690,8,0
678690,9,0
678697,1,1
678697,2,1
678697,3,1
678697,4,1
678697,5,1
678697,6,1
678697,7,1
678697,8,1
678697,9,1
678697,10,1
678697,11,0
678697,12,0
678718,1,1
678718,2,1
678718,3,1
678718,4,1
678718,5,1
678718,6,1
678718,7,1
678718,8,1
678718,9,1
678718,10,1
678718,11,0
678718,12,0
678730,1,1
678730,2,1
678730,3,1
678730,4,1
678730,5,1
678730,6,1
678730,7,1
678730,8,1
678730,9,0
678730,10,0
678739,1,1
678739,2,1
678739,3,1
678739,4,1
678739,5,1
678739,6,1
678739,7,1
678739,8,1
678739,9,1
678739,10,1
678739,11,1
678739,12,1
678739,13,1
678739,14,0
678739,15,0
678748,1,1
678748,2,1
678748,3,1
678748,4,1
678748,5,1
678748,6,1
678748,7,1
678748,8,0
678748,9,0
678750,1,1
678750,2,1
678750,3,1
678750,4,1
678750,5,1
678750,6,1
678750,7,1
678750,8,1
678750,9,1
678750,10,1
678750,11,1
678750,12,0
678750,13,0
678820,1,1
678820,2,1
678820,3,1
678820,4,1
678820,5,1
678820,6,1
678820,7,1
678820,8,1
678820,9,0
678820,10,0
678842,1,1
678842,2,1
678842,3,1
678842,4,1
678842,5,1
678842,6,1
678842,7,1
678842,8,1
678842,9,1
678842,10,0
678842,11,0
678884,1,1
678884,2,1
678884,3,1
678884,4,1
678884,5,1
678884,6,1
678884,7,1
678884,8,1
678884,9,1
678884,10,1
678884,11,1
678884,12,1
678884,13,1
678884,14,1
678884,15,1
678971,1,1
678971,2,1
678971,3,1
678971,4,1
678971,5,1
678971,6,1
678971,7,1
678971,8,0
678971,9,0
679030,1,1
679030,2,1
679030,3,1
679030,4,1
679030,5,1
679030,6,1
679030,7,1
679030,8,0
679030,9,0
679034,1,1
679034,2,1
679034,3,1
679034,4,1
679034,5,1
679034,6,1
679034,7,1
679034,8,1
679034,9,1
679034,10,0
679034,11,0
679039,1,1
679039,2,1
679039,3,1
679039,4,1
679039,5,1
679039,6,1
679039,7,1
679039,8,1
679039,9,1
679039,10,1
679039,11,1
679039,12,1
679039,13,1
679039,14,0
679039,15,0
679046,1,1
679046,2,1
679046,3,1
679046,4,1
679046,5,1
679046,6,1
679046,7,1
679046,8,0
679046,9,0
679047,1,1
679047,2,1
679047,3,1
679047,4,1
679047,5,1
679047,6,1
679047,7,1
679047,8,1
679047,9,1
679047,10,1
679047,11,1
679047,12,1
679047,13,1
679047,14,1
679047,15,1
679055,1,1
679055,2,1
679055,3,1
679055,4,1
679055,5,1
679055,6,1
679055,7,1
679055,8,1
679055,9,1
679055,10,1
679055,11,1
679055,12,1
679055,13,0
679055,14,0
679060,1,1
679060,2,1
679060,3,1
679060,4,1
679060,5,1
679060,6,1
679060,7,1
679060,8,1
679060,9,1
679060,10,1
679060,11,0
679060,12,0
679068,1,1
679068,2,1
679068,3,1
679068,4,1
679068,5,1
679068,6,1
679068,7,1
679068,8,1
679068,9,1
679068,10,0
679068,11,0
679082,1,1
679082,2,1
679082,3,1
679082,4,1
679082,5,1
679082,6,1
679082,7,1
679082,8,1
679082,9,1
679082,10,1
679082,11,0
679082,12,0
679087,1,1
679087,2,1
679087,3,1
679087,4,1
679087,5,1
679087,6,1
679087,7,1
679087,8,1
679087,9,1
679087,10,1
679087,11,1
679087,12,1
679087,13,1
679087,14,0
679087,15,0
679093,1,1
679093,2,1
679093,3,1
679093,4,1
679093,5,1
679093,6,1
679093,7,1
679093,8,1
679093,9,1
679093,10,1
679093,11,1
679093,12,1
679093,13,1
679093,14,1
679093,15,1
679117,1,1
679117,2,1
679117,3,1
679117,4,1
679117,5,1
679117,6,1
679117,7,1
679117,8,1
679117,9,1
679117,10,1
679117,11,0
679117,12,0
679132,1,1
679132,2,1
679132,3,1
679132,4,1
679132,5,1
679132,6,1
679132,7,1
679132,8,1
679132,9,1
679132,10,1
679132,11,1
679132,12,1
679132,13,1
679132,14,1
679132,15,1
679179,1,1
679179,2,1
679179,3,1
679179,4,1
679179,5,1
679179,6,1
679179,7,1
679179,8,1
679179,9,1
679179,10,0
679179,11,0
679195,1,1
679195,2,1
679195,3,1
679195,4,1
679195,5,1
679195,6,1
679195,7,1
679195,8,1
679195,9,1
679195,10,1
679195,11,1
679195,12,1
679195,13,1
679195,14,1
679195,15,0
679237,1,1
679237,2,1
679237,3,1
679237,4,1
679237,5,1
679237,6,1
679237,7,1
679237,8,1
679237,9,1
679237,10,0
679237,11,0
679308,1,1
679308,2,1
679308,3,1
679308,4,1
679308,5,1
679308,6,1
679308,7,1
679308,8,1
679308,9,0
679308,10,0
679312,1,1
679312,2,1
679312,3,1
679312,4,1
679312,5,1
679312,6,0
679312,7,0
679319,1,1
679319,2,1
679319,3,1
679319,4,1
679319,5,1
679319,6,1
679319,7,1
679319,8,1
679319,9,1
679319,10,1
679319,11,0
679319,12,0
679322,1,1
679322,2,1
679322,3,1
679322,4,1
679322,5,1
679322,6,1
679322,7,1
679322,8,1
679322,9,0
679322,10,0
679328,1,1
679328,2,1
679328,3,1
679328,4,1
679328,5,1
679328,6,1
679328,7,1
679328,8,1
679328,9,0
679328,10,0
679332,1,1
679332,2,1
679332,3,1
679332,4,1
679332,5,1
679332,6,1
679332,7,1
679332,8,1
679332,9,0
679332,10,0
679338,1,1
679338,2,1
679338,3,1
679338,4,1
679338,5,1
679338,6,1
679338,7,1
679338,8,0
679338,9,0
679375,1,1
679375,2,1
679375,3,1
679375,4,1
679375,5,1
679375,6,1
679375,7,1
679375,8,1
679375,9,1
679375,10,1
679375,11,1
679375,12,0
679375,13,0
679456,1,1
679456,2,1
679456,3,1
679456,4,1
679456,5,1
679456,6,0
679456,7,0
679465,1,1
679465,2,1
679465,3,1
679465,4,1
679465,5,1
679465,6,1
679465,7,0
679465,8,0
679481,1,1
679481,2,1
679481,3,1
679481,4,1
679481,5,1
679481,6,1
679481,7,1
679481,8,1
679481,9,1
679481,10,1
679481,11,1
679481,12,1
679481,13,1
679481,14,1
679481,15,1
679588,1,1
679588,2,1
679588,3,1
679588,4,1
679588,5,1
679588,6,1
679588,7,1
679588,8,1
679588,9,1
679588,10,1
679588,11,1
679588,12,0
679588,13,0
679611,1,1
679611,2,1
679611,3,1
679611,4,1
679611,5,1
679611,6,0
679611,7,0
679620,1,1
679620,2,1
679620,3,1
679620,4,1
679620,5,1
679620,6,1
679620,7,1
679620,8,1
679620,9,0
679620,10,0
679627,1,1
679627,2,1
679627,3,1
679627,4,1
679627,5,1
679627,6,1
679627,7,1
679627,8,0
679627,9,0
679644,1,1
679644,2,1
679644,3,1
679644,4,1
679644,5,1
679644,6,1
679644,7,1
679644,8,0
679644,9,0
679686,1,1
679686,2,1
679686,3,1
679686,4,1
679686,5,1
679686,6,1
679686,7,1
679686,8,1
679686,9,1
679686,10,1
679686,11,0
679686,12,0
679703,1,1
679703,2,1
679703,3,1
679703,4,1
679703,5,1
679703,6,1
679703,7,1
679703,8,1
679703,9,0
679703,10,0
679717,1,1
679717,2,1
679717,3,1
679717,4,1
679717,5,1
679717,6,1
679717,7,1
679717,8,1
679717,9,1
679717,10,1
679717,11,0
679717,12,0
679761,1,1
679761,2,1
679761,3,1
679761,4,1
679761,5,1
679761,6,1
679761,7,1
679761,8,1
679761,9,1
679761,10,1
679761,11,1
679761,12,1
679761,13,1
679761,14,1
679761,15,1
679785,1,1
679785,2,1
679785,3,1
679785,4,1
679785,5,1
679785,6,1
679785,7,1
679785,8,1
679785,9,1
679785,10,1
679785,11,1
679785,12,1
679785,13,1
679785,14,1
679785,15,0
679789,1,1
679789,2,1
679789,3,1
679789,4,1
679789,5,1
679789,6,1
679789,7,0
679789,8,0
679796,1,1
679796,2,1
679796,3,1
679796,4,1
679796,5,1
679796,6,1
679796,7,1
679796,8,1
679796,9,1
679796,10,0
679796,11,0
679799,1,1
679799,2,1
679799,3,1
679799,4,1
679799,5,1
679799,6,1
679799,7,1
679799,8,1
679799,9,1
679799,10,1
679799,11,0
679799,12,0
679805,1,1
679805,2,1
679805,3,1
679805,4,1
679805,5,1
679805,6,1
679805,7,1
679805,8,0
679805,9,0
679808,1,1
679808,2,1
679808,3,1
679808,4,1
679808,5,1
679808,6,1
679808,7,1
679808,8,1
679808,9,1
679808,10,1
679808,11,1
679808,12,1
679808,13,1
679808,14,1
679808,15,1
679884,1,1
679884,2,1
679884,3,1
679884,4,1
679884,5,1
679884,6,1
679884,7,1
679884,8,1
679884,9,1
679884,10,0
679884,11,0
679918,1,1
679918,2,1
679918,3,1
679918,4,1
679918,5,1
679918,6,1
679918,7,1
679918,8,1
679918,9,1
679918,10,1
679918,11,0
679918,12,0
680066,1,1
680066,2,1
680066,3,1
680066,4,1
680066,5,1
680066,6,1
680066,7,1
680066,8,0
680066,9,0
680068,1,1
680068,2,1
680068,3,1
680068,4,1
680068,5,1
680068,6,1
680068,7,1
680068,8,1
680068,9,1
680068,10,1
680068,11,1
680068,12,1
680068,13,1
680068,14,1
680068,15,1
680074,1,1
680074,2,1
680074,3,1
680074,4,1
680074,5,1
680074,6,0
680074,7,0
680100,1,1
680100,2,1
680100,3,1
680100,4,1
680100,5,1
680100,6,1
680100,7,1
680100,8,1
680100,9,0
680100,10,0
680101,1,1
680101,2,1
680101,3,1
680101,4,1
680101,5,1
680101,6,1
680101,7,1
680101,8,1
680101,9,1
680101,10,1
680101,11,1
680101,12,1
680101,13,1
680101,14,1
680101,15,1
680107,1,1
680107,2,1
680107,3,1
680107,4,1
680107,5,1
680107,6,0
680107,7,0
680109,1,1
680109,2,1
680109,3,1
680109,4,1
680109,5,1
680109,6,1
680109,7,1
680109,8,1
680109,9,1
680109,10,1
680109,11,1
680109,12,1
680109,13,0
680109,14,0
680222,1,1
680222,2,1
680222,3,1
680222,4,1
680222,5,1
680222,6,1
680222,7,1
680222,8,1
680222,9,0
680222,10,0
680286,1,1
680286,2,1
680286,3,1
680286,4,1
680286,5,1
680286,6,1
680286,7,1
680286,8,1
680286,9,1
680286,10,0
680286,11,0
680321,1,1
680321,2,1
680321,3,1
680321,4,1
680321,5,1
680321,6,1
680321,7,1
680321,8,1
680321,9,1
680321,10,0
680321,11,0
680324,1,1
680324,2,1
680324,3,1
680324,4,1
680324,5,1
680324,6,1
680324,7,1
680324,8,1
680324,9,1
680324,10,0
680324,11,0
680336,1,1
680336,2,1
680336,3,1
680336,4,1
680336,5,1
680336,6,1
680336,7,1
680336,8,1
680336,9,1
680336,10,1
680336,11,1
680336,12,1
680336,13,1
680336,14,1
680336,15,0
680354,1,1
680354,2,1
680354,3,1
680354,4,1
680354,5,1
680354,6,1
680354,7,1
680354,8,1
680354,9,0
680354,10,0
680459,1,1
680459,2,1
680459,3,1
680459,4,1
680459,5,1
680459,6,1
680459,7,1
680459,8,1
680459,9,1
680459,10,1
680459,11,1
680459,12,1
680459,13,1
680459,14,1
680459,15,1
680491,1,1
680491,2,1
680491,3,1
680491,4,1
680491,5,1
680491,6,1
680491,7,1
680491,8,1
680491,9,0
680491,10,0
680502,1,1
680502,2,1
680502,3,1
680502,4,1
680502,5,1
680502,6,1
680502,7,1
680502,8,1
680502,9,0
680502,10,0
680503,1,1
680503,2,1
680503,3,1
680503,4,1
680503,5,1
680503,6,1
680503,7,1
680503,8,1
680503,9,1
680503,10,1
680503,11,1
680503,12,0
680503,13,0
680517,1,1
680517,2,1
680517,3,1
680517,4,1
680517,5,1
680517,6,0
680517,7,0
680536,1,1
680536,2,1
680536,3,1
680536,4,1
680536,5,1
680536,6,1
680536,7,1
680536,8,0
680536,9,0
680549,1,1
680549,2,1
680549,3,1
680549,4,1
680549,5,1
680549,6,1
680549,7,1
680549,8,0
680549,9,0
680564,1,1
680564,2,1
680564,3,1
680564,4,1
680564,5,1
680564,6,1
680564,7,1
680564,8,1
680564,9,1
680564,10,1
680564,11,0
680564,12,0
680600,1,1
680600,2,1
680600,3,1
680600,4,1
680600,5,1
680600,6,0
680600,7,0
680620,1,1
680620,2,1
680620,3,1
680620,4,1
680620,5,1
680620,6,1
680620,7,1
680620,8,1
680620,9,1
680620,10,1
680620,11,1
680620,12,1
680620,13,1
680620,14,1
680620,15,1
680773,1,1
680773,2,1
680773,3,1
680773,4,1
680773,5,1
680773,6,1
680773,7,1
680773,8,0
680773,9,0
680801,1,1
680801,2,1
680801,3,1
680801,4,1
680801,5,1
680801,6,1
680801,7,1
680801,8,1
680801,9,1
680801,10,1
680801,11,0
680801,12,0
680802,1,1
680802,2,1
680802,3,1
680802,4,1
680802,5,1
680802,6,0
680802,7,0
680819,1,1
680819,2,1
680819,3,1
680819,4,1
680819,5,1
680819,6,1
680819,7,1
680819,8,1
680819,9,0
680819,10,0
680830,1,1
680830,2,1
680830,3,1
680830,4,1
680830,5,1
680830,6,1
680830,7,1
680830,8,1
680830,9,1
680830,10,0
680830,11,0
680878,1,1
680878,2,1
680878,3,1
680878,4,1
680878,5,0
680878,6,0
680906,1,1
680906,2,1
680906,3,1
680906,4,1
680906,5,1
680906,6,1
680906,7,1
680906,8,1
680906,9,1
680906,10,0
680906,11,0
680972,1,1
680972,2,1
680972,3,1
680972,4,1
680972,5,1
680972,6,1
680972,7,0
680972,8,0
681026,1,1
681026,2,1
681026,3,1
681026,4,1
681026,5,1
681026,6,1
681026,7,1
681026,8,1
681026,9,0
681026,10,0
681180,1,1
681180,2,1
681180,3,1
681180,4,1
681180,5,1
681180,6,1
681180,7,1
681180,8,1
681180,9,0
681180,10,0
681321,1,1
681321,2,1
681321,3,1
681321,4,1
681321,5,1
681321,6,1
681321,7,1
681321,8,1
681321,9,1
681321,10,0
681321,11,0
681328,1,1
681328,2,1
681328,3,1
681328,4,1
681328,5,1
681328,6,1
681328,7,1
681328,8,1
681328,9,1
681328,10,1
681328,11,0
681328,12,0
681331,1,1
681331,2,1
681331,3,1
681331,4,1
681331,5,1
681331,6,1
681331,7,1
681331,8,0
681331,9,0
681333,1,1
681333,2,1
681333,3,1
681333,4,1
681333,5,1
681333,6,1
681333,7,1
681333,8,0
681333,9,0
681366,1,1
681366,2,1
681366,3,1
681366,4,1
681366,5,1
681366,6,1
681366,7,1
681366,8,1
681366,9,1
681366,10,1
681366,11,1
681366,12,0
681366,13,0
681456,1,1
681456,2,1
681456,3,1
681456,4,1
681456,5,1
681456,6,1
681456,7,1
681456,8,1
681456,9,1
681456,10,0
681456,11,0
681501,1,1
681501,2,1
681501,3,1
681501,4,1
681501,5,1
681501,6,1
681501,7,1
681501,8,1
681501,9,0
681501,10,0
681503,1,1
681503,2,1
681503,3,1
681503,4,1
681503,5,1
681503,6,1
681503,7,1
681503,8,1
681503,9,0
681503,10,0
681681,1,1
681681,2,1
681681,3,1
681681,4,1
681681,5,1
681681,6,1
681681,7,1
681681,8,1
681681,9,1
681681,10,0
681681,11,0
681831,1,1
681831,2,1
681831,3,1
681831,4,1
681831,5,1
681831,6,1
681831,7,1
681831,8,1
681831,9,1
681831,10,1
681831,11,1
681831,12,1
681831,13,1
681831,14,1
681831,15,1
681866,1,1
681866,2,1
681866,3,1
681866,4,1
681866,5,1
681866,6,1
681866,7,1
681866,8,1
681866,9,0
681866,10,0
681868,1,1
681868,2,1
681868,3,1
681868,4,1
681868,5,1
681868,6,1
681868,7,1
681868,8,1
681868,9,1
681868,10,0
681868,11,0
681925,1,1
681925,2,1
681925,3,1
681925,4,1
681925,5,1
681925,6,1
681925,7,1
681925,8,0
681925,9,0
681926,1,1
681926,2,1
681926,3,1
681926,4,1
681926,5,1
681926,6,1
681926,7,1
681926,8,1
681926,9,1
681926,10,0
681926,11,0
681927,1,1
681927,2,1
681927,3,1
681927,4,1
681927,5,1
681927,6,1
681927,7,1
681927,8,1
681927,9,1
681927,10,1
681927,11,0
681927,12,0
681945,1,1
681945,2,1
681945,3,1
681945,4,1
681945,5,1
681945,6,1
681945,7,1
681945,8,1
681945,9,1
681945,10,0
681945,11,0
682002,1,1
682002,2,1
682002,3,1
682002,4,1
682002,5,1
682002,6,1
682002,7,1
682002,8,1
682002,9,0
682002,10,0
682067,1,1
682067,2,1
682067,3,1
682067,4,1
682067,5,1
682067,6,1
682067,7,1
682067,8,0
682067,9,0
682421,1,1
682421,2,1
682421,3,1
682421,4,1
682421,5,1
682421,6,1
682421,7,0
682421,8,0
682432,1,1
682432,2,1
682432,3,1
682432,4,1
682432,5,1
682432,6,1
682432,7,1
682432,8,1
682432,9,0
682432,10,0
682472,1,1
682472,2,1
682472,3,1
682472,4,1
682472,5,1
682472,6,1
682472,7,1
682472,8,1
682472,9,0
682472,10,0
682614,1,1
682614,2,1
682614,3,1
682614,4,1
682614,5,1
682614,6,1
682614,7,1
682614,8,1
682614,9,1
682614,10,0
682614,11,0
682676,1,1
682676,2,1
682676,3,1
682676,4,1
682676,5,1
682676,6,1
682676,7,1
682676,8,0
682676,9,0
682785,1,1
682785,2,1
682785,3,1
682785,4,1
682785,5,1
682785,6,1
682785,7,1
682785,8,1
682785,9,1
682785,10,1
682785,11,1
682785,12,1
682785,13,1
682785,14,1
682785,15,1
682879,1,1
682879,2,1
682879,3,1
682879,4,1
682879,5,1
682879,6,1
682879,7,1
682879,8,1
682879,9,1
682879,10,0
682879,11,0
682909,1,1
682909,2,1
682909,3,1
682909,4,1
682909,5,1
682909,6,1
682909,7,1
682909,8,0
682909,9,0
683104,1,1
683104,2,1
683104,3,1
683104,4,1
683104,5,1
683104,6,1
683104,7,1
683104,8,1
683104,9,1
683104,10,1
683104,11,0
683104,12,0
683111,1,1
683111,2,1
683111,3,1
683111,4,1
683111,5,1
683111,6,1
683111,7,1
683111,8,1
683111,9,1
683111,10,1
683111,11,0
683111,12,0
683141,1,1
683141,2,1
683141,3,1
683141,4,1
683141,5,1
683141,6,1
683141,7,1
683141,8,1
683141,9,1
683141,10,1
683141,11,1
683141,12,1
683141,13,1
683141,14,1
683141,15,1
683289,1,1
683289,2,1
683289,3,1
683289,4,1
683289,5,1
683289,6,1
683289,7,1
683289,8,1
683289,9,1
683289,10,1
683289,11,1
683289,12,1
683289,13,1
683289,14,1
683289,15,1
683292,1,1
683292,2,1
683292,3,1
683292,4,1
683292,5,1
683292,6,1
683292,7,0
683292,8,0
683332,1,1
683332,2,1
683332,3,1
683332,4,1
683332,5,1
683332,6,1
683332,7,1
683332,8,0
683332,9,0
683355,1,1
683355,2,1
683355,3,1
683355,4,1
683355,5,1
683355,6,1
683355,7,1
683355,8,0
683355,9,0
683406,1,1
683406,2,1
683406,3,1
683406,4,1
683406,5,1
683406,6,1
683406,7,1
683406,8,1
683406,9,0
683406,10,0
683495,1,1
683495,2,1
683495,3,1
683495,4,1
683495,5,1
683495,6,1
683495,7,1
683495,8,0
683495,9,0
683508,1,1
683508,2,1
683508,3,1
683508,4,1
683508,5,1
683508,6,0
683508,7,0
683527,1,1
683527,2,1
683527,3,1
683527,4,1
683527,5,1
683527,6,1
683527,7,1
683527,8,0
683527,9,0
683528,1,1
683528,2,1
683528,3,1
683528,4,1
683528,5,1
683528,6,1
683528,7,1
683528,8,1
683528,9,0
683528,10,0
683540,1,1
683540,2,1
683540,3,1
683540,4,1
683540,5,1
683540,6,1
683540,7,1
683540,8,1
683540,9,1
683540,10,1
683540,11,0
683540,12,0
683561,1,1
683561,2,1
683561,3,1
683561,4,1
683561,5,1
683561,6,1
683561,7,1
683561,8,1
683561,9,1
683561,10,1
683561,11,1
683561,12,1
683561,13,1
683561,14,1
683561,15,1
683569,1,1
683569,2,1
683569,3,1
683569,4,1
683569,5,1
683569,6,1
683569,7,1
683569,8,1
683569,9,1
683569,10,1
683569,11,1
683569,12,1
683569,13,1
683569,14,1
683569,15,1
683578,1,1
683578,2,1
683578,3,1
683578,4,1
683578,5,1
683578,6,1
683578,7,1
683578,8,1
683578,9,1
683578,10,1
683578,11,1
683578,12,1
683578,13,1
683578,14,1
683578,15,1
683589,1,1
683589,2,1
683589,3,1
683589,4,1
683589,5,1
683589,6,1
683589,7,1
683589,8,1
683589,9,0
683589,10,0
683594,1,1
683594,2,1
683594,3,1
683594,4,1
683594,5,1
683594,6,1
683594,7,1
683594,8,0
683594,9,0
683609,1,1
683609,2,1
683609,3,1
683609,4,1
683609,5,1
683609,6,1
683609,7,1
683609,8,1
683609,9,1
683609,10,1
683609,11,1
683609,12,1
683609,13,1
683609,14,1
683609,15,1
683623,1,1
683623,2,1
683623,3,1
683623,4,1
683623,5,1
683623,6,1
683623,7,1
683623,8,1
683623,9,0
683623,10,0
683633,1,1
683633,2,1
683633,3,1
683633,4,1
683633,5,1
683633,6,0
683633,7,0
683677,1,1
683677,2,1
683677,3,1
683677,4,1
683677,5,1
683677,6,1
683677,7,1
683677,8,1
683677,9,1
683677,10,1
683677,11,1
683677,12,1
683677,13,0
683677,14,0
683703,1,1
683703,2,1
683703,3,1
683703,4,1
683703,5,1
683703,6,1
683703,7,1
683703,8,1
683703,9,1
683703,10,1
683703,11,1
683703,12,1
683703,13,1
683703,14,1
683703,15,1
683747,1,1
683747,2,1
683747,3,1
683747,4,1
683747,5,1
683747,6,0
683747,7,0
683806,1,1
683806,2,1
683806,3,1
683806,4,1
683806,5,1
683806,6,1
683806,7,1
683806,8,0
683806,9,0
683853,1,1
683853,2,1
683853,3,1
683853,4,1
683853,5,1
683853,6,1
683853,7,0
683853,8,0
683993,1,1
683993,2,1
683993,3,1
683993,4,1
683993,5,1
683993,6,1
683993,7,1
683993,8,1
683993,9,1
683993,10,1
683993,11,1
683993,12,0
683993,13,0
684042,1,1
684042,2,1
684042,3,1
684042,4,1
684042,5,1
684042,6,1
684042,7,1
684042,8,1
684042,9,1
684042,10,1
684042,11,1
684042,12,1
684042,13,1
684042,14,1
684042,15,1
684149,1,1
684149,2,1
684149,3,1
684149,4,1
684149,5,1
684149,6,1
684149,7,1
684149,8,1
684149,9,1
684149,10,1
684149,11,1
684149,12,1
684149,13,0
684149,14,0
684159,1,1
684159,2,1
684159,3,1
684159,4,1
684159,5,1
684159,6,1
684159,7,1
684159,8,1
684159,9,1
684159,10,0
684159,11,0
684163,1,1
684163,2,1
684163,3,1
684163,4,1
684163,5,1
684163,6,1
684163,7,1
684163,8,1
684163,9,1
684163,10,0
684163,11,0
684238,1,1
684238,2,1
684238,3,1
684238,4,1
684238,5,1
684238,6,1
684238,7,1
684238,8,0
684238,9,0
684240,1,1
684240,2,1
684240,3,1
684240,4,1
684240,5,1
684240,6,1
684240,7,1
684240,8,1
684240,9,0
684240,10,0
684276,1,1
684276,2,1
684276,3,1
684276,4,1
684276,5,1
684276,6,1
684276,7,0
684276,8,0
684292,1,1
684292,2,1
684292,3,1
684292,4,1
684292,5,1
684292,6,1
684292,7,1
684292,8,1
684292,9,1
684292,10,1
684292,11,1
684292,12,1
684292,13,1
684292,14,1
684292,15,1
684329,1,1
684329,2,1
684329,3,1
684329,4,1
684329,5,1
684329,6,1
684329,7,1
684329,8,1
684329,9,1
684329,10,0
684329,11,0
684370,1,1
684370,2,1
684370,3,1
684370,4,1
684370,5,1
684370,6,1
684370,7,1
684370,8,0
684370,9,0
684391,1,1
684391,2,1
684391,3,1
684391,4,1
684391,5,1
684391,6,1
684391,7,1
684391,8,1
684391,9,1
684391,10,1
684391,11,1
684391,12,1
684391,13,0
684391,14,0
684404,1,1
684404,2,1
684404,3,1
684404,4,1
684404,5,1
684404,6,0
684404,7,0
684413,1,1
684413,2,1
684413,3,1
684413,4,1
684413,5,1
684413,6,1
684413,7,1
684413,8,0
684413,9,0
684417,1,1
684417,2,1
684417,3,1
684417,4,1
684417,5,1
684417,6,1
684417,7,1
684417,8,1
684417,9,1
684417,10,1
684417,11,1
684417,12,1
684417,13,1
684417,14,1
684417,15,0
684424,1,1
684424,2,1
684424,3,1
684424,4,1
684424,5,1
684424,6,1
684424,7,1
684424,8,1
684424,9,1
684424,10,1
684424,11,1
684424,12,1
684424,13,1
684424,14,1
684424,15,1
684454,1,1
684454,2,1
684454,3,1
684454,4,1
684454,5,1
684454,6,1
684454,7,1
684454,8,1
684454,9,0
684454,10,0
684459,1,1
684459,2,1
684459,3,1
684459,4,1
684459,5,1
684459,6,1
684459,7,1
684459,8,1
684459,9,0
684459,10,0
684473,1,1
684473,2,1
684473,3,1
684473,4,1
684473,5,1
684473,6,1
684473,7,1
684473,8,1
684473,9,0
684473,10,0
684526,1,1
684526,2,1
684526,3,1
684526,4,1
684526,5,1
684526,6,1
684526,7,1
684526,8,1
684526,9,1
684526,10,1
684526,11,1
684526,12,1
684526,13,1
684526,14,1
684526,15,1
684539,1,1
684539,2,1
684539,3,1
684539,4,1
684539,5,1
684539,6,1
684539,7,1
684539,8,1
684539,9,1
684539,10,1
684539,11,1
684539,12,1
684539,13,1
684539,14,1
684539,15,1
684566,1,1
684566,2,1
684566,3,1
684566,4,1
684566,5,1
684566,6,1
684566,7,1
684566,8,0
684566,9,0
684665,1,1
684665,2,1
684665,3,1
684665,4,1
684665,5,1
684665,6,1
684665,7,1
684665,8,1
684665,9,1
684665,10,1
684665,11,1
684665,12,1
684665,13,1
684665,14,1
684665,15,1
684696,1,1
684696,2,1
684696,3,1
684696,4,1
684696,5,1
684696,6,0
684696,7,0
684724,1,1
684724,2,1
684724,3,1
684724,4,1
684724,5,1
684724,6,1
684724,7,1
684724,8,1
684724,9,1
684724,10,1
684724,11,1
684724,12,1
684724,13,1
684724,14,1
684724,15,1
684774,1,1
684774,2,1
684774,3,1
684774,4,1
684774,5,1
684774,6,1
684774,7,1
684774,8,0
684774,9,0
684786,1,1
684786,2,1
684786,3,1
684786,4,1
684786,5,1
684786,6,1
684786,7,1
684786,8,1
684786,9,1
684786,10,0
684786,11,0
684789,1,1
684789,2,1
684789,3,1
684789,4,1
684789,5,1
684789,6,1
684789,7,1
684789,8,1
684789,9,0
684789,10,0
684791,1,1
684791,2,1
684791,3,1
684791,4,1
684791,5,1
684791,6,1
684791,7,1
684791,8,1
684791,9,1
684791,10,1
684791,11,1
684791,12,1
684791,13,1
684791,14,1
684791,15,1
684804,1,1
684804,2,1
684804,3,1
684804,4,1
684804,5,1
684804,6,1
684804,7,1
684804,8,1
684804,9,1
684804,10,0
684804,11,0
684836,1,1
684836,2,1
684836,3,1
684836,4,1
684836,5,1
684836,6,1
684836,7,1
684836,8,1
684836,9,1
684836,10,1
684836,11,1
684836,12,1
684836,13,1
684836,14,1
684836,15,1
684841,1,1
684841,2,1
684841,3,1
684841,4,1
684841,5,1
684841,6,1
684841,7,1
684841,8,1
684841,9,1
684841,10,0
684841,11,0
684852,1,1
684852,2,1
684852,3,1
684852,4,1
684852,5,1
684852,6,1
684852,7,1
684852,8,1
684852,9,0
684852,10,0
684883,1,1
684883,2,1
684883,3,1
684883,4,1
684883,5,1
684883,6,0
684883,7,0
684894,1,1
684894,2,1
684894,3,1
684894,4,1
684894,5,1
684894,6,0
684894,7,0
684906,1,1
684906,2,1
684906,3,1
684906,4,1
684906,5,1
684906,6,1
684906,7,1
684906,8,1
684906,9,0
684906,10,0
684910,1,1
684910,2,1
684910,3,1
684910,4,1
684910,5,1
684910,6,1
684910,7,1
684910,8,1
684910,9,0
684910,10,0
684935,1,1
684935,2,1
684935,3,1
684935,4,1
684935,5,1
684935,6,0
684935,7,0
685017,1,1
685017,2,1
685017,3,1
685017,4,1
685017,5,1
685017,6,1
685017,7,1
685017,8,1
685017,9,1
685017,10,0
685017,11,0
685026,1,1
685026,2,1
685026,3,1
685026,4,1
685026,5,1
685026,6,1
685026,7,1
685026,8,0
685026,9,0
685033,1,1
685033,2,1
685033,3,1
685033,4,1
685033,5,1
685033,6,1
685033,7,1
685033,8,1
685033,9,1
685033,10,0
685033,11,0
685070,1,1
685070,2,1
685070,3,1
685070,4,1
685070,5,1
685070,6,0
685070,7,0
685071,1,1
685071,2,1
685071,3,1
685071,4,1
685071,5,1
685071,6,0
685071,7,0
685072,1,1
685072,2,1
685072,3,1
685072,4,1
685072,5,1
685072,6,1
685072,7,1
685072,8,1
685072,9,0
685072,10,0
685080,1,1
685080,2,1
685080,3,1
685080,4,1
685080,5,1
685080,6,0
685080,7,0
685084,1,1
685084,2,1
685084,3,1
685084,4,1
685084,5,1
685084,6,1
685084,7,1
685084,8,0
685084,9,0
685098,1,1
685098,2,1
685098,3,1
685098,4,1
685098,5,1
685098,6,1
685098,7,1
685098,8,0
685098,9,0
685141,1,1
685141,2,1
685141,3,1
685141,4,1
685141,5,1
685141,6,1
685141,7,0
685141,8,0
685151,1,1
685151,2,1
685151,3,1
685151,4,1
685151,5,1
685151,6,1
685151,7,1
685151,8,1
685151,9,0
685151,10,0
685198,1,1
685198,2,1
685198,3,1
685198,4,1
685198,5,1
685198,6,1
685198,7,1
685198,8,1
685198,9,1
685198,10,1
685198,11,1
685198,12,0
685198,13,0
685208,1,1
685208,2,1
685208,3,1
685208,4,1
685208,5,1
685208,6,1
685208,7,1
685208,8,0
685208,9,0
685235,1,1
685235,2,1
685235,3,1
685235,4,1
685235,5,1
685235,6,1
685235,7,1
685235,8,1
685235,9,1
685235,10,1
685235,11,1
685235,12,1
685235,13,1
685235,14,1
685235,15,1
685336,1,1
685336,2,1
685336,3,1
685336,4,1
685336,5,1
685336,6,1
685336,7,1
685336,8,0
685336,9,0
685398,1,1
685398,2,1
685398,3,1
685398,4,1
685398,5,1
685398,6,1
685398,7,1
685398,8,1
685398,9,1
685398,10,0
685398,11,0
685470,1,1
685470,2,1
685470,3,1
685470,4,1
685470,5,1
685470,6,1
685470,7,1
685470,8,0
685470,9,0
685486,1,1
685486,2,1
685486,3,1
685486,4,1
685486,5,1
685486,6,1
685486,7,1
685486,8,0
685486,9,0
685518,1,1
685518,2,1
685518,3,1
685518,4,1
685518,5,1
685518,6,1
685518,7,1
685518,8,0
685518,9,0
685537,1,1
685537,2,1
685537,3,1
685537,4,1
685537,5,1
685537,6,1
685537,7,1
685537,8,1
685537,9,1
685537,10,1
685537,11,1
685537,12,1
685537,13,1
685537,14,1
685537,15,1
685680,1,1
685680,2,1
685680,3,1
685680,4,1
685680,5,1
685680,6,1
685680,7,1
685680,8,0
685680,9,0
685717,1,1
685717,2,1
685717,3,1
685717,4,1
685717,5,1
685717,6,1
685717,7,1
685717,8,1
685717,9,1
685717,10,1
685717,11,1
685717,12,1
685717,13,1
685717,14,1
685717,15,1
685731,1,1
685731,2,1
685731,3,1
685731,4,1
685731,5,1
685731,6,1
685731,7,1
685731,8,1
685731,9,1
685731,10,0
685731,11,0
685738,1,1
685738,2,1
685738,3,1
685738,4,1
685738,5,1
685738,6,1
685738,7,1
685738,8,0
685738,9,0
685746,1,1
685746,2,1
685746,3,1
685746,4,1
685746,5,1
685746,6,1
685746,7,1
685746,8,1
685746,9,0
685746,10,0
685749,1,1
685749,2,1
685749,3,1
685749,4,1
685749,5,1
685749,6,1
685749,7,1
685749,8,1
685749,9,1
685749,10,1
685749,11,1
685749,12,1
685749,13,1
685749,14,0
685749,15,0
685755,1,1
685755,2,1
685755,3,1
685755,4,1
685755,5,1
685755,6,1
685755,7,1
685755,8,1
685755,9,1
685755,10,1
685755,11,1
685755,12,1
685755,13,1
685755,14,1
685755,15,0
685802,1,1
685802,2,1
685802,3,1
685802,4,1
685802,5,1
685802,6,1
685802,7,1
685802,8,1
685802,9,0
685802,10,0
685803,1,1
685803,2,1
685803,3,1
685803,4,1
685803,5,1
685803,6,1
685803,7,1
685803,8,1
685803,9,0
685803,10,0
685809,1,1
685809,2,1
685809,3,1
685809,4,1
685809,5,1
685809,6,1
685809,7,1
685809,8,1
685809,9,0
685809,10,0
685877,1,1
685877,2,1
685877,3,1
685877,4,1
685877,5,1
685877,6,1
685877,7,1
685877,8,1
685877,9,1
685877,10,0
685877,11,0
685900,1,1
685900,2,1
685900,3,1
685900,4,1
685900,5,1
685900,6,1
685900,7,1
685900,8,0
685900,9,0
685922,1,1
685922,2,1
685922,3,1
685922,4,1
685922,5,1
685922,6,1
685922,7,1
685922,8,0
685922,9,0
685923,1,1
685923,2,1
685923,3,1
685923,4,1
685923,5,1
685923,6,1
685923,7,1
685923,8,0
685923,9,0
685934,1,1
685934,2,1
685934,3,1
685934,4,1
685934,5,1
685934,6,1
685934,7,1
685934,8,1
685934,9,1
685934,10,1
685934,11,1
685934,12,1
685934,13,0
685934,14,0
685943,1,1
685943,2,1
685943,3,1
685943,4,1
685943,5,1
685943,6,1
685943,7,1
685943,8,1
685943,9,1
685943,10,1
685943,11,1
685943,12,1
685943,13,1
685943,14,1
685943,15,1
685956,1,1
685956,2,1
685956,3,1
685956,4,1
685956,5,1
685956,6,1
685956,7,1
685956,8,1
685956,9,1
685956,10,1
685956,11,1
685956,12,1
685956,13,1
685956,14,1
685956,15,1
685978,1,1
685978,2,1
685978,3,1
685978,4,1
685978,5,0
685978,6,0
685980,1,1
685980,2,1
685980,3,1
685980,4,1
685980,5,1
685980,6,1
685980,7,1
685980,8,1
685980,9,1
685980,10,1
685980,11,1
685980,12,0
685980,13,0
686001,1,1
686001,2,1
686001,3,1
686001,4,1
686001,5,1
686001,6,1
686001,7,1
686001,8,1
686001,9,1
686001,10,1
686001,11,1
686001,12,1
686001,13,1
686001,14,1
686001,15,1
686007,1,1
686007,2,1
686007,3,1
686007,4,1
686007,5,1
686007,6,1
686007,7,1
686007,8,1
686007,9,1
686007,10,1
686007,11,0
686007,12,0
686027,1,1
686027,2,1
686027,3,1
686027,4,1
686027,5,1
686027,6,1
686027,7,1
686027,8,1
686027,9,1
686027,10,0
686027,11,0
686042,1,1
686042,2,1
686042,3,1
686042,4,1
686042,5,1
686042,6,1
686042,7,1
686042,8,1
686042,9,1
686042,10,1
686042,11,0
686042,12,0
686057,1,1
686057,2,1
686057,3,1
686057,4,1
686057,5,1
686057,6,1
686057,7,1
686057,8,0
686057,9,0
686127,1,1
686127,2,1
686127,3,1
686127,4,1
686127,5,1
686127,6,1
686127,7,1
686127,8,1
686127,9,0
686127,10,0
686140,1,1
686140,2,1
686140,3,1
686140,4,1
686140,5,1
686140,6,0
686140,7,0
686148,1,1
686148,2,1
686148,3,1
686148,4,1
686148,5,1
686148,6,1
686148,7,1
686148,8,1
686148,9,1
686148,10,1
686148,11,0
686148,12,0
686206,1,1
686206,2,1
686206,3,1
686206,4,1
686206,5,1
686206,6,1
686206,7,1
686206,8,1
686206,9,1
686206,10,1
686206,11,1
686206,12,1
686206,13,0
686206,14,0
686207,1,1
686207,2,1
686207,3,1
686207,4,1
686207,5,1
686207,6,1
686207,7,1
686207,8,1
686207,9,0
686207,10,0
686325,1,1
686325,2,1
686325,3,1
686325,4,1
686325,5,1
686325,6,1
686325,7,1
686325,8,0
686325,9,0
686346,1,1
686346,2,1
686346,3,1
686346,4,1
686346,5,1
686346,6,1
686346,7,1
686346,8,0
686346,9,0
686370,1,1
686370,2,1
686370,3,1
686370,4,1
686370,5,1
686370,6,1
686370,7,1
686370,8,1
686370,9,1
686370,10,0
686370,11,0
686382,1,1
686382,2,1
686382,3,1
686382,4,1
686382,5,1
686382,6,1
686382,7,1
686382,8,0
686382,9,0
686414,1,1
686414,2,1
686414,3,1
686414,4,1
686414,5,1
686414,6,1
686414,7,1
686414,8,0
686414,9,0
686420,1,1
686420,2,1
686420,3,1
686420,4,1
686420,5,1
686420,6,1
686420,7,1
686420,8,1
686420,9,1
686420,10,1
686420,11,1
686420,12,1
686420,13,1
686420,14,1
686420,15,0
686515,1,1
686515,2,1
686515,3,1
686515,4,1
686515,5,1
686515,6,1
686515,7,0
686515,8,0
686592,1,1
686592,2,1
686592,3,1
686592,4,1
686592,5,1
686592,6,1
686592,7,1
686592,8,0
686592,9,0
686597,1,1
686597,2,1
686597,3,1
686597,4,1
686597,5,1
686597,6,1
686597,7,1
686597,8,1
686597,9,0
686597,10,0
686620,1,1
686620,2,1
686620,3,1
686620,4,1
686620,5,1
686620,6,1
686620,7,1
686620,8,1
686620,9,1
686620,10,0
686620,11,0
686624,1,1
686624,2,1
686624,3,1
686624,4,1
686624,5,1
686624,6,1
686624,7,0
686624,8,0
686628,1,1
686628,2,1
686628,3,1
686628,4,1
686628,5,1
686628,6,1
686628,7,1
686628,8,0
686628,9,0
686631,1,1
686631,2,1
686631,3,1
686631,4,1
686631,5,1
686631,6,1
686631,7,1
686631,8,1
686631,9,1
686631,10,0
686631,11,0
686672,1,1
686672,2,1
686672,3,1
686672,4,1
686672,5,1
686680,1,1
686680,2,1
686680,3,1
686680,4,1
686680,5,1
686680,6,1
686680,7,1
686680,8,0
686680,9,0
686731,1,1
686731,2,1
686731,3,1
686731,4,1
686731,5,1
686731,6,1
686731,7,0
686731,8,0
686752,1,1
686752,2,1
686752,3,1
686752,4,1
686752,5,1
686752,6,1
686752,7,1
686752,8,0
686752,9,0
686841,1,1
686841,2,1
686841,3,1
686841,4,1
686841,5,1
686841,6,1
686841,7,1
686841,8,1
686841,9,0
686841,10,0
686866,1,1
686866,2,1
686866,3,1
686866,4,1
686866,5,1
686866,6,1
686866,7,1
686866,8,1
686866,9,1
686866,10,1
686866,11,1
686866,12,0
686866,13,0
686949,1,1
686949,2,1
686949,3,1
686949,4,1
686949,5,1
686949,6,1
686949,7,1
686949,8,1
686949,9,1
686949,10,1
686949,11,1
686949,12,1
686949,13,1
686949,14,1
686949,15,1
686972,1,1
686972,2,1
686972,3,1
686972,4,1
686972,5,1
686972,6,1
686972,7,1
686972,8,1
686972,9,1
686972,10,1
686972,11,1
686972,12,1
686972,13,0
686972,14,0
686998,1,1
686998,2,1
686998,3,1
686998,4,1
686998,5,1
686998,6,1
686998,7,1
686998,8,0
686998,9,0
687099,1,1
687099,2,1
687099,3,1
687099,4,1
687099,5,1
687099,6,1
687099,7,1
687099,8,1
687099,9,1
687099,10,1
687099,11,0
687099,12,0
687196,1,1
687196,2,1
687196,3,1
687196,4,1
687196,5,1
687196,6,1
687196,7,1
687196,8,0
687196,9,0
687262,1,1
687262,2,1
687262,3,1
687262,4,1
687262,5,1
687262,6,1
687262,7,1
687262,8,1
687262,9,1
687262,10,0
687262,11,0
687291,1,1
687291,2,1
687291,3,1
687291,4,1
687291,5,1
687291,6,1
687291,7,0
687291,8,0
687292,1,1
687292,2,1
687292,3,1
687292,4,1
687292,5,1
687292,6,0
687292,7,0
687293,1,1
687293,2,1
687293,3,1
687293,4,1
687293,5,1
687293,6,1
687293,7,1
687293,8,0
687293,9,0
687337,1,1
687337,2,1
687337,3,1
687337,4,1
687337,5,1
687337,6,0
687337,7,0
687349,1,1
687349,2,1
687349,3,1
687349,4,1
687349,5,1
687349,6,1
687349,7,1
687349,8,1
687349,9,1
687349,10,1
687349,11,0
687349,12,0
687407,1,1
687407,2,1
687407,3,1
687407,4,1
687407,5,1
687407,6,1
687407,7,0
687407,8,0
687408,1,1
687408,2,1
687408,3,1
687408,4,1
687408,5,1
687408,6,1
687408,7,1
687408,8,1
687408,9,0
687408,10,0
687413,1,1
687413,2,1
687413,3,1
687413,4,1
687413,5,1
687413,6,1
687413,7,0
687413,8,0
687425,1,1
687425,2,1
687425,3,1
687425,4,1
687425,5,1
687425,6,1
687425,7,1
687425,8,0
687425,9,0
687447,1,1
687447,2,1
687447,3,1
687447,4,1
687447,5,1
687447,6,0
687447,7,0
687458,1,1
687458,2,1
687458,3,1
687458,4,1
687458,5,1
687458,6,1
687458,7,1
687458,8,0
687458,9,0
687568,1,1
687568,2,1
687568,3,1
687568,4,0
687568,5,0
687599,1,1
687599,2,1
687599,3,1
687599,4,1
687599,5,1
687599,6,1
687599,7,1
687599,8,1
687599,9,0
687599,10,0
687651,1,1
687651,2,1
687651,3,1
687651,4,1
687651,5,1
687651,6,1
687651,7,1
687651,8,1
687651,9,0
687651,10,0
687691,1,1
687691,2,1
687691,3,1
687691,4,1
687691,5,1
687691,6,1
687691,7,1
687691,8,1
687691,9,1
687691,10,1
687691,11,1
687691,12,1
687691,13,1
687691,14,1
687691,15,1
687720,1,1
687720,2,1
687720,3,1
687720,4,1
687720,5,1
687720,6,1
687720,7,1
687720,8,1
687720,9,1
687720,10,1
687720,11,0
687720,12,0
687766,1,1
687766,2,1
687766,3,1
687766,4,1
687766,5,1
687766,6,1
687766,7,0
687766,8,0
687856,1,1
687856,2,1
687856,3,1
687856,4,1
687856,5,1
687856,6,0
687856,7,0
687988,1,1
687988,2,1
687988,3,1
687988,4,1
687988,5,1
687988,6,1
687988,7,1
687988,8,1
687988,9,1
687988,10,0
687988,11,0
687992,1,1
687992,2,1
687992,3,1
687992,4,1
687992,5,1
687992,6,1
687992,7,1
687992,8,1
687992,9,0
687992,10,0
688006,1,1
688006,2,1
688006,3,1
688006,4,1
688006,5,1
688006,6,1
688006,7,1
688006,8,1
688006,9,0
688006,10,0
688010,1,1
688010,2,1
688010,3,1
688010,4,1
688010,5,1
688010,6,1
688010,7,1
688010,8,1
688010,9,1
688010,10,1
688010,11,1
688010,12,1
688010,13,1
688010,14,1
688010,15,1
688015,1,1
688015,2,1
688015,3,1
688015,4,1
688015,5,1
688015,6,0
688015,7,0
688026,1,1
688026,2,1
688026,3,1
688026,4,1
688026,5,1
688026,6,1
688026,7,1
688026,8,0
688026,9,0
688061,1,1
688061,2,1
688061,3,1
688061,4,1
688061,5,1
688061,6,1
688061,7,1
688061,8,0
688061,9,0
688079,1,1
688079,2,1
688079,3,1
688079,4,1
688079,5,1
688079,6,1
688079,7,1
688079,8,1
688079,9,0
688079,10,0
688110,1,1
688110,2,1
688110,3,1
688110,4,1
688110,5,1
688110,6,1
688110,7,1
688110,8,1
688110,9,1
688110,10,0
688110,11,0
688124,1,1
688124,2,1
688124,3,1
688124,4,1
688124,5,1
688124,6,1
688124,7,1
688124,8,1
688124,9,1
688124,10,1
688124,11,1
688124,12,1
688124,13,1
688124,14,0
688124,15,0
688178,1,1
688178,2,1
688178,3,1
688178,4,1
688178,5,1
688178,6,1
688178,7,1
688178,8,1
688178,9,1
688178,10,1
688178,11,0
688178,12,0
688185,1,1
688185,2,1
688185,3,1
688185,4,1
688185,5,1
688185,6,1
688185,7,1
688185,8,1
688185,9,1
688185,10,0
688185,11,0
688193,1,1
688193,2,1
688193,3,1
688193,4,1
688193,5,1
688193,6,1
688193,7,1
688193,8,1
688193,9,0
688193,10,0
688197,1,1
688197,2,1
688197,3,1
688197,4,1
688197,5,1
688197,6,1
688197,7,1
688197,8,1
688197,9,1
688197,10,1
688197,11,0
688197,12,0
688225,1,1
688225,2,1
688225,3,1
688225,4,1
688225,5,1
688225,6,1
688225,7,1
688225,8,1
688225,9,1
688225,10,1
688225,11,1
688225,12,1
688225,13,1
688225,14,1
688225,15,1
688236,1,1
688236,2,1
688236,3,1
688236,4,1
688236,5,1
688236,6,1
688236,7,1
688236,8,1
688236,9,1
688236,10,1
688236,11,0
688236,12,0
688248,1,1
688248,2,1
688248,3,1
688248,4,1
688248,5,1
688248,6,1
688248,7,1
688248,8,1
688248,9,0
688248,10,0
688253,1,1
688253,2,1
688253,3,1
688253,4,1
688253,5,1
688253,6,1
688253,7,1
688253,8,1
688253,9,1
688253,10,1
688253,11,1
688253,12,1
688253,13,1
688253,14,1
688253,15,1
688281,1,1
688281,2,1
688281,3,1
688281,4,1
688281,5,1
688281,6,1
688281,7,1
688281,8,1
688281,9,1
688281,10,1
688281,11,1
688281,12,1
688281,13,1
688281,14,1
688281,15,1
688291,1,1
688291,2,1
688291,3,1
688291,4,1
688291,5,1
688291,6,0
688291,7,0
688300,1,1
688300,2,1
688300,3,1
688300,4,1
688300,5,1
688300,6,1
688300,7,1
688300,8,0
688300,9,0
688307,1,1
688307,2,1
688307,3,1
688307,4,1
688307,5,1
688307,6,0
688307,7,0
688358,1,1
688358,2,1
688358,3,1
688358,4,1
688358,5,1
688358,6,1
688358,7,0
688358,8,0
688474,1,1
688474,2,1
688474,3,1
688474,4,1
688474,5,1
688474,6,1
688474,7,1
688474,8,1
688474,9,1
688474,10,0
688474,11,0
688502,1,1
688502,2,1
688502,3,1
688502,4,1
688502,5,1
688502,6,1
688502,7,1
688502,8,1
688502,9,0
688502,10,0
688506,1,1
688506,2,1
688506,3,1
688506,4,1
688506,5,1
688506,6,1
688506,7,1
688506,8,0
688506,9,0
688509,1,1
688509,2,1
688509,3,1
688509,4,1
688509,5,1
688509,6,1
688509,7,1
688509,8,1
688509,9,0
688509,10,0
688517,1,1
688517,2,1
688517,3,1
688517,4,1
688517,5,1
688517,6,0
688517,7,0
688521,1,1
688521,2,1
688521,3,1
688521,4,1
688521,5,1
688521,6,1
688521,7,1
688521,8,1
688521,9,0
688521,10,0
688525,1,1
688525,2,1
688525,3,1
688525,4,1
688525,5,1
688525,6,1
688525,7,1
688525,8,1
688525,9,1
688525,10,0
688525,11,0
688538,1,1
688538,2,1
688538,3,1
688538,4,1
688538,5,1
688538,6,1
688538,7,1
688538,8,1
688538,9,1
688538,10,1
688538,11,1
688538,12,1
688538,13,1
688538,14,1
688538,15,1
688540,1,1
688540,2,1
688540,3,1
688540,4,1
688540,5,1
688540,6,1
688540,7,1
688540,8,1
688540,9,1
688540,10,1
688540,11,1
688540,12,1
688540,13,1
688540,14,1
688540,15,1
688569,1,1
688569,2,1
688569,3,1
688569,4,1
688569,5,1
688569,6,1
688569,7,0
688569,8,0
688578,1,1
688578,2,1
688578,3,1
688578,4,1
688578,5,1
688578,6,1
688578,7,1
688578,8,1
688578,9,1
688578,10,1
688578,11,0
688578,12,0
688606,1,1
688606,2,1
688606,3,1
688606,4,1
688606,5,1
688606,6,1
688606,7,1
688606,8,1
688606,9,1
688606,10,1
688606,11,1
688606,12,1
688606,13,1
688606,14,1
688606,15,1
688609,1,1
688609,2,1
688609,3,1
688609,4,1
688609,5,1
688609,6,1
688609,7,1
688609,8,0
688609,9,0
688615,1,1
688615,2,1
688615,3,1
688615,4,1
688615,5,1
688615,6,1
688615,7,1
688615,8,1
688615,9,1
688615,10,0
688615,11,0
688687,1,1
688687,2,1
688687,3,1
688687,4,1
688687,5,1
688687,6,0
688687,7,0
688695,1,1
688695,2,1
688695,3,1
688695,4,1
688695,5,1
688695,6,1
688695,7,1
688695,8,1
688695,9,1
688695,10,1
688695,11,1
688695,12,1
688695,13,1
688695,14,1
688695,15,1
688702,1,1
688702,2,1
688702,3,1
688702,4,1
688702,5,1
688702,6,1
688702,7,1
688702,8,1
688702,9,0
688702,10,0
688712,1,1
688712,2,1
688712,3,1
688712,4,1
688712,5,1
688712,6,1
688712,7,0
688712,8,0
688729,1,1
688729,2,1
688729,3,1
688729,4,1
688729,5,1
688729,6,1
688729,7,1
688729,8,1
688729,9,1
688729,10,1
688729,11,1
688729,12,1
688729,13,1
688729,14,1
688729,15,1
688750,1,1
688750,2,1
688750,3,1
688750,4,1
688750,5,1
688750,6,1
688750,7,1
688750,8,1
688750,9,1
688750,10,0
688750,11,0
688764,1,1
688764,2,1
688764,3,1
688764,4,1
688764,5,1
688764,6,1
688764,7,1
688764,8,0
688764,9,0
688825,1,1
688825,2,1
688825,3,1
688825,4,1
688825,5,1
688825,6,1
688825,7,1
688825,8,1
688825,9,1
688825,10,1
688825,11,1
688825,12,1
688825,13,1
688825,14,1
688825,15,1
688834,1,1
688834,2,1
688834,3,1
688834,4,1
688834,5,1
688834,6,1
688834,7,1
688834,8,1
688834,9,1
688834,10,0
688834,11,0
688851,1,1
688851,2,1
688851,3,1
688851,4,1
688851,5,1
688851,6,1
688851,7,1
688851,8,1
688851,9,1
688851,10,0
688851,11,0
688881,1,1
688881,2,1
688881,3,1
688881,4,1
688881,5,1
688881,6,1
688881,7,1
688881,8,1
688881,9,1
688881,10,0
688881,11,0
688887,1,1
688887,2,1
688887,3,1
688887,4,1
688887,5,1
688887,6,1
688887,7,1
688887,8,1
688887,9,1
688887,10,0
688887,11,0
688920,1,1
688920,2,1
688920,3,1
688920,4,1
688920,5,1
688920,6,1
688920,7,1
688920,8,1
688920,9,1
688920,10,1
688920,11,0
688920,12,0
688932,1,1
688932,2,1
688932,3,1
688932,4,1
688932,5,1
688932,6,1
688932,7,1
688932,8,1
688932,9,0
688932,10,0
688962,1,1
688962,2,1
688962,3,1
688962,4,1
688962,5,1
688962,6,1
688962,7,1
688962,8,1
688962,9,0
688962,10,0
689030,1,1
689030,2,1
689030,3,1
689030,4,1
689030,5,1
689030,6,1
689030,7,1
689030,8,1
689030,9,1
689030,10,0
689030,11,0
689049,1,1
689049,2,1
689049,3,1
689049,4,1
689049,5,1
689049,6,1
689049,7,1
689049,8,0
689049,9,0
689064,1,1
689064,2,1
689064,3,1
689064,4,1
689064,5,1
689064,6,1
689064,7,1
689064,8,1
689064,9,1
689064,10,1
689064,11,0
689064,12,0
689068,1,1
689068,2,1
689068,3,1
689068,4,1
689068,5,1
689068,6,0
689068,7,0
689070,1,1
689070,2,1
689070,3,1
689070,4,1
689070,5,1
689070,6,1
689070,7,1
689070,8,1
689070,9,0
689070,10,0
689082,1,1
689082,2,1
689082,3,1
689082,4,1
689082,5,1
689082,6,1
689082,7,1
689082,8,1
689082,9,1
689082,10,1
689082,11,1
689082,12,1
689082,13,1
689082,14,1
689082,15,1
689084,1,1
689084,2,1
689084,3,1
689084,4,1
689084,5,1
689084,6,1
689084,7,1
689084,8,1
689084,9,0
689084,10,0
689091,1,1
689091,2,1
689091,3,1
689091,4,1
689091,5,1
689091,6,1
689091,7,1
689091,8,0
689091,9,0
689109,1,1
689109,2,1
689109,3,1
689109,4,1
689109,5,1
689109,6,1
689109,7,1
689109,8,1
689109,9,0
689109,10,0
689128,1,1
689128,2,1
689128,3,1
689128,4,1
689128,5,1
689128,6,1
689128,7,1
689128,8,1
689128,9,1
689128,10,0
689128,11,0
689147,1,1
689147,2,1
689147,3,1
689147,4,1
689147,5,1
689147,6,1
689147,7,1
689147,8,1
689147,9,1
689147,10,1
689147,11,1
689147,12,1
689147,13,0
689147,14,0
689157,1,1
689157,2,1
689157,3,1
689157,4,1
689157,5,1
689157,6,1
689157,7,1
689157,8,1
689157,9,1
689157,10,1
689157,11,0
689157,12,0
689198,1,1
689198,2,1
689198,3,1
689198,4,1
689198,5,1
689198,6,1
689198,7,1
689198,8,0
689198,9,0
689207,1,1
689207,2,1
689207,3,1
689207,4,1
689207,5,1
689207,6,1
689207,7,1
689207,8,1
689207,9,1
689207,10,1
689207,11,1
689207,12,1
689207,13,1
689207,14,1
689207,15,1
689227,1,1
689227,2,1
689227,3,1
689227,4,1
689227,5,1
689227,6,1
689227,7,1
689227,8,1
689227,9,1
689227,10,0
689227,11,0
689277,1,1
689277,2,1
689277,3,1
689277,4,1
689277,5,1
689277,6,1
689277,7,1
689277,8,1
689277,9,0
689277,10,0
689280,1,1
689280,2,1
689280,3,1
689280,4,1
689280,5,1
689280,6,1
689280,7,1
689280,8,1
689280,9,1
689280,10,1
689280,11,0
689280,12,0
689299,1,1
689299,2,1
689299,3,1
689299,4,1
689299,5,1
689299,6,1
689299,7,1
689299,8,1
689299,9,1
689299,10,1
689299,11,1
689299,12,1
689299,13,1
689299,14,1
689299,15,1
689325,1,1
689325,2,1
689325,3,1
689325,4,1
689325,5,1
689325,6,1
689325,7,1
689325,8,1
689325,9,0
689325,10,0
689327,1,1
689327,2,1
689327,3,1
689327,4,1
689327,5,1
689327,6,1
689327,7,1
689327,8,1
689327,9,0
689327,10,0
689341,1,1
689341,2,1
689341,3,1
689341,4,1
689341,5,1
689341,6,1
689341,7,1
689341,8,1
689341,9,1
689341,10,1
689341,11,1
689341,12,1
689341,13,1
689341,14,1
689341,15,1
689342,1,1
689342,2,1
689342,3,1
689342,4,1
689342,5,1
689342,6,1
689342,7,1
689342,8,1
689342,9,1
689342,10,1
689342,11,1
689342,12,1
689342,13,1
689342,14,1
689342,15,1
689345,1,1
689345,2,1
689345,3,1
689345,4,1
689345,5,1
689345,6,1
689345,7,1
689345,8,1
689345,9,0
689345,10,0
689346,1,1
689346,2,1
689346,3,1
689346,4,1
689346,5,1
689346,6,1
689346,7,1
689346,8,1
689346,9,1
689346,10,1
689346,11,1
689346,12,0
689346,13,0
689534,1,1
689534,2,1
689534,3,1
689534,4,1
689534,5,1
689534,6,1
689534,7,1
689534,8,1
689534,9,1
689534,10,1
689534,11,1
689534,12,1
689534,13,1
689534,14,1
689534,15,1
689627,1,1
689627,2,1
689627,3,1
689627,4,1
689627,5,1
689627,6,1
689627,7,0
689627,8,0
689630,1,1
689630,2,1
689630,3,1
689630,4,1
689630,5,1
689630,6,1
689630,7,1
689630,8,1
689630,9,0
689630,10,0
689648,1,1
689648,2,1
689648,3,1
689648,4,1
689648,5,1
689648,6,1
689648,7,1
689648,8,1
689648,9,0
689648,10,0
689709,1,1
689709,2,1
689709,3,1
689709,4,1
689709,5,1
689709,6,1
689709,7,1
689709,8,1
689709,9,0
689709,10,0
689734,1,1
689734,2,1
689734,3,1
689734,4,1
689734,5,1
689734,6,1
689734,7,1
689734,8,1
689734,9,0
689734,10,0
689770,1,1
689770,2,1
689770,3,1
689770,4,1
689770,5,1
689770,6,1
689770,7,1
689770,8,1
689770,9,0
689770,10,0
689780,1,1
689780,2,1
689780,3,1
689780,4,1
689780,5,1
689780,6,0
689780,7,0
689784,1,1
689784,2,1
689784,3,1
689784,4,1
689784,5,1
689784,6,1
689784,7,1
689784,8,1
689784,9,1
689784,10,0
689784,11,0
689814,1,1
689814,2,1
689814,3,1
689814,4,1
689814,5,1
689814,6,1
689814,7,1
689814,8,1
689814,9,1
689814,10,1
689814,11,1
689814,12,1
689814,13,1
689814,14,1
689814,15,1
689839,1,1
689839,2,1
689839,3,1
689839,4,1
689839,5,1
689839,6,1
689839,7,1
689839,8,1
689839,9,0
689839,10,0
689857,1,1
689857,2,1
689857,3,1
689857,4,1
689857,5,1
689857,6,1
689857,7,1
689857,8,1
689857,9,1
689857,10,0
689857,11,0
689866,1,1
689866,2,1
689866,3,1
689866,4,1
689866,5,1
689866,6,1
689866,7,1
689866,8,1
689866,9,0
689866,10,0
690127,1,1
690127,2,1
690127,3,1
690127,4,1
690127,5,1
690127,6,1
690127,7,1
690127,8,0
690127,9,0
690137,1,1
690137,2,1
690137,3,1
690137,4,1
690137,5,1
690137,6,1
690137,7,1
690137,8,1
690137,9,1
690137,10,1
690137,11,1
690137,12,1
690137,13,1
690137,14,1
690137,15,1
690149,1,1
690149,2,1
690149,3,1
690149,4,0
690149,5,0
690150,1,1
690150,2,1
690150,3,1
690150,4,1
690150,5,1
690150,6,1
690150,7,1
690150,8,1
690150,9,1
690150,10,1
690150,11,1
690150,12,1
690150,13,0
690150,14,0
690222,1,1
690222,2,1
690222,3,1
690222,4,1
690222,5,1
690222,6,1
690222,7,1
690222,8,0
690222,9,0
690223,1,1
690223,2,1
690223,3,1
690223,4,1
690223,5,1
690223,6,1
690223,7,1
690223,8,1
690223,9,1
690223,10,0
690223,11,0
690226,1,1
690226,2,1
690226,3,1
690226,4,1
690226,5,0
690226,6,0
690230,1,1
690230,2,1
690230,3,1
690230,4,1
690230,5,1
690230,6,1
690230,7,1
690230,8,1
690230,9,1
690230,10,0
690230,11,0
690250,1,1
690250,2,1
690250,3,1
690250,4,1
690250,5,1
690250,6,1
690250,7,1
690250,8,1
690250,9,0
690250,10,0
690263,1,1
690263,2,1
690263,3,1
690263,4,1
690263,5,1
690263,6,1
690263,7,1
690263,8,1
690263,9,1
690263,10,1
690263,11,1
690263,12,1
690263,13,1
690263,14,1
690263,15,1
690267,1,1
690267,2,1
690267,3,1
690267,4,1
690267,5,1
690267,6,1
690267,7,1
690267,8,1
690267,9,1
690267,10,0
690267,11,0
690334,1,1
690334,2,1
690334,3,1
690334,4,1
690334,5,1
690334,6,1
690334,7,1
690334,8,0
690334,9,0
690345,1,1
690345,2,1
690345,3,1
690345,4,1
690345,5,1
690345,6,1
690345,7,1
690345,8,1
690345,9,1
690345,10,1
690345,11,1
690345,12,1
690345,13,1
690345,14,1
690345,15,1
690375,1,1
690375,2,1
690375,3,1
690375,4,1
690375,5,1
690375,6,1
690375,7,1
690375,8,1
690375,9,1
690375,10,1
690375,11,0
690375,12,0
690402,1,1
690402,2,1
690402,3,1
690402,4,1
690402,5,1
690402,6,1
690402,7,1
690402,8,1
690402,9,1
690402,10,1
690402,11,1
690402,12,1
690402,13,0
690402,14,0
690413,1,1
690413,2,1
690413,3,1
690413,4,1
690413,5,1
690413,6,1
690413,7,1
690413,8,1
690413,9,1
690413,10,0
690413,11,0
690416,1,1
690416,2,1
690416,3,1
690416,4,1
690416,5,1
690416,6,1
690416,7,1
690416,8,1
690416,9,1
690416,10,1
690416,11,1
690416,12,1
690416,13,1
690416,14,1
690416,15,1
690490,1,1
690490,2,1
690490,3,1
690490,4,1
690490,5,1
690490,6,1
690490,7,1
690490,8,1
690490,9,1
690490,10,1
690490,11,1
690490,12,1
690490,13,1
690490,14,1
690490,15,1
690498,1,1
690498,2,1
690498,3,1
690498,4,1
690498,5,1
690498,6,1
690498,7,1
690498,8,1
690498,9,1
690498,10,0
690498,11,0
690554,1,1
690554,2,1
690554,3,1
690554,4,1
690554,5,1
690554,6,1
690554,7,1
690554,8,1
690554,9,1
690554,10,0
690554,11,0
690558,1,1
690558,2,1
690558,3,1
690558,4,1
690558,5,1
690558,6,1
690558,7,1
690558,8,1
690558,9,0
690558,10,0
690572,1,1
690572,2,1
690572,3,1
690572,4,1
690572,5,1
690572,6,1
690572,7,1
690572,8,0
690572,9,0
690573,1,1
690573,2,1
690573,3,1
690573,4,1
690573,5,1
690573,6,1
690573,7,1
690573,8,0
690573,9,0
690579,1,1
690579,2,1
690579,3,1
690579,4,1
690579,5,1
690579,6,1
690579,7,1
690579,8,1
690579,9,1
690579,10,1
690579,11,0
690579,12,0
690584,1,1
690584,2,1
690584,3,1
690584,4,1
690584,5,1
690584,6,1
690584,7,1
690584,8,1
690584,9,1
690584,10,0
690584,11,0
690615,1,1
690615,2,1
690615,3,1
690615,4,1
690615,5,1
690615,6,1
690615,7,0
690615,8,0
690675,1,1
690675,2,1
690675,3,1
690675,4,1
690675,5,1
690675,6,1
690675,7,1
690675,8,1
690675,9,1
690675,10,1
690675,11,1
690675,12,1
690675,13,0
690675,14,0
690678,1,1
690678,2,1
690678,3,1
690678,4,1
690678,5,1
690678,6,1
690678,7,1
690678,8,0
690678,9,0
690686,1,1
690686,2,1
690686,3,1
690686,4,1
690686,5,1
690686,6,1
690686,7,1
690686,8,1
690686,9,1
690686,10,1
690686,11,1
690686,12,1
690686,13,1
690686,14,1
690686,15,1
690688,1,1
690688,2,1
690688,3,1
690688,4,1
690688,5,1
690688,6,1
690688,7,1
690688,8,1
690688,9,0
690688,10,0
690712,1,1
690712,2,1
690712,3,1
690712,4,1
690712,5,1
690712,6,1
690712,7,1
690712,8,0
690712,9,0
690720,1,1
690720,2,1
690720,3,1
690720,4,1
690720,5,1
690720,6,1
690720,7,1
690720,8,1
690720,9,1
690720,10,0
690720,11,0
690722,1,1
690722,2,1
690722,3,1
690722,4,1
690722,5,1
690722,6,0
690722,7,0
690818,1,1
690818,2,1
690818,3,1
690818,4,1
690818,5,1
690818,6,1
690818,7,1
690818,8,1
690818,9,1
690818,10,1
690818,11,1
690818,12,1
690818,13,1
690818,14,1
690818,15,1
690847,1,1
690847,2,1
690847,3,1
690847,4,1
690847,5,1
690847,6,1
690847,7,1
690847,8,1
690847,9,1
690847,10,1
690847,11,1
690847,12,0
690847,13,0
690857,1,1
690857,2,1
690857,3,1
690857,4,1
690857,5,1
690857,6,1
690857,7,1
690857,8,1
690857,9,1
690857,10,1
690857,11,1
690857,12,1
690857,13,1
690857,14,1
690857,15,1
690867,1,1
690867,2,1
690867,3,1
690867,4,1
690867,5,1
690867,6,1
690867,7,1
690867,8,1
690867,9,0
690867,10,0
690889,1,1
690889,2,1
690889,3,1
690889,4,1
690889,5,1
690889,6,1
690889,7,1
690889,8,1
690889,9,1
690889,10,1
690889,11,1
690889,12,1
690889,13,1
690889,14,1
690889,15,1
690926,1,1
690926,2,1
690926,3,1
690926,4,1
690926,5,1
690926,6,1
690926,7,1
690926,8,1
690926,9,1
690926,10,1
690926,11,1
690926,12,1
690926,13,1
690926,14,1
690926,15,1
691030,1,1
691030,2,1
691030,3,1
691030,4,1
691030,5,1
691030,6,1
691030,7,1
691030,8,1
691030,9,1
691030,10,1
691030,11,1
691030,12,1
691030,13,1
691030,14,1
691030,15,1
691050,1,1
691050,2,1
691050,3,1
691050,4,1
691050,5,1
691050,6,1
691050,7,1
691050,8,1
691050,9,1
691050,10,0
691050,11,0
691073,1,1
691073,2,1
691073,3,1
691073,4,1
691073,5,1
691073,6,1
691073,7,1
691073,8,1
691073,9,1
691073,10,0
691073,11,0
691085,1,1
691085,2,1
691085,3,1
691085,4,1
691085,5,1
691085,6,1
691085,7,0
691085,8,0
691247,1,1
691247,2,1
691247,3,1
691247,4,1
691247,5,1
691247,6,1
691247,7,1
691247,8,1
691247,9,0
691247,10,0
691254,1,1
691254,2,1
691254,3,1
691254,4,1
691254,5,1
691254,6,1
691254,7,1
691254,8,1
691254,9,1
691254,10,1
691254,11,0
691254,12,0
691257,1,1
691257,2,1
691257,3,1
691257,4,1
691257,5,1
691257,6,1
691257,7,0
691257,8,0
691267,1,1
691267,2,1
691267,3,1
691267,4,1
691267,5,1
691267,6,1
691267,7,1
691267,8,1
691267,9,1
691267,10,0
691267,11,0
691308,1,1
691308,2,1
691308,3,1
691308,4,1
691308,5,1
691308,6,1
691308,7,1
691308,8,1
691308,9,1
691308,10,0
691308,11,0
691312,1,1
691312,2,1
691312,3,1
691312,4,1
691312,5,1
691312,6,1
691312,7,1
691312,8,1
691312,9,1
691312,10,1
691312,11,1
691312,12,1
691312,13,1
691312,14,1
691312,15,1
691322,1,1
691322,2,1
691322,3,1
691322,4,1
691322,5,1
691322,6,1
691322,7,1
691322,8,1
691322,9,0
691322,10,0
691344,1,1
691344,2,1
691344,3,1
691344,4,1
691344,5,1
691344,6,1
691344,7,1
691344,8,0
691344,9,0
691356,1,1
691356,2,1
691356,3,1
691356,4,1
691356,5,1
691356,6,1
691356,7,1
691356,8,0
691356,9,0
691359,1,1
691359,2,1
691359,3,1
691359,4,1
691359,5,1
691359,6,1
691359,7,1
691359,8,1
691359,9,1
691359,10,1
691359,11,0
691359,12,0
691366,1,1
691366,2,1
691366,3,1
691366,4,1
691366,5,1
691366,6,1
691366,7,1
691366,8,1
691366,9,1
691366,10,0
691366,11,0
691372,1,1
691372,2,1
691372,3,1
691372,4,1
691372,5,1
691372,6,1
691372,7,1
691372,8,1
691372,9,1
691372,10,1
691372,11,1
691372,12,1
691372,13,1
691372,14,1
691372,15,1
691420,1,1
691420,2,1
691420,3,1
691420,4,1
691420,5,1
691420,6,1
691420,7,1
691420,8,1
691420,9,0
691420,10,0
691611,1,1
691611,2,1
691611,3,1
691611,4,1
691611,5,1
691611,6,1
691611,7,1
691611,8,1
691611,9,1
691611,10,0
691611,11,0
691623,1,1
691623,2,1
691623,3,1
691623,4,1
691623,5,1
691623,6,1
691623,7,1
691623,8,1
691623,9,0
691623,10,0
691626,1,1
691626,2,1
691626,3,1
691626,4,1
691626,5,1
691626,6,1
691626,7,1
691626,8,1
691626,9,1
691626,10,0
691626,11,0
691636,1,1
691636,2,1
691636,3,1
691636,4,1
691636,5,1
691636,6,1
691636,7,1
691636,8,1
691636,9,1
691636,10,1
691636,11,0
691636,12,0
691669,1,1
691669,2,1
691669,3,1
691669,4,1
691669,5,1
691669,6,1
691669,7,1
691669,8,1
691669,9,0
691669,10,0
691674,1,1
691674,2,1
691674,3,1
691674,4,1
691674,5,1
691674,6,1
691674,7,1
691674,8,1
691674,9,0
691674,10,0
691678,1,1
691678,2,1
691678,3,1
691678,4,1
691678,5,1
691678,6,1
691678,7,1
691678,8,1
691678,9,0
691678,10,0
691679,1,1
691679,2,1
691679,3,1
691679,4,1
691679,5,0
691679,6,0
691692,1,1
691692,2,1
691692,3,1
691692,4,1
691692,5,1
691692,6,1
691692,7,1
691692,8,1
691692,9,1
691692,10,0
691692,11,0
692077,1,1
692077,2,1
692077,3,1
692077,4,1
692077,5,1
692077,6,1
692077,7,1
692077,8,1
692077,9,0
692077,10,0
692174,1,1
692174,2,1
692174,3,1
692174,4,1
692174,5,1
692174,6,1
692174,7,1
692174,8,1
692174,9,0
692174,10,0
692364,1,1
692364,2,1
692364,3,1
692364,4,1
692364,5,1
692364,6,1
692364,7,1
692364,8,1
692364,9,1
692364,10,1
692364,11,0
692364,12,0
692507,1,1
692507,2,1
692507,3,1
692507,4,1
692507,5,1
692507,6,0
692507,7,0
692569,1,1
692569,2,1
692569,3,1
692569,4,1
692569,5,1
692569,6,1
692569,7,1
692569,8,1
692569,9,1
692569,10,1
692569,11,1
692569,12,1
692569,13,1
692569,14,1
692569,15,1
692602,1,1
692602,2,1
692602,3,1
692602,4,1
692602,5,1
692602,6,1
692602,7,1
692602,8,0
692602,9,0
692624,1,1
692624,2,1
692624,3,1
692624,4,1
692624,5,1
692624,6,1
692624,7,1
692624,8,0
692624,9,0
692701,1,1
692701,2,1
692701,3,1
692701,4,1
692701,5,1
692701,6,1
692701,7,1
692701,8,1
692701,9,1
692701,10,1
692701,11,1
692701,12,1
692701,13,1
692701,14,1
692701,15,0
692743,1,1
692743,2,1
692743,3,1
692743,4,1
692743,5,1
692743,6,1
692743,7,1
692743,8,0
692743,9,0
692808,1,1
692808,2,1
692808,3,1
692808,4,1
692808,5,1
692808,6,1
692808,7,1
692808,8,1
692808,9,1
692808,10,0
692808,11,0
692820,1,1
692820,2,1
692820,3,1
692820,4,1
692820,5,1
692820,6,1
692820,7,1
692820,8,1
692820,9,0
692820,10,0
693037,1,1
693037,2,1
693037,3,1
693037,4,1
693037,5,1
693037,6,1
693037,7,1
693037,8,1
693037,9,1
693037,10,1
693037,11,1
693037,12,1
693037,13,1
693037,14,1
693037,15,1
693039,1,1
693039,2,1
693039,3,1
693039,4,1
693039,5,1
693039,6,1
693039,7,1
693039,8,1
693039,9,1
693039,10,0
693039,11,0
693058,1,1
693058,2,1
693058,3,1
693058,4,1
693058,5,1
693058,6,1
693058,7,1
693058,8,1
693058,9,1
693058,10,0
693058,11,0
693060,1,1
693060,2,1
693060,3,1
693060,4,1
693060,5,1
693060,6,0
693060,7,0
693061,1,1
693061,2,1
693061,3,1
693061,4,1
693061,5,1
693061,6,1
693061,7,1
693061,8,0
693061,9,0
693063,1,1
693063,2,1
693063,3,1
693063,4,1
693063,5,1
693063,6,0
693063,7,0
693079,1,1
693079,2,1
693079,3,1
693079,4,1
693079,5,1
693079,6,1
693079,7,1
693079,8,0
693079,9,0
693115,1,1
693115,2,1
693115,3,1
693115,4,1
693115,5,1
693115,6,1
693115,7,1
693115,8,1
693115,9,1
693115,10,1
693115,11,0
693115,12,0
693202,1,1
693202,2,1
693202,3,1
693202,4,1
693202,5,1
693202,6,1
693202,7,0
693202,8,0
693285,1,1
693285,2,1
693285,3,1
693285,4,1
693285,5,1
693285,6,1
693285,7,1
693285,8,1
693285,9,0
693285,10,0
693318,1,1
693318,2,1
693318,3,1
693318,4,1
693318,5,1
693318,6,1
693318,7,1
693318,8,1
693318,9,1
693318,10,1
693318,11,1
693318,12,1
693318,13,1
693318,14,1
693318,15,1
693437,1,1
693437,2,1
693437,3,1
693437,4,1
693437,5,1
693437,6,1
693437,7,1
693437,8,0
693437,9,0
693487,1,1
693487,2,1
693487,3,1
693487,4,1
693487,5,1
693487,6,1
693487,7,1
693487,8,0
693487,9,0
693622,1,1
693622,2,1
693622,3,1
693622,4,1
693622,5,1
693622,6,1
693622,7,1
693622,8,1
693622,9,0
693622,10,0
693629,1,1
693629,2,1
693629,3,1
693629,4,1
693629,5,1
693629,6,1
693629,7,1
693629,8,1
693629,9,0
693629,10,0
693637,1,1
693637,2,1
693637,3,1
693637,4,1
693637,5,1
693637,6,1
693637,7,1
693637,8,1
693637,9,1
693637,10,1
693637,11,1
693637,12,1
693637,13,1
693637,14,1
693637,15,1
693683,1,1
693683,2,1
693683,3,1
693683,4,1
693683,5,1
693683,6,1
693683,7,1
693683,8,0
693683,9,0
693694,1,1
693694,2,1
693694,3,1
693694,4,1
693694,5,1
693694,6,1
693694,7,1
693694,8,1
693694,9,0
693694,10,0
693759,1,1
693759,2,1
693759,3,1
693759,4,1
693759,5,1
693759,6,1
693759,7,1
693759,8,1
693759,9,0
693759,10,0
693765,1,1
693765,2,1
693765,3,1
693765,4,1
693765,5,1
693765,6,1
693765,7,1
693765,8,1
693765,9,1
693765,10,1
693765,11,1
693765,12,1
693765,13,1
693765,14,1
693765,15,1
693768,1,1
693768,2,1
693768,3,1
693768,4,1
693768,5,1
693768,6,1
693768,7,1
693768,8,1
693768,9,1
693768,10,0
693768,11,0
693925,1,1
693925,2,1
693925,3,1
693925,4,1
693925,5,1
693925,6,1
693925,7,1
693925,8,1
693925,9,1
693925,10,1
693925,11,1
693925,12,1
693925,13,1
693925,14,1
693925,15,1
694005,1,1
694005,2,1
694005,3,1
694005,4,1
694005,5,1
694005,6,1
694005,7,1
694005,8,1
694005,9,1
694005,10,1
694005,11,1
694005,12,1
694005,13,1
694005,14,1
694005,15,0
694125,1,1
694125,2,1
694125,3,1
694125,4,1
694125,5,1
694125,6,1
694125,7,1
694125,8,1
694125,9,1
694125,10,1
694125,11,0
694125,12,0
694127,1,1
694127,2,1
694127,3,1
694127,4,1
694127,5,0
694127,6,0
694142,1,1
694142,2,1
694142,3,1
694142,4,1
694142,5,1
694142,6,1
694142,7,1
694142,8,1
694142,9,1
694142,10,1
694142,11,1
694142,12,1
694142,13,1
694142,14,0
694142,15,0
694146,1,1
694146,2,1
694146,3,1
694146,4,1
694146,5,1
694146,6,1
694146,7,1
694146,8,0
694146,9,0
694183,1,1
694183,2,1
694183,3,1
694183,4,1
694183,5,1
694183,6,1
694183,7,1
694183,8,1
694183,9,1
694183,10,1
694183,11,1
694183,12,0
694183,13,0
694186,1,1
694186,2,1
694186,3,1
694186,4,1
694186,5,1
694186,6,1
694186,7,1
694186,8,1
694186,9,0
694186,10,0
694200,1,1
694200,2,1
694200,3,1
694200,4,1
694200,5,1
694200,6,1
694200,7,1
694200,8,0
694200,9,0
694421,1,1
694421,2,1
694421,3,1
694421,4,1
694421,5,1
694421,6,1
694421,7,1
694421,8,1
694421,9,1
694421,10,1
694421,11,1
694421,12,1
694421,13,1
694421,14,0
694421,15,0
694423,1,1
694423,2,1
694423,3,1
694423,4,1
694423,5,1
694423,6,1
694423,7,1
694423,8,1
694423,9,0
694423,10,0
694458,1,1
694458,2,1
694458,3,1
694458,4,1
694458,5,1
694458,6,1
694458,7,1
694458,8,1
694458,9,1
694458,10,1
694458,11,0
694458,12,0
694461,1,1
694461,2,1
694461,3,1
694461,4,1
694461,5,1
694461,6,1
694461,7,1
694461,8,1
694461,9,1
694461,10,1
694461,11,1
694461,12,1
694461,13,1
694461,14,1
694461,15,1
694462,1,1
694462,2,1
694462,3,1
694462,4,1
694462,5,1
694462,6,1
694462,7,1
694462,8,1
694462,9,1
694462,10,1
694462,11,1
694462,12,0
694462,13,0
694476,1,1
694476,2,1
694476,3,1
694476,4,1
694476,5,1
694476,6,1
694476,7,1
694476,8,1
694476,9,1
694476,10,0
694476,11,0
694482,1,1
694482,2,1
694482,3,1
694482,4,1
694482,5,1
694482,6,1
694482,7,1
694482,8,0
694482,9,0
694515,1,1
694515,2,1
694515,3,1
694515,4,1
694515,5,1
694515,6,1
694515,7,0
694515,8,0
694517,1,1
694517,2,1
694517,3,1
694517,4,1
694517,5,1
694517,6,1
694517,7,1
694517,8,0
694517,9,0
694521,1,1
694521,2,1
694521,3,1
694521,4,1
694521,5,1
694521,6,1
694521,7,1
694521,8,1
694521,9,0
694521,10,0
694522,1,1
694522,2,1
694522,3,1
694522,4,1
694522,5,1
694522,6,1
694522,7,1
694522,8,0
694522,9,0
694566,1,1
694566,2,1
694566,3,1
694566,4,1
694566,5,1
694566,6,1
694566,7,1
694566,8,1
694566,9,1
694566,10,1
694566,11,1
694566,12,1
694566,13,1
694566,14,1
694566,15,1
694678,1,1
694678,2,1
694678,3,1
694678,4,1
694678,5,1
694678,6,1
694678,7,1
694678,8,1
694678,9,1
694678,10,0
694678,11,0
694859,1,1
694859,2,1
694859,3,1
694859,4,1
694859,5,1
694859,6,1
694859,7,1
694859,8,0
694859,9,0
