participant_id,L1,L2,L3,L4,L5,L6,L7,L8,L9,L10,L11,L12,L13,L14,L15,L16,L17,L18,L19,L20,L21
647198,1,1,1,1,1,1,0,0,0,0,0,0,0,0,0,0,0,0,0,0,0
493503,1,1,1,1,1,1,1,1,1,1,1,1,1,1,1,1,1,1,1,1,1
678780,1,1,1,1,1,1,0,0,0,0,0,0,0,0,0,0,0,0,0,0,0
703181,1,1,1,1,1,1,1,1,1,0,1,1,0,1,1,1,1,1,1,1,1
314282,1,1,1,1,1,0,0,0,0,0,0,0,0,0,0,0,0,0,0,0,0
700864,1,1,1,1,1,1,1,0,0,0,0,0,0,0,0,0,0,0,0,0,0
664836,0,1,0,0,0,0,0,0,0,0,0,0,0,0,0,0,0,0,0,0,0
701221,1,1,1,1,1,1,1,0,0,0,0,0,0,0,0,0,0,0,0,0,0
686757,1,1,1,1,1,1,0,1,0,0,0,0,0,0,0,0,0,0,0,0,0
399078,1,1,1,1,1,1,1,1,1,1,1,0,1,0,0,0,0,0,0,0,0
681052,1,1,1,1,1,1,0,0,0,0,0,0,0,0,0,0,0,0,0,0,0
682562,1,1,1,1,1,1,1,1,1,0,0,0,0,0,0,0,0,0,0,0,0
700016,1,1,1,1,1,0,0,0,0,0,0,0,0,0,0,0,0,0,0,0,0
582674,1,1,1,1,1,1,0,1,0,0,0,0,0,0,0,0,0,0,0,0,0
697804,1,1,1,1,1,0,0,0,0,0,0,0,0,0,0,0,0,0,0,0,0
679034,1,1,1,1,1,1,1,0,1,0,0,0,0,0,0,0,0,0,0,0,0
587510,1,1,1,1,1,1,0,0,0,0,0,0,0,0,0,0,0,0,0,0,0
674562,1,1,1,0,1,0,0,0,0,0,0,0,0,0,0,0,0,0,0,0,0
658833,1,1,1,1,1,1,0,0,0,0,0,0,0,0,0,0,0,0,0,0,0
660713,1,1,1,1,1,1,1,0,0,0,0,0,0,0,0,0,0,0,0,0,0
428210,1,1,1,1,1,0,0,0,0,0,0,0,0,0,0,0,0,0,0,0,0
693862,1,1,1,1,1,1,0,1,1,1,1,1,1,1,1,1,0,1,1,1,1
329191,0,1,1,1,1,1,0,0,0,0,0,0,0,0,0,0,0,0,0,0,0
460008,1,1,1,1,0,0,0,0,0,0,0,0,0,0,0,0,0,0,0,0,0
680066,1,1,1,0,1,1,0,0,0,0,0,0,0,0,0,0,0,0,0,0,0
687757,1,1,1,1,1,1,1,1,1,1,1,1,1,1,1,1,1,1,1,1,1
300502,1,1,1,1,1,1,1,0,0,0,0,0,0,0,0,0,0,0,0,0,0
678248,1,1,1,1,1,1,1,1,1,1,1,1,0,0,0,0,0,0,0,0,0
699583,1,1,1,1,1,1,0,0,0,0,0,0,0,0,0,0,0,0,0,0,0
683215,1,1,1,1,1,1,0,0,0,0,0,0,0,0,0,0,0,0,0,0,0
686057,1,1,1,1,1,1,0,0,0,0,0,0,0,0,0,0,0,0,0,0,0
659047,1,1,1,1,1,1,1,1,1,1,1,1,1,1,1,1,1,1,1,1,1
665900,1,1,1,1,1,1,0,0,0,0,0,0,0,0,0,0,0,0,0,0,0
694517,1,1,1,1,1,1,0,0,0,0,0,0,0,0,0,0,0,0,0,0,0
680288,1,1,1,1,1,1,1,1,1,0,0,0,0,0,0,0,0,0,0,0,0
669414,1,1,1,1,1,0,0,0,0,0,0,0,0,0,0,0,0,0,0,0,0
388148,1,1,1,1,1,1,1,1,1,1,0,0,0,0,0,0,0,0,0,0,0
302815,1,1,1,1,1,1,1,1,1,0,0,0,0,0,0,0,0,0,0,0,0
696224,1,1,1,1,1,1,1,1,1,1,0,0,0,0,0,0,0,0,0,0,0
677154,1,1,1,1,1,0,0,0,0,0,0,0,0,0,0,0,0,0,0,0,0
441607,1,1,1,1,1,1,0,1,1,0,1,0,0,0,0,0,0,0,0,0,0
697718,1,1,1,1,1,1,0,1,0,0,0,0,0,0,0,0,0,0,0,0,0
636660,1,1,1,1,1,0,1,1,1,1,1,1,1,1,1,1,1,1,1,1,1
676510,1,1,1,1,1,0,0,0,0,0,0,0,0,0,0,0,0,0,0,0,0
699829,1,1,1,1,1,1,1,1,1,0,0,0,0,0,0,0,0,0,0,0,0
677102,1,1,1,1,1,0,0,0,0,0,0,0,0,0,0,0,0,0,0,0,0
672099,1,1,1,1,1,1,0,0,0,0,0,0,0,0,0,0,0,0,0,0,0
697861,1,1,1,1,1,1,1,0,0,0,0,0,0,0,0,0,0,0,0,0,0
696633,0,1,1,1,1,1,0,1,0,0,0,0,0,0,0,0,0,0,0,0,0
473362,1,1,1,1,1,1,1,1,1,0,0,0,0,0,0,0,0,0,0,0,0
658652,1,1,0,1,1,1,0,0,0,0,0,0,0,0,0,0,0,0,0,0,0
687242,1,1,1,1,1,0,1,0,0,0,0,0,0,0,0,0,0,0,0,0,0
657354,1,1,1,1,1,0,0,0,0,0,0,0,0,0,0,0,0,0,0,0,0
688019,1,1,1,1,1,1,0,1,1,1,1,1,1,1,1,1,1,1,1,1,1
661495,1,1,1,1,1,1,1,1,1,1,0,0,0,0,0,0,0,0,0,0,0
701057,1,1,1,1,1,1,0,0,0,0,0,0,0,0,0,0,0,0,0,0,0
676665,1,1,1,1,1,1,1,1,0,0,0,0,0,0,0,0,0,0,0,0,0
691623,1,1,1,1,0,1,0,0,0,0,0,0,0,0,0,0,0,0,0,0,0
537908,1,1,1,1,1,1,0,0,0,0,0,0,0,0,0,0,0,0,0,0,0
694867,1,1,1,1,1,1,1,1,0,0,0,0,0,0,0,0,0,0,0,0,0
664716,1,1,1,1,1,1,1,1,1,0,0,0,0,0,0,0,0,0,0,0,0
700783,1,1,1,1,1,1,1,1,0,1,0,1,0,0,0,0,0,0,0,0,0
661697,1,1,1,1,1,1,1,1,0,1,0,0,0,0,0,0,0,0,0,0,0
690879,1,1,1,1,1,1,0,0,0,0,0,0,0,0,0,0,0,0,0,0,0
659748,1,1,1,1,1,0,0,0,0,0,0,0,0,0,0,0,0,0,0,0,0
682614,1,1,1,1,1,1,1,1,0,0,0,0,0,0,0,0,0,0,0,0,0
663296,1,1,1,1,1,1,0,1,0,0,0,0,0,0,0,0,0,0,0,0,0
666837,1,1,1,1,1,0,0,0,0,0,0,0,0,0,0,0,0,0,0,0,0
690912,1,1,1,1,1,1,0,0,0,0,0,0,0,0,0,0,0,0,0,0,0
694704,1,1,1,1,1,1,0,1,0,0,0,0,0,0,0,0,0,0,0,0,0
622205,1,1,1,1,1,1,0,1,1,1,0,0,0,0,0,0,0,0,0,0,0
662814,1,1,1,1,1,1,0,1,0,1,1,1,1,1,1,1,1,1,1,1,1
669008,1,1,1,1,1,1,1,1,1,1,0,1,1,1,1,1,1,1,1,1,1
681507,1,1,1,1,1,1,1,0,0,0,0,0,0,0,0,0,0,0,0,0,0
690453,1,1,1,1,1,1,1,1,1,0,0,0,0,0,0,0,0,0,0,0,0
700520,1,1,1,1,1,1,0,0,0,0,0,0,0,0,0,0,0,0,0,0,0
691661,1,1,1,1,1,1,1,1,1,0,0,0,0,0,0,0,0,0,0,0,0
663836,1,1,1,1,1,1,0,0,0,0,0,0,0,0,0,0,0,0,0,0,0
465054,1,1,1,0,1,0,0,0,0,0,0,0,0,0,0,0,0,0,0,0,0
678828,1,1,1,0,1,0,0,0,0,0,0,0,0,0,0,0,0,0,0,0,0
699905,1,1,1,1,1,0,0,0,0,0,0,0,0,0,0,0,0,0,0,0,0
684069,1,1,1,1,1,0,0,0,0,0,0,0,0,0,0,0,0,0,0,0,0
675217,1,1,1,0,1,1,0,0,0,0,0,0,0,0,0,0,0,0,0,0,0
662125,1,1,1,1,1,1,1,1,0,0,0,0,0,0,0,0,0,0,0,0,0
694583,1,1,1,1,1,1,1,1,1,1,1,1,1,1,1,1,1,1,1,1,1
668442,1,1,1,1,1,1,0,0,0,0,0,0,0,0,0,0,0,0,0,0,0
666405,1,1,1,1,1,1,1,1,1,1,0,1,0,1,1,0,0,0,0,0,0
668728,1,1,1,1,1,1,0,0,0,0,0,0,0,0,0,0,0,0,0,0,0
703820,1,1,1,1,1,1,1,0,1,0,0,0,0,0,0,0,0,0,0,0,0
700690,1,1,1,1,1,1,1,0,0,0,0,0,0,0,0,0,0,0,0,0,0
685869,1,1,1,1,1,1,0,1,0,0,0,0,0,0,0,0,0,0,0,0,0
670827,1,1,1,1,1,1,1,1,1,1,1,1,0,1,0,0,0,0,0,0,0
633515,1,1,1,1,1,1,1,1,1,1,0,0,0,0,0,0,0,0,0,0,0
703829,1,1,1,1,1,1,1,0,0,0,0,0,0,0,0,0,0,0,0,0,0
697445,1,1,1,1,1,1,0,0,0,0,0,0,0,0,0,0,0,0,0,0,0
692895,1,1,1,1,1,1,0,0,0,0,0,0,0,0,0,0,0,0,0,0,0
647728,0,1,1,1,1,0,1,0,0,0,0,0,0,0,0,0,0,0,0,0,0
702766,1,1,1,1,1,1,0,1,1,1,1,0,0,0,0,0,0,0,0,0,0
661227,1,1,1,1,1,1,0,0,0,0,0,0,0,0,0,0,0,0,0,0,0
602294,1,1,1,1,1,0,0,0,0,0,0,0,0,0,0,0,0,0,0,0,0
701568,1,1,1,1,1,1,0,0,0,0,0,0,0,0,0,0,0,0,0,0,0
697068,1,1,1,1,1,1,0,1,1,1,1,1,1,0,0,0,0,0,0,0,0
693646,1,1,1,1,1,1,1,0,0,0,0,0,0,0,0,0,0,0,0,0,0
703764,1,1,1,1,1,1,1,1,0,0,0,0,0,0,0,0,0,0,0,0,0
669481,1,1,1,1,1,1,0,1,1,1,1,1,1,1,1,1,0,1,1,1,1
354723,1,1,1,1,1,1,0,0,0,0,0,0,0,0,0,0,0,0,0,0,0
700808,1,1,1,1,1,1,0,0,0,0,0,0,0,0,0,0,0,0,0,0,0
671893,1,1,1,1,1,1,1,0,0,0,0,0,0,0,0,0,0,0,0,0,0
691039,1,1,1,1,1,1,0,0,0,0,0,0,0,0,0,0,0,0,0,0,0
661620,1,1,1,1,1,1,0,0,0,0,0,0,0,0,0,0,0,0,0,0,0
694419,1,1,1,1,1,1,0,0,0,0,0,0,0,0,0,0,0,0,0,0,0
670299,0,0,0,0,0,0,0,0,0,0,0,0,0,0,0,0,0,0,0,0,0
670497,1,1,1,1,1,1,0,0,0,0,0,0,0,0,0,0,0,0,0,0,0
435049,1,1,1,1,1,1,1,0,1,0,0,0,0,0,0,0,0,0,0,0,0
661665,1,1,1,1,1,1,1,1,0,1,0,0,0,0,0,0,0,0,0,0,0
659406,1,1,1,1,0,0,0,0,0,0,0,0,0,0,0,0,0,0,0,0,0
662428,1,1,1,1,1,1,1,1,1,0,0,0,0,0,0,0,0,0,0,0,0
176775,1,1,1,1,1,1,0,1,1,1,1,1,1,1,1,1,1,1,1,1,1
692664,1,1,1,1,1,1,1,1,0,0,0,0,0,0,0,0,0,0,0,0,0
544729,1,1,1,1,1,1,1,0,1,1,1,1,1,1,1,1,1,1,1,1,1
680197,1,1,1,1,1,1,1,0,0,0,0,0,0,0,0,0,0,0,0,0,0
605156,1,1,1,0,1,0,0,0,0,0,0,0,0,0,0,0,0,0,0,0,0
687489,1,1,1,1,1,1,0,1,0,0,0,0,0,0,0,0,0,0,0,0,0
629425,1,1,1,1,1,1,1,1,1,1,1,1,0,1,1,1,1,1,1,1,0
670533,1,1,1,1,0,0,0,0,0,0,0,0,0,0,0,0,0,0,0,0,0
695210,1,1,1,1,1,1,1,1,0,0,0,0,0,0,0,0,0,0,0,0,0
672741,0,1,1,1,1,0,0,0,0,0,0,0,0,0,0,0,0,0,0,0,0
702387,1,1,1,1,1,1,1,1,0,1,0,0,0,0,0,0,0,0,0,0,0
694156,1,1,1,1,1,0,0,0,0,0,0,0,0,0,0,0,0,0,0,0,0
695645,1,1,1,1,1,1,1,1,0,1,0,0,0,0,0,0,0,0,0,0,0
676407,1,1,1,1,0,0,0,0,0,0,0,0,0,0,0,0,0,0,0,0,0
627473,1,1,1,1,1,1,0,1,0,1,1,1,0,1,1,1,1,1,1,1,1
697338,0,0,0,0,0,0,0,0,0,0,0,0,0,0,0,0,0,0,0,0,0
662067,1,1,0,1,1,0,0,0,0,0,0,0,0,0,0,0,0,0,0,0,0
680317,1,1,1,1,1,0,1,0,1,0,0,0,0,0,0,0,0,0,0,0,0
687147,1,1,1,1,1,1,0,0,0,0,0,0,0,0,0,0,0,0,0,0,0
669243,1,1,1,1,1,1,0,1,1,1,1,0,0,0,0,0,0,0,0,0,0
692826,1,1,1,1,1,1,0,0,0,0,0,0,0,0,0,0,0,0,0,0,0
679392,1,1,1,1,1,1,1,1,0,0,0,0,0,0,0,0,0,0,0,0,0
695255,1,1,1,1,1,1,1,1,0,1,0,0,0,0,0,0,0,0,0,0,0
686815,1,1,1,1,1,1,0,1,1,0,0,0,0,0,0,0,0,0,0,0,0
679084,1,1,1,1,1,1,1,1,1,1,1,1,1,1,1,1,1,1,1,1,1
666337,1,1,1,1,1,1,0,1,0,0,0,0,0,0,0,0,0,0,0,0,0
501732,1,1,1,1,1,1,0,1,1,0,1,1,1,1,1,1,1,1,1,1,1
680275,1,1,1,1,1,1,1,1,0,1,0,0,0,0,0,0,0,0,0,0,0
695752,1,1,1,1,1,1,0,0,0,0,0,0,0,0,0,0,0,0,0,0,0
643698,1,1,1,1,1,1,1,1,0,0,0,0,0,0,0,0,0,0,0,0,0
660876,1,1,1,1,1,1,1,0,1,0,0,0,0,0,0,0,0,0,0,0,0
666382,1,1,1,1,1,1,1,0,0,0,0,0,0,0,0,0,0,0,0,0,0
704643,1,1,1,1,1,1,1,1,1,0,1,0,0,0,0,0,0,0,0,0,0
658140,1,1,1,1,1,1,0,0,0,0,0,0,0,0,0,0,0,0,0,0,0
545741,1,1,1,1,1,1,1,0,0,0,0,0,0,0,0,0,0,0,0,0,0
685181,1,1,1,1,1,1,1,1,1,1,0,1,0,0,0,0,0,0,0,0,0
700311,1,1,1,1,1,0,0,0,0,0,0,0,0,0,0,0,0,0,0,0,0
370512,1,1,1,0,1,0,0,0,0,0,0,0,0,0,0,0,0,0,0,0,0
680114,1,1,1,1,1,0,0,0,0,0,0,0,0,0,0,0,0,0,0,0,0
690905,1,1,1,1,1,1,0,1,1,0,0,0,0,0,0,0,0,0,0,0,0
700041,1,1,1,1,1,1,1,1,1,0,0,0,0,0,0,0,0,0,0,0,0
661368,1,1,1,1,1,1,1,0,0,0,0,0,0,0,0,0,0,0,0,0,0
310064,1,1,1,1,1,0,1,0,0,0,0,0,0,0,0,0,0,0,0,0,0
594453,1,1,1,1,0,0,0,0,0,0,0,0,0,0,0,0,0,0,0,0,0
659904,1,1,1,1,1,1,0,1,1,0,1,1,1,1,1,1,1,1,0,1,1
702947,1,0,1,0,0,0,0,0,0,0,0,0,0,0,0,0,0,0,0,0,0
666099,1,1,1,1,1,1,1,1,1,0,1,0,0,0,0,0,0,0,0,0,0
659359,1,1,0,1,0,1,0,0,0,0,0,0,0,0,0,0,0,0,0,0,0
695739,1,1,1,1,1,1,1,0,1,0,0,0,0,0,0,0,0,0,0,0,0
694061,1,1,1,1,1,1,0,1,1,0,0,0,0,0,0,0,0,0,0,0,0
679655,1,1,1,1,1,1,1,0,1,1,0,0,0,0,0,0,0,0,0,0,0
335906,1,1,1,0,1,0,0,0,0,0,0,0,0,0,0,0,0,0,0,0,0
680440,1,1,1,1,1,1,0,0,0,0,0,0,0,0,0,0,0,0,0,0,0
700456,1,1,1,0,1,1,0,0,0,0,0,0,0,0,0,0,0,0,0,0,0
547697,1,1,1,1,1,1,0,1,0,0,0,0,0,0,0,0,0,0,0,0,0
532814,1,1,1,1,1,1,1,1,1,1,1,1,1,1,1,1,1,1,1,1,1
700496,1,1,1,1,1,0,0,0,0,0,0,0,0,0,0,0,0,0,0,0,0
682659,1,1,1,1,1,1,1,1,1,1,0,0,0,0,0,0,0,0,0,0,0
549914,1,1,1,1,1,1,1,1,1,1,1,1,0,1,1,1,1,0,1,0,0
673173,1,1,1,1,1,1,1,0,1,0,0,0,0,0,0,0,0,0,0,0,0
667811,1,1,1,1,1,1,0,1,0,0,0,0,0,0,0,0,0,0,0,0,0
699248,1,1,1,1,1,1,1,1,1,0,0,0,0,0,0,0,0,0,0,0,0
578110,1,1,1,1,1,1,1,1,0,0,0,0,0,0,0,0,0,0,0,0,0
703486,1,1,1,1,1,1,0,0,0,0,0,0,0,0,0,0,0,0,0,0,0
702513,1,1,1,1,1,1,0,0,0,0,0,0,0,0,0,0,0,0,0,0,0
699963,1,1,1,1,1,1,1,1,0,0,0,0,0,0,0,0,0,0,0,0,0
702838,1,1,1,1,1,1,1,1,1,1,0,0,0,0,0,0,0,0,0,0,0
670645,1,1,1,1,1,1,1,1,0,0,0,0,0,0,0,0,0,0,0,0,0
680520,1,1,1,1,1,1,0,0,0,0,0,0,0,0,0,0,0,0,0,0,0
684040,1,1,1,1,1,1,0,0,0,0,0,0,0,0,0,0,0,0,0,0,0
409900,1,1,1,1,1,1,1,1,1,0,0,0,0,0,0,0,0,0,0,0,0
326316,1,1,1,1,1,1,0,0,0,0,0,0,0,0,0,0,0,0,0,0,0
660689,1,1,1,1,1,1,1,1,0,1,1,1,1,1,1,1,1,1,1,1,1
694436,1,1,1,1,1,1,0,0,0,0,0,0,0,0,0,0,0,0,0,0,0
662249,1,1,1,1,1,1,0,0,0,0,0,0,0,0,0,0,0,0,0,0,0
679077,1,1,1,1,1,1,0,1,1,0,0,0,0,0,0,0,0,0,0,0,0
665379,1,1,1,1,1,1,1,0,1,1,0,0,0,0,0,0,0,0,0,0,0
657394,1,1,1,1,1,0,0,0,0,0,0,0,0,0,0,0,0,0,0,0,0
691759,1,1,1,1,1,0,0,0,0,0,0,0,0,0,0,0,0,0,0,0,0
694669,1,1,1,1,1,1,0,0,0,0,0,0,0,0,0,0,0,0,0,0,0
258059,1,1,1,1,1,1,1,1,0,0,0,0,0,0,0,0,0,0,0,0,0
330723,1,1,1,0,0,0,0,0,0,0,0,0,0,0,0,0,0,0,0,0,0
688333,1,1,1,1,1,1,0,0,0,0,0,0,0,0,0,0,0,0,0,0,0
657490,0,0,0,0,0,0,0,0,0,0,0,0,0,0,0,0,0,0,0,0,0
694920,1,1,1,1,1,1,0,0,0,0,0,0,0,0,0,0,0,0,0,0,0
567683,1,1,1,1,1,1,0,0,0,0,0,0,0,0,0,0,0,0,0,0,0
700697,1,1,1,1,1,1,0,0,0,0,0,0,0,0,0,0,0,0,0,0,0
696951,1,1,1,1,1,1,1,0,0,0,0,0,0,0,0,0,0,0,0,0,0
464535,1,1,1,1,1,1,1,1,0,1,1,1,0,0,0,0,0,0,0,0,0
701945,1,1,1,1,1,1,1,1,1,1,1,1,1,1,1,1,1,1,1,1,1
661090,1,1,1,1,1,1,1,1,1,1,0,1,0,0,0,0,0,0,0,0,0
676948,1,1,1,1,1,1,0,0,0,0,0,0,0,0,0,0,0,0,0,0,0
678454,1,1,1,1,0,1,0,0,0,0,0,0,0,0,0,0,0,0,0,0,0
686379,1,1,1,1,1,1,0,0,0,0,0,0,0,0,0,0,0,0,0,0,0
527036,1,1,1,1,1,1,1,1,0,1,1,1,1,1,1,1,1,1,1,1,1
672047,1,1,1,1,1,1,0,0,0,0,0,0,0,0,0,0,0,0,0,0,0
663058,1,1,1,1,1,1,0,0,0,0,0,0,0,0,0,0,0,0,0,0,0
677020,1,1,1,1,1,1,1,1,1,1,0,1,0,0,0,0,0,0,0,0,0
686146,1,1,1,1,1,0,1,0,0,0,0,0,0,0,0,0,0,0,0,0,0
680405,1,1,1,1,1,1,0,1,1,0,1,0,0,0,0,0,0,0,0,0,0
699247,1,1,1,1,1,1,0,1,0,0,0,0,0,0,0,0,0,0,0,0,0
585784,1,1,1,1,1,1,0,0,0,0,0,0,0,0,0,0,0,0,0,0,0
670677,1,1,1,1,1,0,0,0,0,0,0,0,0,0,0,0,0,0,0,0,0
565952,1,1,1,1,1,1,0,1,0,0,0,0,0,0,0,0,0,0,0,0,0
672144,1,1,1,1,1,1,1,0,0,0,0,0,0,0,0,0,0,0,0,0,0
698086,1,1,1,1,1,1,0,1,1,1,0,0,0,0,0,0,0,0,0,0,0
673318,1,1,1,1,1,1,0,0,0,0,0,0,0,0,0,0,0,0,0,0,0
685368,1,1,1,1,1,1,1,1,1,1,0,0,0,0,0,0,0,0,0,0,0
669905,1,1,1,1,1,0,1,1,1,1,1,1,1,1,1,1,1,1,1,1,1
583660,1,1,1,1,1,1,0,0,0,0,0,0,0,0,0,0,0,0,0,0,0
662004,1,1,1,1,1,1,1,0,1,0,0,0,0,0,0,0,0,0,0,0,0
668165,1,1,1,1,0,0,0,0,0,0,0,0,0,0,0,0,0,0,0,0,0
692929,1,1,1,1,1,1,1,0,1,1,0,0,0,0,0,0,0,0,0,0,0
697716,1,1,1,1,1,1,1,0,1,1,1,0,0,0,0,0,0,0,0,0,0
383340,1,1,1,1,1,1,0,0,0,0,0,0,0,0,0,0,0,0,0,0,0
685092,1,1,1,1,1,1,1,0,1,0,0,0,0,0,0,0,0,0,0,0,0
703753,1,1,1,1,1,1,0,0,0,0,0,0,0,0,0,0,0,0,0,0,0
687442,1,1,1,1,1,1,0,0,0,0,0,0,0,0,0,0,0,0,0,0,0
658227,1,1,1,1,1,1,1,1,0,0,0,0,0,0,0,0,0,0,0,0,0
685336,1,1,1,1,1,0,0,0,0,0,0,0,0,0,0,0,0,0,0,0,0
681963,1,1,1,1,1,1,1,1,1,1,0,0,0,0,0,0,0,0,0,0,0
659432,1,1,1,1,1,1,0,1,1,1,1,0,1,0,1,0,0,0,0,0,0
660175,1,1,1,0,0,0,0,0,0,0,0,0,0,0,0,0,0,0,0,0,0
695814,1,1,1,1,1,0,1,1,0,0,0,0,0,0,0,0,0,0,0,0,0
686905,1,1,1,1,1,1,1,1,0,0,0,0,0,0,0,0,0,0,0,0,0
674314,1,1,1,1,1,1,0,1,0,0,0,0,0,0,0,0,0,0,0,0,0
690939,1,1,1,1,1,1,0,1,0,0,0,0,0,0,0,0,0,0,0,0,0
661144,1,1,1,1,1,0,0,0,0,0,0,0,0,0,0,0,0,0,0,0,0
605945,1,1,1,1,1,1,1,1,0,0,0,0,0,0,0,0,0,0,0,0,0
697811,1,1,1,1,1,1,1,1,1,1,1,1,0,1,0,0,0,0,0,0,0
699596,1,1,1,1,1,0,0,0,0,0,0,0,0,0,0,0,0,0,0,0,0
660989,1,1,1,1,1,1,0,0,0,0,0,0,0,0,0,0,0,0,0,0,0
660598,1,1,1,1,1,0,0,0,0,0,0,0,0,0,0,0,0,0,0,0,0
657028,1,1,1,1,1,0,0,0,0,0,0,0,0,0,0,0,0,0,0,0,0
699595,1,1,1,1,1,1,1,1,0,0,0,0,0,0,0,0,0,0,0,0,0
675515,1,1,1,1,1,1,0,1,0,0,0,0,0,0,0,0,0,0,0,0,0
647076,1,1,1,1,1,0,0,0,0,0,0,0,0,0,0,0,0,0,0,0,0
685923,1,1,1,1,1,0,0,0,0,0,0,0,0,0,0,0,0,0,0,0,0
674572,1,1,1,1,1,1,0,0,0,0,0,0,0,0,0,0,0,0,0,0,0
694593,1,1,1,1,1,1,0,1,0,1,1,1,1,1,1,1,1,1,1,1,1
679126,1,1,1,1,1,0,0,0,0,0,0,0,0,0,0,0,0,0,0,0,0
682685,1,1,1,1,1,1,0,0,0,0,0,0,0,0,0,0,0,0,0,0,0
678776,1,1,1,1,1,0,0,0,0,0,0,0,0,0,0,0,0,0,0,0,0
695766,1,1,1,1,1,1,1,1,1,1,1,1,1,1,1,1,1,1,1,1,1
675180,1,1,1,1,1,1,1,0,1,1,1,0,0,0,0,0,0,0,0,0,0
646174,1,1,1,1,0,0,0,0,0,0,0,0,0,0,0,0,0,0,0,0,0
686244,1,1,1,1,1,1,1,1,1,1,1,0,0,0,0,0,0,0,0,0,0
616942,1,1,1,1,1,1,0,0,0,0,0,0,0,0,0,0,0,0,0,0,0
665418,1,1,1,1,1,1,1,1,0,0,0,0,0,0,0,0,0,0,0,0,0
689480,1,1,1,1,1,0,0,0,0,0,0,0,0,0,0,0,0,0,0,0,0
679771,1,1,1,1,1,1,0,0,0,0,0,0,0,0,0,0,0,0,0,0,0
611834,1,1,1,1,1,1,1,1,1,0,0,0,0,0,0,0,0,0,0,0,0
677828,1,1,1,1,1,1,0,0,0,0,0,0,0,0,0,0,0,0,0,0,0
681160,1,1,1,1,1,1,1,1,1,1,0,0,0,0,0,0,0,0,0,0,0
700811,1,1,1,1,1,1,0,0,0,0,0,0,0,0,0,0,0,0,0,0,0
657949,1,1,1,1,1,1,0,1,1,0,0,0,0,0,0,0,0,0,0,0,0
694146,1,1,1,1,1,1,0,0,0,0,0,0,0,0,0,0,0,0,0,0,0
434201,1,1,1,1,1,1,1,1,1,0,0,0,0,0,0,0,0,0,0,0,0
660884,1,1,1,1,1,1,1,1,1,1,1,1,1,1,1,1,1,1,1,1,1
665829,1,1,1,1,1,1,0,0,0,0,0,0,0,0,0,0,0,0,0,0,0
677393,1,1,1,1,1,1,0,1,1,1,1,1,1,1,1,1,1,1,0,1,1
675484,1,1,1,1,1,1,1,1,1,1,0,0,0,0,0,0,0,0,0,0,0
700103,1,1,1,1,1,1,1,1,1,1,1,1,1,1,1,1,1,1,1,1,1
683682,1,1,1,1,1,1,1,1,0,1,0,1,0,0,0,0,0,0,0,0,0
688053,1,1,1,1,1,1,0,0,0,0,0,0,0,0,0,0,0,0,0,0,0
682457,1,1,0,1,0,0,0,0,0,0,0,0,0,0,0,0,0,0,0,0,0
657994,1,1,0,1,0,0,0,0,0,0,0,0,0,0,0,0,0,0,0,0,0
694560,1,1,1,1,1,1,1,1,0,1,0,0,0,0,0,0,0,0,0,0,0
495420,1,1,1,1,1,0,0,0,0,0,0,0,0,0,0,0,0,0,0,0,0
677044,1,1,1,1,1,1,1,1,1,1,0,0,0,0,0,0,0,0,0,0,0
665336,1,1,1,1,1,1,1,1,1,1,0,0,0,0,0,0,0,0,0,0,0
665046,1,1,1,1,1,1,1,1,0,0,0,0,0,0,0,0,0,0,0,0,0
357642,1,1,1,1,1,1,0,0,0,0,0,0,0,0,0,0,0,0,0,0,0
679602,1,1,1,1,1,1,1,0,0,0,0,0,0,0,0,0,0,0,0,0,0
658357,1,1,1,1,1,1,0,0,0,0,0,0,0,0,0,0,0,0,0,0,0
681410,1,1,1,1,1,1,1,1,0,1,0,0,0,0,0,0,0,0,0,0,0
680074,1,1,1,0,0,0,0,0,0,0,0,0,0,0,0,0,0,0,0,0,0
685026,1,1,1,1,1,1,0,0,0,0,0,0,0,0,0,0,0,0,0,0,0
322934,1,1,1,1,1,1,0,1,0,0,0,0,0,0,0,0,0,0,0,0,0
695858,1,1,1,1,1,1,0,0,0,0,0,0,0,0,0,0,0,0,0,0,0
679790,1,1,1,1,1,0,1,0,1,0,0,0,0,0,0,0,0,0,0,0,0
689627,1,1,1,1,1,1,0,0,0,0,0,0,0,0,0,0,0,0,0,0,0
659709,1,1,1,1,1,0,1,0,0,0,0,0,0,0,0,0,0,0,0,0,0
429046,1,1,1,1,1,1,1,0,1,1,1,1,1,1,1,1,1,1,1,1,1
695303,1,1,1,1,1,1,1,1,1,1,1,1,0,0,0,0,0,0,0,0,0
575764,1,1,1,1,1,1,1,1,0,0,0,0,0,0,0,0,0,0,0,0,0
670579,1,1,1,0,1,1,0,0,0,0,0,0,0,0,0,0,0,0,0,0,0
673824,1,1,1,1,1,0,0,0,0,0,0,0,0,0,0,0,0,0,0,0,0
668410,1,1,1,1,1,1,0,0,0,0,0,0,0,0,0,0,0,0,0,0,0
459571,1,1,1,1,1,1,1,1,1,1,0,0,0,0,0,0,0,0,0,0,0
690232,0,1,1,1,0,0,0,0,0,0,0,0,0,0,0,0,0,0,0,0,0
677722,1,1,1,1,1,1,0,1,1,0,0,0,0,0,0,0,0,0,0,0,0
690333,1,1,1,1,1,1,1,1,0,0,0,0,0,0,0,0,0,0,0,0,0
647757,1,1,1,1,1,1,0,0,0,0,0,0,0,0,0,0,0,0,0,0,0
703754,1,1,1,1,1,0,0,0,0,0,0,0,0,0,0,0,0,0,0,0,0
674818,1,1,1,1,1,1,0,1,0,0,0,0,0,0,0,0,0,0,0,0,0
565321,0,1,1,1,1,1,0,0,0,0,0,0,0,0,0,0,0,0,0,0,0
368800,1,1,1,1,1,1,0,1,0,0,0,0,0,0,0,0,0,0,0,0,0
599043,1,1,1,1,1,0,0,0,0,0,0,0,0,0,0,0,0,0,0,0,0
679633,1,1,1,1,1,1,0,0,0,0,0,0,0,0,0,0,0,0,0,0,0
364538,1,1,1,0,0,0,0,0,0,0,0,0,0,0,0,0,0,0,0,0,0
680202,1,1,1,1,1,1,1,0,1,0,0,0,0,0,0,0,0,0,0,0,0
691366,1,1,1,1,1,1,0,1,0,0,0,0,0,0,0,0,0,0,0,0,0
699410,1,1,1,1,1,1,1,1,1,1,0,0,0,0,0,0,0,0,0,0,0
702433,1,1,1,1,1,0,0,0,0,0,0,0,0,0,0,0,0,0,0,0,0
552444,1,1,1,1,1,1,1,1,1,1,1,1,1,1,1,1,1,1,1,1,1
679312,1,1,1,1,1,1,0,1,0,0,0,0,0,0,0,0,0,0,0,0,0
683311,1,1,1,1,1,0,0,0,0,0,0,0,0,0,0,0,0,0,0,0,0
658464,1,1,1,1,1,1,1,0,0,0,0,0,0,0,0,0,0,0,0,0,0
512876,1,1,1,1,1,1,1,0,1,0,0,0,0,0,0,0,0,0,0,0,0
369890,1,1,1,1,1,1,1,1,1,0,0,0,0,0,0,0,0,0,0,0,0
698535,1,1,1,1,1,1,1,1,1,0,1,1,1,1,1,1,0,0,0,0,0
658008,1,1,1,1,1,1,0,0,0,0,0,0,0,0,0,0,0,0,0,0,0
692817,1,1,1,1,1,1,1,1,1,1,1,1,1,0,1,1,1,0,0,0,0
684888,1,1,1,1,1,1,1,1,1,1,1,1,0,1,0,0,0,0,0,0,0
677475,1,1,1,1,1,1,0,1,1,1,1,1,1,1,1,1,1,1,1,1,1
693619,1,1,1,1,1,1,0,0,0,0,0,0,0,0,0,0,0,0,0,0,0
656495,1,1,1,1,1,1,1,1,0,0,0,0,0,0,0,0,0,0,0,0,0
658598,1,1,0,1,1,0,0,0,0,0,0,0,0,0,0,0,0,0,0,0,0
690277,1,1,1,1,0,1,0,0,0,0,0,0,0,0,0,0,0,0,0,0,0
277937,1,1,1,1,1,1,0,0,0,0,0,0,0,0,0,0,0,0,0,0,0
678622,1,1,1,1,1,1,1,1,1,0,0,0,0,0,0,0,0,0,0,0,0
688164,1,1,1,1,1,1,0,1,0,1,0,1,0,0,0,0,0,0,0,0,0
694142,1,1,1,1,1,1,1,0,1,1,1,1,1,1,0,1,1,1,1,0,0
701098,1,1,1,1,1,1,1,1,1,1,1,0,0,0,0,0,0,0,0,0,0
656556,1,1,1,1,1,1,0,0,0,0,0,0,0,0,0,0,0,0,0,0,0
697815,1,1,1,1,1,1,1,1,1,1,1,1,0,0,0,0,0,0,0,0,0
691358,1,1,1,1,1,1,1,0,0,0,0,0,0,0,0,0,0,0,0,0,0
677182,1,1,1,1,1,1,0,1,1,0,0,0,0,0,0,0,0,0,0,0,0
660978,1,1,1,1,1,1,1,1,1,0,0,0,0,0,0,0,0,0,0,0,0
364867,1,1,1,1,1,1,1,1,1,0,0,0,0,0,0,0,0,0,0,0,0
701531,1,1,1,1,1,0,0,0,0,0,0,0,0,0,0,0,0,0,0,0,0
693581,1,1,1,1,1,1,1,1,0,0,0,0,0,0,0,0,0,0,0,0,0
681262,1,1,1,1,1,1,1,1,1,0,0,0,0,0,0,0,0,0,0,0,0
687068,1,1,1,1,1,1,1,1,1,1,0,0,0,0,0,0,0,0,0,0,0
695350,1,1,1,1,1,1,0,0,0,0,0,0,0,0,0,0,0,0,0,0,0
659870,1,1,1,1,1,1,0,0,0,0,0,0,0,0,0,0,0,0,0,0,0
678818,1,1,1,1,1,1,0,0,0,0,0,0,0,0,0,0,0,0,0,0,0
687876,1,1,1,1,1,0,0,0,0,0,0,0,0,0,0,0,0,0,0,0,0
690700,1,1,1,1,1,1,0,0,0,0,0,0,0,0,0,0,0,0,0,0,0
686199,1,1,1,1,1,1,0,1,0,0,0,0,0,0,0,0,0,0,0,0,0
665045,1,1,1,1,1,1,0,0,0,0,0,0,0,0,0,0,0,0,0,0,0
693690,1,1,1,1,1,1,0,1,1,1,0,0,0,0,0,0,0,0,0,0,0
686752,1,1,1,1,1,1,0,0,0,0,0,0,0,0,0,0,0,0,0,0,0
695500,1,1,1,1,1,1,1,1,1,1,0,0,0,0,0,0,0,0,0,0,0
525797,1,1,1,1,1,1,1,1,1,0,0,0,0,0,0,0,0,0,0,0,0
660111,1,1,1,1,1,0,0,0,0,0,0,0,0,0,0,0,0,0,0,0,0
677505,1,1,1,1,1,1,1,1,1,1,1,1,1,1,1,1,1,1,1,1,0
685762,1,1,1,1,1,1,0,0,0,0,0,0,0,0,0,0,0,0,0,0,0
691381,1,1,1,1,1,1,0,0,0,0,0,0,0,0,0,0,0,0,0,0,0
692527,1,1,1,1,1,1,0,0,0,0,0,0,0,0,0,0,0,0,0,0,0
666040,1,1,1,1,1,1,0,1,0,0,0,0,0,0,0,0,0,0,0,0,0
686577,1,1,1,1,1,0,1,0,0,0,0,0,0,0,0,0,0,0,0,0,0
665591,1,1,1,1,1,1,1,1,1,1,0,1,1,0,1,1,1,1,1,1,1
689084,1,1,1,1,1,1,0,0,0,0,0,0,0,0,0,0,0,0,0,0,0
475230,1,0,1,1,1,1,1,1,1,1,1,1,1,1,1,1,1,1,1,0,0
656508,1,1,1,1,1,1,0,0,0,0,0,0,0,0,0,0,0,0,0,0,0
451615,1,1,1,1,1,1,1,1,1,1,0,0,0,0,0,0,0,0,0,0,0
696673,1,1,1,1,1,1,1,1,0,1,0,0,0,0,0,0,0,0,0,0,0
668204,1,1,1,0,0,0,0,0,0,0,0,0,0,0,0,0,0,0,0,0,0
690463,1,1,1,1,1,0,0,0,0,0,0,0,0,0,0,0,0,0,0,0,0
704462,1,1,1,1,1,1,1,0,1,0,0,0,0,0,0,0,0,0,0,0,0
680396,1,1,1,1,1,1,1,0,0,0,0,0,0,0,0,0,0,0,0,0,0
352401,1,1,1,1,1,1,0,0,0,0,0,0,0,0,0,0,0,0,0,0,0
566221,1,1,1,1,1,1,1,0,0,0,0,0,0,0,0,0,0,0,0,0,0
687797,1,1,1,1,1,1,0,0,0,0,0,0,0,0,0,0,0,0,0,0,0
661525,1,1,1,1,1,1,1,1,0,0,0,0,0,0,0,0,0,0,0,0,0
704529,1,1,1,1,1,0,1,0,0,0,0,0,0,0,0,0,0,0,0,0,0
679838,1,1,1,1,1,0,0,0,0,0,0,0,0,0,0,0,0,0,0,0,0
680608,1,1,1,1,1,0,0,0,0,0,0,0,0,0,0,0,0,0,0,0,0
688602,1,1,1,1,1,1,1,1,1,1,1,1,1,1,1,1,1,1,1,1,1
703392,1,1,1,1,1,0,1,0,0,0,0,0,0,0,0,0,0,0,0,0,0
665006,1,1,1,1,1,1,0,1,0,1,1,1,1,1,1,1,1,1,1,1,1
696517,1,1,1,1,1,1,1,1,1,1,1,0,0,0,0,0,0,0,0,0,0
465398,1,1,1,1,1,1,1,1,1,1,1,1,1,1,1,1,1,1,1,1,1
702731,1,1,1,1,1,1,1,1,1,1,1,0,0,0,0,0,0,0,0,0,0
671651,1,1,1,1,1,1,0,0,0,0,0,0,0,0,0,0,0,0,0,0,0
683061,1,1,1,1,1,1,1,0,0,0,0,0,0,0,0,0,0,0,0,0,0
694097,1,1,1,0,0,0,0,0,0,0,0,0,0,0,0,0,0,0,0,0,0
609549,1,1,1,1,1,1,1,1,1,0,0,0,0,0,0,0,0,0,0,0,0
685017,1,1,1,1,1,1,0,0,0,0,0,0,0,0,0,0,0,0,0,0,0
687207,1,1,1,1,1,1,1,1,1,1,0,0,0,0,0,0,0,0,0,0,0
704695,1,1,1,1,1,1,0,1,0,0,0,0,0,0,0,0,0,0,0,0,0
548150,1,1,1,1,1,1,1,1,1,1,1,1,1,1,1,1,1,1,1,1,1
655038,1,1,1,1,1,1,1,0,0,0,0,0,0,0,0,0,0,0,0,0,0
586765,1,1,1,1,1,1,0,0,0,0,0,0,0,0,0,0,0,0,0,0,0
694127,1,1,1,1,1,0,0,0,0,0,0,0,0,0,0,0,0,0,0,0,0
657265,1,1,1,1,1,1,1,1,0,1,1,0,0,0,0,0,0,0,0,0,0
556786,1,1,1,1,1,1,1,1,0,1,0,0,0,0,0,0,0,0,0,0,0
503618,1,1,1,1,1,1,0,0,0,0,0,0,0,0,0,0,0,0,0,0,0
700892,1,1,1,1,1,1,0,0,0,0,0,0,0,0,0,0,0,0,0,0,0
666311,1,1,1,1,1,0,0,0,0,0,0,0,0,0,0,0,0,0,0,0,0
670748,1,1,1,1,1,1,0,1,0,1,1,1,0,0,0,0,0,0,0,0,0
681445,1,1,1,1,1,0,0,0,0,0,0,0,0,0,0,0,0,0,0,0,0
556150,1,1,1,1,1,1,1,0,0,0,0,0,0,0,0,0,0,0,0,0,0
687808,1,1,1,1,1,0,1,0,0,0,0,0,0,0,0,0,0,0,0,0,0
610281,1,1,1,1,1,0,1,0,0,0,0,0,0,0,0,0,0,0,0,0,0
699682,1,1,1,1,1,1,0,0,0,0,0,0,0,0,0,0,0,0,0,0,0
690213,1,1,1,1,1,1,0,0,0,0,0,0,0,0,0,0,0,0,0,0,0
693041,1,1,1,1,1,1,0,0,0,0,0,0,0,0,0,0,0,0,0,0,0
689641,1,1,1,1,1,0,0,0,0,0,0,0,0,0,0,0,0,0,0,0,0
684565,1,1,1,1,1,1,0,1,1,0,0,0,0,0,0,0,0,0,0,0,0
558936,1,1,1,1,1,1,1,1,1,0,0,0,0,0,0,0,0,0,0,0,0
685154,1,1,1,1,1,1,0,0,0,0,0,0,0,0,0,0,0,0,0,0,0
658753,1,1,1,1,1,1,0,1,0,1,0,0,0,0,0,0,0,0,0,0,0
675045,1,1,1,1,1,1,1,1,1,0,0,0,0,0,0,0,0,0,0,0,0
681518,1,1,1,1,1,0,0,0,0,0,0,0,0,0,0,0,0,0,0,0,0
678876,1,1,1,1,1,1,1,1,0,1,0,1,1,0,0,0,0,0,0,0,0
687820,1,1,1,1,0,1,0,0,0,0,0,0,0,0,0,0,0,0,0,0,0
398756,1,1,1,1,1,1,1,1,1,1,0,0,0,0,0,0,0,0,0,0,0
659000,1,1,1,1,1,1,1,1,1,0,0,0,0,0,0,0,0,0,0,0,0
701816,1,1,1,1,1,1,1,0,0,0,0,0,0,0,0,0,0,0,0,0,0
677199,1,1,1,1,1,1,1,1,1,1,1,1,1,1,1,1,1,1,1,1,1
688447,1,1,1,1,1,0,0,0,0,0,0,0,0,0,0,0,0,0,0,0,0
378496,1,1,1,1,1,1,1,0,0,0,0,0,0,0,0,0,0,0,0,0,0
669425,1,1,1,1,1,1,0,1,0,1,0,0,0,0,0,0,0,0,0,0,0
396497,1,1,1,1,1,1,0,1,0,0,0,0,0,0,0,0,0,0,0,0,0
694577,1,1,1,1,1,1,0,0,0,0,0,0,0,0,0,0,0,0,0,0,0
457836,1,1,1,1,1,0,0,0,0,0,0,0,0,0,0,0,0,0,0,0,0
526620,1,1,1,1,1,1,1,1,1,1,1,1,1,1,0,1,0,1,1,0,0
689788,1,1,1,0,1,0,0,0,0,0,0,0,0,0,0,0,0,0,0,0,0
321914,1,1,1,1,1,1,1,1,1,1,1,1,1,1,1,1,1,1,1,1,0
680378,1,1,1,1,1,1,0,1,1,1,1,1,1,1,1,1,1,1,0,1,1
697816,1,1,1,1,1,1,1,1,0,0,0,0,0,0,0,0,0,0,0,0,0
612858,0,1,1,1,1,1,0,0,0,0,0,0,0,0,0,0,0,0,0,0,0
687592,1,1,1,1,1,1,0,0,0,0,0,0,0,0,0,0,0,0,0,0,0
697652,1,1,1,1,1,1,0,0,0,0,0,0,0,0,0,0,0,0,0,0,0
676487,1,1,1,1,1,1,1,1,1,1,1,1,1,1,1,1,1,1,1,1,1
683182,1,1,1,1,1,1,0,0,0,0,0,0,0,0,0,0,0,0,0,0,0
652522,1,1,1,1,1,1,1,1,0,0,0,0,0,0,0,0,0,0,0,0,0
662686,1,1,1,1,1,1,1,1,1,0,0,0,0,0,0,0,0,0,0,0,0
675196,1,1,1,1,1,0,0,0,0,0,0,0,0,0,0,0,0,0,0,0,0
657423,1,1,1,1,1,1,1,1,0,1,1,1,1,1,1,0,1,1,1,1,0
670445,1,1,1,1,1,1,1,0,0,0,0,0,0,0,0,0,0,0,0,0,0
693605,1,1,1,1,1,1,1,1,1,1,1,0,0,0,0,0,0,0,0,0,0
693202,1,1,1,1,1,1,1,1,1,1,1,1,0,0,0,0,0,0,0,0,0
677257,1,1,1,1,1,1,1,0,0,0,0,0,0,0,0,0,0,0,0,0,0
698375,1,1,1,1,1,1,1,0,0,0,0,0,0,0,0,0,0,0,0,0,0
702036,1,1,1,1,1,1,1,0,0,0,0,0,0,0,0,0,0,0,0,0,0
608269,1,1,1,1,1,1,1,1,1,1,1,1,1,1,1,0,0,0,0,0,0
659139,1,1,1,1,1,1,1,0,1,1,1,0,0,0,0,0,0,0,0,0,0
681538,1,1,1,1,1,1,0,0,0,0,0,0,0,0,0,0,0,0,0,0,0
679465,1,1,1,1,0,0,0,0,0,0,0,0,0,0,0,0,0,0,0,0,0
656370,1,1,1,1,1,1,1,0,0,0,0,0,0,0,0,0,0,0,0,0,0
659460,1,1,1,1,1,1,0,0,0,0,0,0,0,0,0,0,0,0,0,0,0
675534,1,1,1,1,1,1,1,0,0,0,0,0,0,0,0,0,0,0,0,0,0
680109,1,1,1,1,1,1,1,1,1,1,1,1,1,1,1,1,1,1,1,1,1
383044,1,1,1,1,1,0,0,0,0,0,0,0,0,0,0,0,0,0,0,0,0
666144,1,1,1,1,1,0,0,0,0,0,0,0,0,0,0,0,0,0,0,0,0
668444,1,1,1,1,1,1,1,0,0,0,0,0,0,0,0,0,0,0,0,0,0
658779,1,1,0,1,1,1,1,1,1,1,1,1,1,1,1,1,1,1,1,0,0
696636,1,1,1,1,1,1,1,1,0,0,0,0,0,0,0,0,0,0,0,0,0
678415,1,1,1,1,1,1,1,1,0,1,1,1,1,1,1,1,1,1,1,1,1
663104,1,1,1,1,1,0,0,0,0,0,0,0,0,0,0,0,0,0,0,0,0
677274,1,1,1,1,1,0,0,0,0,0,0,0,0,0,0,0,0,0,0,0,0
688106,1,1,1,1,1,1,0,0,0,0,0,0,0,0,0,0,0,0,0,0,0
699516,1,1,1,1,1,1,1,1,1,1,1,1,1,1,1,1,1,1,0,1,1
676131,1,1,1,1,1,1,0,0,0,0,0,0,0,0,0,0,0,0,0,0,0
572851,1,1,1,1,1,1,0,1,0,0,0,0,0,0,0,0,0,0,0,0,0
704324,1,1,1,1,1,0,0,0,0,0,0,0,0,0,0,0,0,0,0,0,0
684384,1,1,1,1,1,1,0,0,0,0,0,0,0,0,0,0,0,0,0,0,0
679724,1,1,1,1,1,1,0,0,0,0,0,0,0,0,0,0,0,0,0,0,0
685120,1,1,1,1,1,1,0,0,0,0,0,0,0,0,0,0,0,0,0,0,0
695490,1,1,1,1,1,1,0,1,1,1,1,1,1,1,1,1,1,1,1,1,1
655643,1,1,1,1,0,0,0,0,0,0,0,0,0,0,0,0,0,0,0,0,0
694451,1,1,1,1,1,1,0,0,0,0,0,0,0,0,0,0,0,0,0,0,0
595282,1,1,1,1,1,0,0,0,0,0,0,0,0,0,0,0,0,0,0,0,0
688200,1,1,1,1,1,0,0,0,0,0,0,0,0,0,0,0,0,0,0,0,0
694958,1,1,1,1,1,1,0,0,0,0,0,0,0,0,0,0,0,0,0,0,0
703057,1,1,1,1,1,1,1,1,1,0,0,0,0,0,0,0,0,0,0,0,0
678812,0,1,1,1,1,0,0,0,0,0,0,0,0,0,0,0,0,0,0,0,0
477642,1,1,1,0,1,0,0,0,0,0,0,0,0,0,0,0,0,0,0,0,0
666521,1,1,1,1,1,1,0,0,0,0,0,0,0,0,0,0,0,0,0,0,0
692759,1,1,1,1,1,1,1,1,1,1,1,1,1,1,1,1,1,1,1,1,1
469906,1,1,1,1,1,1,0,1,0,0,0,0,0,0,0,0,0,0,0,0,0
660998,1,1,0,1,0,0,0,0,0,0,0,0,0,0,0,0,0,0,0,0,0
680573,1,1,1,1,1,1,0,0,0,0,0,0,0,0,0,0,0,0,0,0,0
700837,1,1,1,1,1,1,1,1,0,0,0,0,0,0,0,0,0,0,0,0,0
680354,1,1,1,1,1,1,1,0,0,0,0,0,0,0,0,0,0,0,0,0,0
570826,1,1,1,1,1,1,0,0,0,0,0,0,0,0,0,0,0,0,0,0,0
676221,1,1,1,1,1,1,0,0,0,0,0,0,0,0,0,0,0,0,0,0,0
688542,1,1,1,1,1,1,1,1,1,0,0,0,0,0,0,0,0,0,0,0,0
677378,1,1,1,1,1,1,0,0,0,0,0,0,0,0,0,0,0,0,0,0,0
646876,1,1,1,1,0,1,0,0,0,0,0,0,0,0,0,0,0,0,0,0,0
636818,1,1,1,1,1,0,0,0,0,0,0,0,0,0,0,0,0,0,0,0,0
690630,1,1,1,1,1,1,0,1,1,1,0,1,1,1,1,1,1,1,1,1,1
283194,1,1,1,1,1,1,0,0,0,0,0,0,0,0,0,0,0,0,0,0,0
664708,0,1,1,1,1,1,0,0,0,0,0,0,0,0,0,0,0,0,0,0,0
655635,1,1,1,1,0,1,0,1,1,1,1,1,1,1,1,1,1,1,1,1,1
693620,1,1,1,1,1,1,0,1,1,0,0,0,0,0,0,0,0,0,0,0,0
671743,1,1,1,1,1,1,1,1,1,0,0,0,0,0,0,0,0,0,0,0,0
690877,1,1,1,1,1,0,0,0,0,0,0,0,0,0,0,0,0,0,0,0,0
536779,1,1,1,1,1,0,0,0,0,0,0,0,0,0,0,0,0,0,0,0,0
667117,1,1,1,1,1,1,1,1,0,1,1,1,1,1,1,1,1,1,1,1,1
673380,1,1,1,1,1,0,0,0,0,0,0,0,0,0,0,0,0,0,0,0,0
696728,1,1,1,1,1,0,1,0,1,0,0,0,0,0,0,0,0,0,0,0,0
684067,1,1,1,1,1,1,1,1,1,1,0,0,0,0,0,0,0,0,0,0,0
695918,1,1,1,1,1,1,1,1,1,0,0,0,0,0,0,0,0,0,0,0,0
703529,1,1,1,1,1,1,0,0,0,0,0,0,0,0,0,0,0,0,0,0,0
680797,1,1,1,1,1,1,0,0,0,0,0,0,0,0,0,0,0,0,0,0,0
679357,1,1,1,1,1,1,1,1,0,1,0,0,0,0,0,0,0,0,0,0,0
692214,1,1,1,1,1,1,0,0,0,0,0,0,0,0,0,0,0,0,0,0,0
412989,1,1,1,1,1,1,1,1,0,0,0,0,0,0,0,0,0,0,0,0,0
694046,1,1,1,1,1,1,0,1,1,1,0,0,0,0,0,0,0,0,0,0,0
672139,1,1,1,1,1,1,0,1,0,0,0,0,0,0,0,0,0,0,0,0,0
677978,1,1,1,1,1,1,1,1,1,1,1,1,1,1,1,1,1,1,1,1,0
640409,1,1,1,1,1,1,1,1,1,1,1,1,0,1,1,0,1,1,1,1,1
672178,1,1,1,1,1,1,0,0,0,0,0,0,0,0,0,0,0,0,0,0,0
690926,1,1,1,1,1,1,0,0,0,0,0,0,0,0,0,0,0,0,0,0,0
697508,1,1,1,1,1,1,0,1,1,0,0,0,0,0,0,0,0,0,0,0,0
682936,1,1,1,1,0,0,0,0,0,0,0,0,0,0,0,0,0,0,0,0,0
687995,1,1,1,1,1,1,1,1,1,1,0,0,0,0,0,0,0,0,0,0,0
677145,1,1,1,1,1,0,1,1,0,0,0,0,0,0,0,0,0,0,0,0,0
676389,1,1,1,1,1,1,1,0,0,0,0,0,0,0,0,0,0,0,0,0,0
674742,1,1,1,1,1,1,0,0,0,0,0,0,0,0,0,0,0,0,0,0,0
703395,1,1,1,1,1,0,0,0,0,0,0,0,0,0,0,0,0,0,0,0,0
663154,1,1,1,1,1,1,1,1,0,1,0,0,0,0,0,0,0,0,0,0,0
683706,1,1,1,1,1,1,1,1,0,0,0,0,0,0,0,0,0,0,0,0,0
685116,1,1,1,1,1,1,0,1,0,0,0,0,0,0,0,0,0,0,0,0,0
665050,1,1,1,1,1,0,0,0,0,0,0,0,0,0,0,0,0,0,0,0,0
595498,1,1,1,1,1,1,0,0,0,0,0,0,0,0,0,0,0,0,0,0,0
671410,1,1,1,1,1,1,1,1,1,0,0,0,0,0,0,0,0,0,0,0,0
682668,1,1,1,1,1,1,0,0,0,0,0,0,0,0,0,0,0,0,0,0,0
693905,1,1,1,1,1,1,1,1,1,0,0,0,0,0,0,0,0,0,0,0,0
676423,1,1,1,1,1,1,0,0,0,0,0,0,0,0,0,0,0,0,0,0,0
420043,1,1,1,1,1,1,0,0,0,0,0,0,0,0,0,0,0,0,0,0,0
618126,1,1,1,1,1,1,1,1,1,1,0,0,0,0,0,0,0,0,0,0,0
694575,1,1,1,0,1,1,1,1,1,1,1,1,1,1,1,1,1,1,1,1,0
690256,1,1,1,1,1,1,0,1,1,0,0,0,0,0,0,0,0,0,0,0,0
699030,1,1,1,1,1,1,0,0,0,0,0,0,0,0,0,0,0,0,0,0,0
581926,1,1,1,1,1,1,0,0,0,0,0,0,0,0,0,0,0,0,0,0,0
680543,1,1,1,1,1,1,0,0,0,0,0,0,0,0,0,0,0,0,0,0,0
409100,1,1,1,1,1,1,1,1,0,0,0,0,0,0,0,0,0,0,0,0,0
665206,0,1,1,1,1,1,1,1,0,1,0,1,0,0,0,0,0,0,0,0,0
686740,1,1,1,1,1,0,0,0,0,0,0,0,0,0,0,0,0,0,0,0,0
703406,1,1,1,1,1,1,0,1,0,1,0,0,0,0,0,0,0,0,0,0,0
665916,1,1,1,1,1,1,0,0,0,0,0,0,0,0,0,0,0,0,0,0,0
677972,1,1,1,1,1,1,0,0,0,0,0,0,0,0,0,0,0,0,0,0,0
684992,1,1,1,1,1,1,1,0,1,0,0,0,0,0,0,0,0,0,0,0,0
680938,1,1,1,0,1,1,1,1,1,1,1,1,1,1,1,1,1,1,0,0,0
696188,1,1,1,1,1,1,1,1,0,0,0,0,0,0,0,0,0,0,0,0,0
703523,1,1,1,1,1,1,0,0,0,0,0,0,0,0,0,0,0,0,0,0,0
354148,1,1,1,1,1,1,1,1,1,1,1,1,1,1,0,1,1,1,1,1,1
684730,1,1,1,1,1,0,0,0,0,0,0,0,0,0,0,0,0,0,0,0,0
373431,1,1,1,1,1,1,0,1,0,0,0,0,0,0,0,0,0,0,0,0,0
644533,0,1,1,1,1,1,0,0,0,0,0,0,0,0,0,0,0,0,0,0,0
656651,1,1,1,1,1,1,1,1,0,1,1,0,0,0,0,0,0,0,0,0,0
695837,1,0,1,1,1,1,0,0,0,0,0,0,0,0,0,0,0,0,0,0,0
658235,1,1,1,1,1,1,1,1,1,0,0,0,0,0,0,0,0,0,0,0,0
661353,1,1,1,1,1,1,1,1,1,1,1,1,1,1,1,1,1,1,1,1,1
680818,1,1,1,1,1,1,0,1,0,0,0,0,0,0,0,0,0,0,0,0,0
544215,1,1,1,1,1,1,0,0,0,0,0,0,0,0,0,0,0,0,0,0,0
675870,1,1,1,1,1,1,1,1,1,1,1,1,0,0,0,0,0,0,0,0,0
679907,1,1,1,1,1,1,1,1,0,0,0,0,0,0,0,0,0,0,0,0,0
666502,1,1,1,1,1,1,1,0,0,0,0,0,0,0,0,0,0,0,0,0,0
667421,1,1,1,1,1,1,0,1,0,0,0,0,0,0,0,0,0,0,0,0,0
660869,1,1,1,1,0,0,0,0,0,0,0,0,0,0,0,0,0,0,0,0,0
681831,1,1,1,1,1,1,0,0,0,0,0,0,0,0,0,0,0,0,0,0,0
658346,1,1,1,0,0,0,0,0,0,0,0,0,0,0,0,0,0,0,0,0,0
679174,1,1,1,1,1,1,0,1,1,1,0,1,1,1,1,0,0,0,0,0,0
646624,1,1,1,1,1,1,1,1,0,0,0,0,0,0,0,0,0,0,0,0,0
700859,1,1,1,1,0,0,0,0,0,0,0,0,0,0,0,0,0,0,0,0,0
667686,1,1,1,1,1,1,1,1,1,1,1,1,0,1,0,0,0,0,0,0,0
383188,1,1,1,1,1,1,0,1,1,0,1,0,0,0,0,0,0,0,0,0,0
656785,1,1,1,1,1,1,0,0,0,0,0,0,0,0,0,0,0,0,0,0,0
645066,1,1,1,0,1,1,0,0,0,0,0,0,0,0,0,0,0,0,0,0,0
678718,1,1,1,1,1,1,1,1,1,1,1,1,0,0,0,0,0,0,0,0,0
693060,0,1,0,0,0,0,0,0,0,0,0,0,0,0,0,0,0,0,0,0,0
542252,1,1,1,1,1,1,1,0,0,0,0,0,0,0,0,0,0,0,0,0,0
660139,1,1,1,1,1,1,0,1,0,0,0,0,0,0,0,0,0,0,0,0,0
662421,1,1,0,0,0,0,0,0,0,0,0,0,0,0,0,0,0,0,0,0,0
435008,1,1,1,1,1,1,1,1,1,0,0,0,0,0,0,0,0,0,0,0,0
700842,1,1,1,1,1,1,1,0,1,0,0,0,0,0,0,0,0,0,0,0,0
685255,1,1,1,1,1,1,1,1,0,1,0,1,1,1,1,1,1,1,1,1,1
676485,1,1,1,1,1,1,1,1,1,0,0,0,0,0,0,0,0,0,0,0,0
626470,1,1,1,1,1,1,1,1,1,1,0,0,0,0,0,0,0,0,0,0,0
659528,1,1,1,1,1,1,1,1,0,0,0,0,0,0,0,0,0,0,0,0,0
680801,1,1,1,1,1,1,0,0,0,0,0,0,0,0,0,0,0,0,0,0,0
697485,1,1,1,1,1,1,1,1,0,1,0,0,0,0,0,0,0,0,0,0,0
689271,1,1,1,1,1,1,0,1,1,1,1,1,1,1,1,1,1,1,1,1,1
677886,1,1,1,1,1,1,0,1,1,1,0,0,0,0,0,0,0,0,0,0,0
694409,1,1,1,1,1,1,1,0,0,0,0,0,0,0,0,0,0,0,0,0,0
699363,1,1,1,1,1,1,1,0,0,0,0,0,0,0,0,0,0,0,0,0,0
702888,1,1,1,1,1,1,1,0,1,0,0,0,0,0,0,0,0,0,0,0,0
664929,1,1,1,1,1,1,0,1,1,0,0,0,0,0,0,0,0,0,0,0,0
686179,1,0,1,1,1,1,1,1,1,1,1,1,0,1,1,0,0,0,0,0,0
662785,1,1,1,1,1,1,0,1,1,0,0,0,0,0,0,0,0,0,0,0,0
690742,0,1,1,1,1,1,0,0,0,0,0,0,0,0,0,0,0,0,0,0,0
678630,1,1,1,1,1,1,1,1,1,0,1,1,0,0,0,0,0,0,0,0,0
660557,1,1,1,1,1,1,1,1,1,0,0,0,0,0,0,0,0,0,0,0,0
354594,1,1,1,1,1,0,1,1,1,1,1,1,1,1,1,1,1,1,1,1,1
685208,1,1,1,1,1,1,0,0,0,0,0,0,0,0,0,0,0,0,0,0,0
703409,1,1,1,1,1,1,0,0,0,0,0,0,0,0,0,0,0,0,0,0,0
401971,1,1,1,1,1,1,1,0,0,0,0,0,0,0,0,0,0,0,0,0,0
686027,1,1,1,1,1,1,1,1,1,0,0,0,0,0,0,0,0,0,0,0,0
630252,1,1,1,1,1,1,0,0,0,0,0,0,0,0,0,0,0,0,0,0,0
658512,1,1,1,1,1,1,1,1,0,0,0,0,0,0,0,0,0,0,0,0,0
681926,1,1,1,1,1,1,0,0,0,0,0,0,0,0,0,0,0,0,0,0,0
702608,1,1,1,1,1,1,1,0,0,0,0,0,0,0,0,0,0,0,0,0,0
697925,1,1,1,1,1,1,0,0,0,0,0,0,0,0,0,0,0,0,0,0,0
676651,1,1,1,1,1,1,0,0,0,0,0,0,0,0,0,0,0,0,0,0,0
691461,1,1,1,0,0,0,0,0,0,0,0,0,0,0,0,0,0,0,0,0,0
674049,1,1,1,1,1,1,1,0,0,0,0,0,0,0,0,0,0,0,0,0,0
701921,1,1,1,1,1,1,1,1,0,1,0,0,0,0,0,0,0,0,0,0,0
687390,1,1,1,1,0,1,0,1,1,1,1,1,1,1,1,0,0,0,0,0,0
701337,1,1,1,1,1,1,1,1,0,0,0,0,0,0,0,0,0,0,0,0,0
661975,1,1,1,1,1,1,1,0,0,0,0,0,0,0,0,0,0,0,0,0,0
699836,1,1,1,1,1,1,0,0,0,0,0,0,0,0,0,0,0,0,0,0,0
674113,1,1,1,1,1,0,0,0,0,0,0,0,0,0,0,0,0,0,0,0,0
679399,1,1,1,1,1,1,0,0,0,0,0,0,0,0,0,0,0,0,0,0,0
691740,1,1,1,1,1,0,0,0,0,0,0,0,0,0,0,0,0,0,0,0,0
681853,1,1,1,1,1,1,0,0,0,0,0,0,0,0,0,0,0,0,0,0,0
694710,1,1,1,0,1,1,0,0,0,0,0,0,0,0,0,0,0,0,0,0,0
679332,1,1,1,1,1,0,1,1,0,0,0,0,0,0,0,0,0,0,0,0,0
393818,0,1,1,0,1,0,0,0,0,0,0,0,0,0,0,0,0,0,0,0,0
677221,1,1,1,1,1,1,0,0,0,0,0,0,0,0,0,0,0,0,0,0,0
676720,1,1,1,1,1,1,0,0,0,0,0,0,0,0,0,0,0,0,0,0,0
694406,1,1,1,1,1,1,1,1,0,0,0,0,0,0,0,0,0,0,0,0,0
691324,1,1,1,1,1,1,0,0,0,0,0,0,0,0,0,0,0,0,0,0,0
694630,1,1,1,1,1,1,1,1,0,0,0,0,0,0,0,0,0,0,0,0,0
353861,0,0,0,0,0,0,0,0,0,0,0,0,0,0,0,0,0,0,0,0,0
689068,1,1,0,1,0,1,0,0,0,0,0,0,0,0,0,0,0,0,0,0,0
680751,1,1,1,1,1,1,0,0,0,0,0,0,0,0,0,0,0,0,0,0,0
682449,1,1,1,1,1,1,0,0,0,0,0,0,0,0,0,0,0,0,0,0,0
701570,1,1,1,1,1,0,0,0,0,0,0,0,0,0,0,0,0,0,0,0,0
336453,1,1,1,1,1,1,0,0,0,0,0,0,0,0,0,0,0,0,0,0,0
665120,1,1,1,1,1,0,1,1,0,0,0,0,0,0,0,0,0,0,0,0,0
688616,1,1,1,1,1,1,0,0,0,0,0,0,0,0,0,0,0,0,0,0,0
700057,1,1,1,1,1,0,1,0,1,1,1,1,1,1,0,0,0,0,0,0,0
702960,1,1,1,1,1,1,0,1,0,0,0,0,0,0,0,0,0,0,0,0,0
384912,1,1,1,1,1,1,0,0,0,0,0,0,0,0,0,0,0,0,0,0,0
658805,1,1,1,1,1,0,0,0,0,0,0,0,0,0,0,0,0,0,0,0,0
680100,1,1,1,1,1,1,1,0,0,0,0,0,0,0,0,0,0,0,0,0,0
672048,1,1,1,1,1,0,1,0,0,0,0,0,0,0,0,0,0,0,0,0,0
704424,1,1,1,1,1,1,0,1,0,0,0,0,0,0,0,0,0,0,0,0,0
686924,1,1,1,1,1,0,1,0,0,0,0,0,0,0,0,0,0,0,0,0,0
686422,1,1,1,1,1,1,1,1,1,1,1,1,1,1,1,1,1,1,1,1,1
682171,1,1,1,1,1,1,0,0,0,0,0,0,0,0,0,0,0,0,0,0,0
679863,1,1,1,1,1,1,0,1,1,0,1,0,0,0,0,0,0,0,0,0,0
661784,1,1,1,1,1,1,0,1,1,1,1,1,1,1,1,1,1,0,1,1,0
672961,1,1,1,1,1,1,1,1,1,0,0,0,0,0,0,0,0,0,0,0,0
696555,1,1,1,1,1,1,1,1,1,1,0,1,0,0,0,0,0,0,0,0,0
689064,1,1,1,1,1,1,1,1,1,1,0,1,0,0,0,0,0,0,0,0,0
681328,1,1,1,1,1,1,1,1,0,0,0,0,0,0,0,0,0,0,0,0,0
701622,1,1,1,1,1,1,0,1,1,0,0,0,0,0,0,0,0,0,0,0,0
681155,1,1,1,1,1,1,1,1,1,1,1,1,1,1,1,1,1,1,1,1,1
653399,1,1,1,1,1,1,0,1,0,0,0,0,0,0,0,0,0,0,0,0,0
470882,1,1,1,1,1,1,0,1,1,1,1,1,1,1,1,1,0,1,0,1,0
673354,1,1,1,1,1,0,0,0,0,0,0,0,0,0,0,0,0,0,0,0,0
698959,1,1,1,1,1,1,0,1,1,0,0,0,0,0,0,0,0,0,0,0,0
691599,1,1,1,1,1,1,0,0,0,0,0,0,0,0,0,0,0,0,0,0,0
683221,1,1,1,1,1,0,0,0,0,0,0,0,0,0,0,0,0,0,0,0,0
669060,1,1,1,1,1,1,1,1,0,0,0,0,0,0,0,0,0,0,0,0,0
702552,1,1,1,1,1,1,0,1,0,0,0,0,0,0,0,0,0,0,0,0,0
672704,1,1,1,1,0,0,0,0,0,0,0,0,0,0,0,0,0,0,0,0,0
555733,1,1,1,1,1,1,1,1,0,1,1,1,1,1,0,1,0,0,0,0,0
672117,1,1,1,1,1,1,1,1,1,0,0,0,0,0,0,0,0,0,0,0,0
400606,1,1,1,1,1,1,1,1,1,1,0,0,0,0,0,0,0,0,0,0,0
413850,1,1,1,1,1,1,1,0,1,1,1,0,0,0,0,0,0,0,0,0,0
523866,1,1,1,1,1,1,1,1,0,0,0,0,0,0,0,0,0,0,0,0,0
666364,1,1,1,1,1,1,1,1,0,1,0,0,0,0,0,0,0,0,0,0,0
688517,1,0,1,1,0,0,0,0,0,0,0,0,0,0,0,0,0,0,0,0,0
703399,1,1,1,1,1,1,1,1,1,1,0,0,0,0,0,0,0,0,0,0,0
467967,1,1,1,1,1,1,1,1,1,1,1,1,1,0,0,0,0,0,0,0,0
694913,1,1,1,1,1,1,1,0,0,0,0,0,0,0,0,0,0,0,0,0,0
394321,1,1,1,1,1,0,0,0,0,0,0,0,0,0,0,0,0,0,0,0,0
695411,1,1,1,1,1,0,0,0,0,0,0,0,0,0,0,0,0,0,0,0,0
690919,1,1,1,1,1,0,0,0,0,0,0,0,0,0,0,0,0,0,0,0,0
697035,1,1,1,1,1,1,0,1,1,1,1,1,1,1,1,1,1,1,1,1,1
678898,1,1,1,1,1,1,0,0,0,0,0,0,0,0,0,0,0,0,0,0,0
674591,1,1,1,1,1,0,0,0,0,0,0,0,0,0,0,0,0,0,0,0,0
676740,1,1,1,0,1,0,0,0,0,0,0,0,0,0,0,0,0,0,0,0,0
419024,0,1,1,1,0,0,0,0,0,0,0,0,0,0,0,0,0,0,0,0,0
683307,0,1,1,1,1,1,1,0,1,0,1,0,0,0,0,0,0,0,0,0,0
339842,1,1,1,1,1,1,1,0,0,0,0,0,0,0,0,0,0,0,0,0,0
699533,1,1,1,1,0,0,0,0,0,0,0,0,0,0,0,0,0,0,0,0,0
677134,1,1,1,1,1,1,1,1,0,0,0,0,0,0,0,0,0,0,0,0,0
673150,1,1,1,1,1,1,1,1,0,0,0,0,0,0,0,0,0,0,0,0,0
683747,1,1,1,1,1,1,0,0,0,0,0,0,0,0,0,0,0,0,0,0,0
697731,1,1,1,1,1,1,0,1,0,0,0,0,0,0,0,0,0,0,0,0,0
680101,1,1,1,1,1,0,1,1,1,1,1,1,1,0,0,0,0,0,0,0,0
676620,1,1,1,1,1,1,1,0,0,0,0,0,0,0,0,0,0,0,0,0,0
687505,1,1,1,1,1,0,0,0,0,0,0,0,0,0,0,0,0,0,0,0,0
666432,1,1,1,1,1,1,1,1,1,1,1,1,1,1,1,1,1,1,1,1,1
680376,1,1,1,1,1,1,0,0,0,0,0,0,0,0,0,0,0,0,0,0,0
675723,1,1,1,1,1,1,0,0,0,0,0,0,0,0,0,0,0,0,0,0,0
675785,1,1,1,1,1,1,1,1,1,1,1,1,1,1,1,1,1,1,1,1,0
684154,1,1,1,1,1,0,0,0,0,0,0,0,0,0,0,0,0,0,0,0,0
669703,1,1,1,1,1,1,1,1,1,0,1,1,1,1,1,1,1,1,1,1,1
683528,1,1,1,1,1,1,0,1,0,0,0,0,0,0,0,0,0,0,0,0,0
670796,1,1,1,1,1,1,1,1,1,1,1,1,1,1,1,1,1,1,1,1,1
399543,1,1,1,1,1,1,0,0,0,0,0,0,0,0,0,0,0,0,0,0,0
668050,1,1,1,1,1,1,0,0,0,0,0,0,0,0,0,0,0,0,0,0,0
534108,1,1,1,1,1,1,1,1,1,1,1,1,0,1,0,0,0,0,0,0,0
459222,1,1,1,1,1,1,0,0,0,0,0,0,0,0,0,0,0,0,0,0,0
694548,1,1,1,1,1,1,1,1,0,0,0,0,0,0,0,0,0,0,0,0,0
702298,1,1,1,1,1,0,0,0,0,0,0,0,0,0,0,0,0,0,0,0,0
566658,1,1,1,1,1,0,0,0,0,0,0,0,0,0,0,0,0,0,0,0,0
662138,1,1,1,1,1,1,0,1,0,1,1,1,1,1,1,0,0,0,0,0,0
401437,1,1,1,1,1,0,0,0,0,0,0,0,0,0,0,0,0,0,0,0,0
692158,1,1,1,1,1,1,1,0,0,0,0,0,0,0,0,0,0,0,0,0,0
680166,1,1,1,1,1,1,0,0,0,0,0,0,0,0,0,0,0,0,0,0,0
453897,1,1,1,1,1,1,1,1,1,0,1,0,0,0,0,0,0,0,0,0,0
498559,1,1,1,1,1,1,1,1,1,1,1,1,1,1,1,1,1,1,1,1,1
701869,1,1,1,1,1,1,0,1,1,1,0,0,0,0,0,0,0,0,0,0,0
652213,1,1,1,1,1,1,0,0,0,0,0,0,0,0,0,0,0,0,0,0,0
449479,1,1,1,1,1,0,0,0,0,0,0,0,0,0,0,0,0,0,0,0,0
691748,1,1,1,1,1,1,0,0,0,0,0,0,0,0,0,0,0,0,0,0,0
666507,1,1,1,1,1,1,0,1,0,1,0,0,0,0,0,0,0,0,0,0,0
682439,1,1,1,1,1,1,1,0,0,0,0,0,0,0,0,0,0,0,0,0,0
680259,1,1,1,1,1,1,1,1,1,0,0,0,0,0,0,0,0,0,0,0,0
688021,1,1,1,1,1,1,0,0,0,0,0,0,0,0,0,0,0,0,0,0,0
359418,1,1,1,1,1,0,0,0,0,0,0,0,0,0,0,0,0,0,0,0,0
668000,1,1,1,1,1,1,0,0,0,0,0,0,0,0,0,0,0,0,0,0,0
499574,1,1,1,1,1,1,0,1,1,0,0,0,0,0,0,0,0,0,0,0,0
670136,1,1,1,1,1,1,1,1,1,1,1,1,0,1,1,0,0,0,0,0,0
424204,1,1,1,1,1,1,0,1,0,0,0,0,0,0,0,0,0,0,0,0,0
646837,1,1,1,1,1,1,1,1,1,1,1,1,0,1,0,1,0,1,1,1,0
676989,1,1,1,1,1,1,1,1,1,0,0,0,0,0,0,0,0,0,0,0,0
677273,1,1,1,1,1,0,0,0,0,0,0,0,0,0,0,0,0,0,0,0,0
699331,1,1,1,1,1,1,1,1,1,1,1,1,1,1,1,1,1,1,1,1,1
674773,1,1,1,1,1,1,1,0,0,0,0,0,0,0,0,0,0,0,0,0,0
543719,1,1,1,1,1,1,1,0,1,1,1,0,0,0,0,0,0,0,0,0,0
697638,1,1,1,1,1,0,0,0,0,0,0,0,0,0,0,0,0,0,0,0,0
657774,1,1,1,1,1,1,0,0,0,0,0,0,0,0,0,0,0,0,0,0,0
571850,1,1,1,1,1,1,1,1,0,0,0,0,0,0,0,0,0,0,0,0,0
661732,1,1,1,1,1,0,0,0,0,0,0,0,0,0,0,0,0,0,0,0,0
657299,1,1,1,1,1,0,0,0,0,0,0,0,0,0,0,0,0,0,0,0,0
680829,1,1,1,1,1,1,0,0,0,0,0,0,0,0,0,0,0,0,0,0,0
678650,0,0,0,0,0,0,0,0,0,0,0,0,0,0,0,0,0,0,0,0,0
686955,1,1,1,1,1,1,1,1,1,1,0,0,0,0,0,0,0,0,0,0,0
662741,1,1,1,1,1,1,0,1,0,1,0,0,0,0,0,0,0,0,0,0,0
519342,1,1,1,1,1,1,0,0,0,0,0,0,0,0,0,0,0,0,0,0,0
693829,1,1,1,1,1,1,1,1,1,1,0,1,1,0,1,1,1,1,1,1,1
683507,1,1,1,1,1,0,0,0,0,0,0,0,0,0,0,0,0,0,0,0,0
701537,1,1,1,1,1,0,0,0,0,0,0,0,0,0,0,0,0,0,0,0,0
667156,1,1,1,1,0,0,0,0,0,0,0,0,0,0,0,0,0,0,0,0,0
603240,1,1,1,1,1,1,0,1,1,1,1,1,1,1,1,1,1,1,1,1,1
693504,1,1,1,1,1,1,1,1,1,0,0,0,0,0,0,0,0,0,0,0,0
684759,1,1,1,1,1,1,1,1,0,0,0,0,0,0,0,0,0,0,0,0,0
656559,1,1,1,1,1,0,0,0,0,0,0,0,0,0,0,0,0,0,0,0,0
694032,1,1,1,1,1,0,0,0,0,0,0,0,0,0,0,0,0,0,0,0,0
680511,1,1,1,1,1,1,1,1,0,0,0,0,0,0,0,0,0,0,0,0,0
656237,1,1,1,1,1,1,0,0,0,0,0,0,0,0,0,0,0,0,0,0,0
657618,1,1,1,1,1,1,0,0,0,0,0,0,0,0,0,0,0,0,0,0,0
659745,1,1,1,1,0,1,0,0,0,0,0,0,0,0,0,0,0,0,0,0,0
402042,1,1,1,1,1,1,0,0,0,0,0,0,0,0,0,0,0,0,0,0,0
675130,1,1,1,1,1,1,0,1,1,0,0,0,0,0,0,0,0,0,0,0,0
665303,1,1,1,1,1,1,0,0,0,0,0,0,0,0,0,0,0,0,0,0,0
698052,1,1,1,1,0,0,0,0,0,0,0,0,0,0,0,0,0,0,0,0,0
472745,1,1,1,1,1,0,0,0,0,0,0,0,0,0,0,0,0,0,0,0,0
680215,1,1,1,1,1,1,1,1,1,0,0,0,0,0,0,0,0,0,0,0,0
675068,1,1,1,0,0,0,0,0,0,0,0,0,0,0,0,0,0,0,0,0,0
695731,1,1,1,1,1,1,0,0,0,0,0,0,0,0,0,0,0,0,0,0,0
661903,1,1,1,1,1,1,0,0,0,0,0,0,0,0,0,0,0,0,0,0,0
699185,1,1,1,1,1,1,1,0,0,0,0,0,0,0,0,0,0,0,0,0,0
691275,1,1,1,1,1,1,1,0,0,0,0,0,0,0,0,0,0,0,0,0,0
359886,1,1,1,1,1,1,1,1,0,1,1,1,1,1,1,1,1,1,1,1,1
680304,1,1,1,1,1,1,1,0,0,0,0,0,0,0,0,0,0,0,0,0,0
694884,1,1,1,1,1,1,0,0,0,0,0,0,0,0,0,0,0,0,0,0,0
350298,0,1,1,1,1,0,1,1,0,0,0,0,0,0,0,0,0,0,0,0,0
680237,1,1,1,1,1,1,1,1,1,1,0,0,0,0,0,0,0,0,0,0,0
682322,1,1,1,1,1,1,1,1,1,1,1,1,1,1,1,1,1,1,1,0,1
700973,1,1,1,1,1,0,0,0,0,0,0,0,0,0,0,0,0,0,0,0,0
703504,1,1,1,1,1,1,0,0,0,0,0,0,0,0,0,0,0,0,0,0,0
658781,1,1,1,1,1,1,0,0,0,0,0,0,0,0,0,0,0,0,0,0,0
699271,1,1,1,1,1,1,1,1,0,0,0,0,0,0,0,0,0,0,0,0,0
692746,0,1,1,1,1,1,0,0,0,0,0,0,0,0,0,0,0,0,0,0,0
694441,1,1,1,1,1,0,0,0,0,0,0,0,0,0,0,0,0,0,0,0,0
695440,1,1,1,1,1,1,0,0,0,0,0,0,0,0,0,0,0,0,0,0,0
668659,1,1,1,1,1,1,0,0,0,0,0,0,0,0,0,0,0,0,0,0,0
679789,1,1,1,1,1,1,0,0,0,0,0,0,0,0,0,0,0,0,0,0,0
673878,1,1,1,1,1,0,0,0,0,0,0,0,0,0,0,0,0,0,0,0,0
690323,1,1,1,1,1,1,1,1,1,1,1,1,1,1,0,1,0,1,1,1,1
695985,1,1,1,1,1,1,1,0,0,0,0,0,0,0,0,0,0,0,0,0,0
684853,1,1,1,1,1,0,1,1,0,0,0,0,0,0,0,0,0,0,0,0,0
704664,1,1,1,1,1,1,1,0,0,0,0,0,0,0,0,0,0,0,0,0,0
674002,1,1,1,1,1,1,1,0,1,0,0,0,0,0,0,0,0,0,0,0,0
678665,1,1,1,1,1,1,1,1,0,0,0,0,0,0,0,0,0,0,0,0,0
664205,1,1,1,1,1,0,0,0,0,0,0,0,0,0,0,0,0,0,0,0,0
686037,1,1,1,1,1,1,0,0,0,0,0,0,0,0,0,0,0,0,0,0,0
661764,1,1,1,1,1,0,0,0,0,0,0,0,0,0,0,0,0,0,0,0,0
669874,1,1,1,1,1,1,1,1,0,1,1,1,0,0,0,0,0,0,0,0,0
694405,1,1,1,1,1,1,0,0,0,0,0,0,0,0,0,0,0,0,0,0,0
687766,1,1,1,1,1,0,0,0,0,0,0,0,0,0,0,0,0,0,0,0,0
635457,1,1,1,1,1,1,1,1,0,0,0,0,0,0,0,0,0,0,0,0,0
678634,1,1,1,1,1,1,1,1,1,1,0,0,0,0,0,0,0,0,0,0,0
675267,1,1,0,1,1,1,0,0,0,0,0,0,0,0,0,0,0,0,0,0,0
695628,1,1,1,1,1,1,0,0,0,0,0,0,0,0,0,0,0,0,0,0,0
679854,1,1,1,1,1,0,0,0,0,0,0,0,0,0,0,0,0,0,0,0,0
668406,1,1,1,1,1,1,0,1,1,0,0,0,0,0,0,0,0,0,0,0,0
692095,1,1,1,1,1,1,1,1,1,1,0,1,1,1,1,1,1,1,1,1,1
541490,1,1,1,1,1,1,1,0,1,1,1,1,1,1,1,1,1,1,1,1,1
689217,1,1,1,1,0,0,0,0,0,0,0,0,0,0,0,0,0,0,0,0,0
700921,1,1,1,1,1,1,0,1,1,1,1,0,0,0,0,0,0,0,0,0,0
685978,1,1,1,0,0,0,0,0,0,0,0,0,0,0,0,0,0,0,0,0,0
644257,1,1,1,1,1,1,1,1,1,1,1,1,1,1,1,1,1,1,1,1,1
588011,1,1,1,1,1,1,1,1,1,1,1,1,0,0,0,0,0,0,0,0,0
701154,1,1,1,1,1,1,1,0,0,0,0,0,0,0,0,0,0,0,0,0,0
698703,1,1,1,1,1,1,1,1,1,0,1,0,0,0,0,0,0,0,0,0,0
680987,1,1,1,1,1,1,1,0,0,0,0,0,0,0,0,0,0,0,0,0,0
696696,1,1,1,1,1,1,1,1,1,1,0,0,0,0,0,0,0,0,0,0,0
696783,1,1,1,1,1,1,0,0,0,0,0,0,0,0,0,0,0,0,0,0,0
666814,1,1,1,1,1,1,1,0,0,0,0,0,0,0,0,0,0,0,0,0,0
687937,1,1,1,1,1,1,0,1,0,0,0,0,0,0,0,0,0,0,0,0,0
442803,1,1,1,1,1,1,0,0,0,0,0,0,0,0,0,0,0,0,0,0,0
697280,1,1,1,1,1,0,0,0,0,0,0,0,0,0,0,0,0,0,0,0,0
561636,1,1,1,1,1,1,0,0,0,0,0,0,0,0,0,0,0,0,0,0,0
665608,1,1,1,1,1,1,0,0,0,0,0,0,0,0,0,0,0,0,0,0,0
675251,1,1,1,1,1,0,0,0,0,0,0,0,0,0,0,0,0,0,0,0,0
332693,1,1,1,1,1,1,0,1,0,0,0,0,0,0,0,0,0,0,0,0,0
702801,1,1,1,1,1,1,1,0,0,0,0,0,0,0,0,0,0,0,0,0,0
659856,1,1,1,1,1,1,1,0,0,0,0,0,0,0,0,0,0,0,0,0,0
321537,1,1,1,1,1,1,1,0,1,0,0,0,0,0,0,0,0,0,0,0,0
680900,1,1,1,1,1,1,0,0,0,0,0,0,0,0,0,0,0,0,0,0,0
690107,1,1,1,1,1,0,1,1,0,1,0,0,0,0,0,0,0,0,0,0,0
699678,1,1,1,1,1,0,0,0,0,0,0,0,0,0,0,0,0,0,0,0,0
587684,1,1,1,1,1,1,0,0,0,0,0,0,0,0,0,0,0,0,0,0,0
671765,1,1,1,1,1,1,1,1,1,0,0,0,0,0,0,0,0,0,0,0,0
689070,1,1,1,1,1,1,0,0,0,0,0,0,0,0,0,0,0,0,0,0,0
674518,1,1,1,1,1,1,1,0,0,0,0,0,0,0,0,0,0,0,0,0,0
677066,1,1,1,1,1,1,0,0,0,0,0,0,0,0,0,0,0,0,0,0,0
531902,1,1,1,1,1,1,1,1,0,0,0,0,0,0,0,0,0,0,0,0,0
657397,1,1,1,1,1,1,0,1,0,0,0,0,0,0,0,0,0,0,0,0,0
588670,1,1,1,1,1,1,1,0,1,0,0,0,0,0,0,0,0,0,0,0,0
555554,1,1,1,1,1,1,1,1,1,0,0,0,0,0,0,0,0,0,0,0,0
494007,1,1,1,1,1,1,0,0,0,0,0,0,0,0,0,0,0,0,0,0,0
682096,1,1,1,1,1,1,1,1,1,0,0,0,0,0,0,0,0,0,0,0,0
672590,1,1,1,1,1,1,1,1,1,1,1,0,1,0,0,0,0,0,0,0,0
677261,1,1,1,1,1,1,0,1,0,1,0,0,0,0,0,0,0,0,0,0,0
659792,1,1,1,1,1,1,0,1,0,0,0,0,0,0,0,0,0,0,0,0,0
699619,1,1,1,1,1,0,0,0,0,0,0,0,0,0,0,0,0,0,0,0,0
670728,1,1,1,1,1,1,1,1,0,0,0,0,0,0,0,0,0,0,0,0,0
660846,1,1,1,1,1,1,1,1,0,0,0,0,0,0,0,0,0,0,0,0,0
672074,1,1,1,1,1,1,0,0,0,0,0,0,0,0,0,0,0,0,0,0,0
683677,1,1,1,1,1,1,0,1,1,0,0,0,0,0,0,0,0,0,0,0,0
647669,1,1,1,1,0,0,0,0,0,0,0,0,0,0,0,0,0,0,0,0,0
592469,1,1,1,1,1,1,0,0,0,0,0,0,0,0,0,0,0,0,0,0,0
676745,1,1,1,1,1,0,0,0,0,0,0,0,0,0,0,0,0,0,0,0,0
694780,1,1,1,1,1,1,1,0,0,0,0,0,0,0,0,0,0,0,0,0,0
696683,1,1,1,1,1,1,0,1,1,0,1,0,1,1,1,1,1,1,1,1,1
691501,1,1,1,1,1,1,0,0,0,0,0,0,0,0,0,0,0,0,0,0,0
672526,1,1,1,1,1,1,1,1,1,0,0,0,0,0,0,0,0,0,0,0,0
656725,1,1,1,1,0,0,0,0,0,0,0,0,0,0,0,0,0,0,0,0,0
675757,1,1,1,1,1,1,1,1,0,0,0,0,0,0,0,0,0,0,0,0,0
656947,1,1,1,1,1,0,0,0,0,0,0,0,0,0,0,0,0,0,0,0,0
674239,1,1,1,1,1,1,1,0,0,0,0,0,0,0,0,0,0,0,0,0,0
694889,1,1,1,1,1,1,1,1,1,0,1,1,1,1,1,1,1,1,1,1,1
687420,1,1,1,1,1,1,0,0,0,0,0,0,0,0,0,0,0,0,0,0,0
693707,1,1,1,1,1,1,1,0,0,0,0,0,0,0,0,0,0,0,0,0,0
672714,1,1,1,1,1,1,0,1,0,0,0,0,0,0,0,0,0,0,0,0,0
496081,0,1,0,0,0,0,0,0,0,0,0,0,0,0,0,0,0,0,0,0,0
662339,1,1,1,1,1,1,1,1,1,1,1,1,1,1,1,1,1,1,1,1,1
688881,1,1,1,1,1,1,1,0,1,0,1,0,0,0,0,0,0,0,0,0,0
656926,1,1,1,1,1,1,1,0,0,0,0,0,0,0,0,0,0,0,0,0,0
694904,1,1,1,1,1,0,1,0,1,0,0,0,0,0,0,0,0,0,0,0,0
699309,1,1,1,1,1,1,0,0,0,0,0,0,0,0,0,0,0,0,0,0,0
653197,1,1,1,1,1,1,0,0,0,0,0,0,0,0,0,0,0,0,0,0,0
661371,1,1,1,1,1,1,0,0,0,0,0,0,0,0,0,0,0,0,0,0,0
685850,1,1,1,1,1,1,1,1,0,1,0,0,0,0,0,0,0,0,0,0,0
440981,1,1,1,1,1,1,1,1,1,1,0,1,0,0,0,0,0,0,0,0,0
666212,1,1,1,1,1,1,1,1,1,0,0,0,0,0,0,0,0,0,0,0,0
686486,1,1,1,1,1,1,0,0,0,0,0,0,0,0,0,0,0,0,0,0,0
673413,1,1,1,1,1,1,0,1,0,0,0,0,0,0,0,0,0,0,0,0,0
612517,1,1,1,1,1,1,1,1,1,1,0,1,0,0,0,0,0,0,0,0,0
689168,1,1,1,1,1,1,0,0,0,0,0,0,0,0,0,0,0,0,0,0,0
657513,1,1,1,0,0,0,0,0,0,0,0,0,0,0,0,0,0,0,0,0,0
659879,1,1,1,1,1,1,1,1,0,1,0,0,0,0,0,0,0,0,0,0,0
695122,1,1,1,1,1,1,0,0,0,0,0,0,0,0,0,0,0,0,0,0,0
659669,1,1,1,1,1,1,1,1,1,1,1,1,1,0,0,0,0,0,0,0,0
675836,1,1,1,1,1,1,1,1,0,0,0,0,0,0,0,0,0,0,0,0,0
483241,1,1,1,1,1,1,1,0,0,0,0,0,0,0,0,0,0,0,0,0,0
704235,0,0,0,0,0,0,0,0,0,0,0,0,0,0,0,0,0,0,0,0,0
634044,1,1,1,1,1,1,0,1,0,0,0,0,0,0,0,0,0,0,0,0,0
627045,1,1,1,1,1,1,1,0,1,0,0,0,0,0,0,0,0,0,0,0,0
674584,1,1,1,1,1,1,0,0,0,0,0,0,0,0,0,0,0,0,0,0,0
661925,1,1,1,1,1,1,0,0,0,0,0,0,0,0,0,0,0,0,0,0,0
659126,1,1,1,1,1,1,0,0,0,0,0,0,0,0,0,0,0,0,0,0,0
688188,1,1,1,1,1,0,0,0,0,0,0,0,0,0,0,0,0,0,0,0,0
680602,1,1,1,1,1,1,0,1,0,0,0,0,0,0,0,0,0,0,0,0,0
678327,1,1,1,1,1,0,0,0,0,0,0,0,0,0,0,0,0,0,0,0,0
666230,1,1,1,1,1,1,1,0,0,0,0,0,0,0,0,0,0,0,0,0,0
700164,1,1,1,1,1,1,1,1,1,0,0,0,0,0,0,0,0,0,0,0,0
686572,1,1,1,1,1,1,1,1,1,0,1,1,1,1,1,1,1,1,1,1,1
629978,1,1,1,1,1,1,1,1,1,1,1,1,1,0,0,0,0,0,0,0,0
664725,1,1,1,1,1,1,0,0,0,0,0,0,0,0,0,0,0,0,0,0,0
677035,1,1,1,1,1,1,0,0,0,0,0,0,0,0,0,0,0,0,0,0,0
683636,1,1,1,1,1,1,0,0,0,0,0,0,0,0,0,0,0,0,0,0,0
584737,1,1,1,1,1,1,1,1,1,1,1,1,1,1,1,1,1,1,1,1,1
676540,1,1,1,1,1,1,1,1,1,1,1,0,0,0,0,0,0,0,0,0,0
539295,0,0,0,0,0,0,0,0,0,0,0,0,0,0,0,0,0,0,0,0,0
695310,1,1,1,1,1,1,0,0,0,0,0,0,0,0,0,0,0,0,0,0,0
698300,1,1,1,0,0,0,0,0,0,0,0,0,0,0,0,0,0,0,0,0,0
676549,1,1,1,1,1,1,1,1,0,1,0,0,0,0,0,0,0,0,0,0,0
679328,1,1,1,1,1,1,0,1,0,0,0,0,0,0,0,0,0,0,0,0,0
541635,1,1,1,1,1,1,0,0,0,0,0,0,0,0,0,0,0,0,0,0,0
676498,1,1,1,1,1,1,0,0,0,0,0,0,0,0,0,0,0,0,0,0,0
661400,0,1,1,1,1,1,1,0,0,0,0,0,0,0,0,0,0,0,0,0,0
662873,1,1,1,1,1,0,0,0,0,0,0,0,0,0,0,0,0,0,0,0,0
666388,1,1,1,1,1,1,0,0,0,0,0,0,0,0,0,0,0,0,0,0,0
694512,1,1,1,1,1,1,1,1,1,1,0,0,0,0,0,0,0,0,0,0,0
260856,1,1,1,1,1,1,0,0,0,0,0,0,0,0,0,0,0,0,0,0,0
699341,1,1,1,1,1,1,1,1,1,0,1,1,0,1,1,0,1,0,1,0,0
677928,1,1,1,1,1,0,0,0,0,0,0,0,0,0,0,0,0,0,0,0,0
668114,1,1,1,1,1,1,0,0,0,0,0,0,0,0,0,0,0,0,0,0,0
577035,1,1,1,1,1,0,0,0,0,0,0,0,0,0,0,0,0,0,0,0,0
669587,1,1,1,1,1,1,1,1,1,1,1,1,1,1,1,1,1,1,1,1,1
699671,1,1,1,1,1,1,1,0,1,0,1,1,1,1,1,1,1,1,1,1,1
497182,1,1,1,1,1,1,1,0,1,1,1,1,1,1,1,1,0,1,1,0,1
693298,1,1,1,1,1,1,1,0,0,0,0,0,0,0,0,0,0,0,0,0,0
688578,1,1,1,1,1,1,1,1,0,1,0,0,0,0,0,0,0,0,0,0,0
700619,1,1,1,1,1,1,0,0,0,0,0,0,0,0,0,0,0,0,0,0,0
656562,1,1,1,1,0,1,0,0,0,0,0,0,0,0,0,0,0,0,0,0,0
666226,1,1,1,1,1,1,1,1,1,1,1,1,0,0,0,0,0,0,0,0,0
675126,1,1,1,1,1,1,0,1,0,0,0,0,0,0,0,0,0,0,0,0,0
677484,1,1,1,1,1,1,1,1,1,0,0,0,0,0,0,0,0,0,0,0,0
680761,1,1,1,1,1,1,1,1,1,1,1,1,1,1,1,1,1,0,1,0,1
685508,1,1,1,1,1,1,0,0,0,0,0,0,0,0,0,0,0,0,0,0,0
704247,1,1,1,1,1,1,0,1,1,0,1,0,0,0,0,0,0,0,0,0,0
663799,1,1,1,1,0,1,0,0,0,0,0,0,0,0,0,0,0,0,0,0,0
578593,1,1,1,1,1,1,1,1,1,0,0,0,0,0,0,0,0,0,0,0,0
677717,1,1,1,1,1,1,0,1,0,0,0,0,0,0,0,0,0,0,0,0,0
686681,1,1,1,1,1,0,0,0,0,0,0,0,0,0,0,0,0,0,0,0,0
700927,1,1,1,1,1,1,1,0,1,0,0,0,0,0,0,0,0,0,0,0,0
683876,1,1,1,1,1,0,0,0,0,0,0,0,0,0,0,0,0,0,0,0,0
702948,1,1,1,0,1,0,0,0,0,0,0,0,0,0,0,0,0,0,0,0,0
688134,1,1,1,1,1,1,0,1,1,1,1,1,1,1,1,1,1,1,1,1,1
686198,1,1,1,1,1,1,0,0,0,0,0,0,0,0,0,0,0,0,0,0,0
665513,1,1,1,1,1,1,0,0,0,0,0,0,0,0,0,0,0,0,0,0,0
553772,1,1,1,1,1,1,1,1,1,0,0,0,0,0,0,0,0,0,0,0,0
665445,1,1,1,1,1,1,1,1,1,1,0,0,0,0,0,0,0,0,0,0,0
656432,1,1,1,1,1,1,0,0,0,0,0,0,0,0,0,0,0,0,0,0,0
678739,1,1,1,1,1,1,1,0,0,0,0,0,0,0,0,0,0,0,0,0,0
664297,1,1,1,1,1,1,1,1,1,1,0,1,1,1,1,1,1,1,1,1,1
658013,1,1,1,1,1,1,0,1,0,1,0,0,0,0,0,0,0,0,0,0,0
684422,1,1,1,1,1,1,0,0,0,0,0,0,0,0,0,0,0,0,0,0,0
676878,1,1,1,1,1,1,1,1,1,0,1,1,1,1,1,1,1,1,1,1,1
662118,1,1,1,1,1,1,1,1,0,1,1,1,1,1,1,1,1,1,1,1,1
688413,1,1,1,1,1,1,1,1,0,1,0,1,0,0,0,0,0,0,0,0,0
702717,1,1,1,1,1,1,1,1,0,0,0,0,0,0,0,0,0,0,0,0,0
559753,0,1,1,1,1,0,0,0,0,0,0,0,0,0,0,0,0,0,0,0,0
516518,1,1,1,1,1,1,0,0,0,0,0,0,0,0,0,0,0,0,0,0,0
687408,1,1,1,1,1,1,0,0,0,0,0,0,0,0,0,0,0,0,0,0,0
666627,1,1,1,1,1,1,1,0,1,0,0,0,0,0,0,0,0,0,0,0,0
666292,1,1,1,1,1,1,1,1,0,0,0,0,0,0,0,0,0,0,0,0,0
699944,1,1,1,1,1,1,1,1,1,0,1,0,0,0,0,0,0,0,0,0,0
679195,1,1,1,1,1,0,0,0,0,0,0,0,0,0,0,0,0,0,0,0,0
692364,1,1,1,1,1,1,1,1,0,0,0,0,0,0,0,0,0,0,0,0,0
692846,1,1,1,1,1,1,1,0,0,0,0,0,0,0,0,0,0,0,0,0,0
673593,1,1,1,1,1,1,1,0,0,0,0,0,0,0,0,0,0,0,0,0,0
678582,1,1,1,1,1,1,1,1,1,0,0,0,0,0,0,0,0,0,0,0,0
665884,1,1,1,1,1,1,1,1,1,1,1,1,1,1,1,1,1,1,1,1,1
685447,1,1,1,1,1,1,1,1,1,0,0,0,0,0,0,0,0,0,0,0,0
701142,1,1,1,1,1,0,0,0,0,0,0,0,0,0,0,0,0,0,0,0,0
679082,1,1,1,1,1,1,1,1,1,0,0,0,0,0,0,0,0,0,0,0,0
692906,0,1,1,1,1,1,0,0,0,0,0,0,0,0,0,0,0,0,0,0,0
666149,1,1,1,1,1,1,1,1,1,0,0,0,0,0,0,0,0,0,0,0,0
534295,1,1,1,1,1,1,1,1,0,0,0,0,0,0,0,0,0,0,0,0,0
689077,1,1,1,1,1,1,0,0,0,0,0,0,0,0,0,0,0,0,0,0,0
698421,1,1,1,1,1,1,1,1,0,0,0,0,0,0,0,0,0,0,0,0,0
674573,1,1,1,1,1,1,1,0,0,0,0,0,0,0,0,0,0,0,0,0,0
679761,1,1,1,1,1,1,1,0,1,1,0,0,0,0,0,0,0,0,0,0,0
672028,1,1,1,1,1,1,0,1,0,0,0,0,0,0,0,0,0,0,0,0,0
666766,1,1,1,1,1,1,0,0,0,0,0,0,0,0,0,0,0,0,0,0,0
665625,1,1,1,1,1,1,0,1,0,0,0,0,0,0,0,0,0,0,0,0,0
669363,1,1,1,1,1,1,0,0,0,0,0,0,0,0,0,0,0,0,0,0,0
680313,1,1,1,1,1,0,0,0,0,0,0,0,0,0,0,0,0,0,0,0,0
659254,1,1,1,1,1,1,1,0,0,0,0,0,0,0,0,0,0,0,0,0,0
699730,1,1,1,1,1,0,0,0,0,0,0,0,0,0,0,0,0,0,0,0,0
684908,1,1,1,1,1,1,0,0,0,0,0,0,0,0,0,0,0,0,0,0,0
680321,1,1,1,1,1,1,1,1,0,0,0,0,0,0,0,0,0,0,0,0,0
698514,1,1,1,1,1,1,0,0,0,0,0,0,0,0,0,0,0,0,0,0,0
689155,1,1,1,1,1,0,1,0,1,0,0,0,0,0,0,0,0,0,0,0,0
699890,1,1,1,1,1,1,1,0,0,0,0,0,0,0,0,0,0,0,0,0,0
691636,1,1,1,1,1,1,1,0,1,0,0,0,0,0,0,0,0,0,0,0,0
386289,1,1,1,1,1,1,0,0,0,0,0,0,0,0,0,0,0,0,0,0,0
680585,1,1,1,1,1,0,1,1,1,1,1,1,1,1,1,1,1,1,1,1,1
697896,1,1,1,1,1,1,1,1,1,1,0,0,0,0,0,0,0,0,0,0,0
695479,1,1,1,1,1,0,0,0,0,0,0,0,0,0,0,0,0,0,0,0,0
693649,1,1,1,1,1,0,0,0,0,0,0,0,0,0,0,0,0,0,0,0,0
602698,1,1,1,1,1,1,1,0,0,0,0,0,0,0,0,0,0,0,0,0,0
676571,1,1,1,1,1,1,0,0,0,0,0,0,0,0,0,0,0,0,0,0,0
666389,1,1,1,1,1,1,0,1,1,0,1,0,0,0,0,0,0,0,0,0,0
668338,1,1,1,1,1,1,1,1,1,1,1,1,0,0,0,0,0,0,0,0,0
688538,1,1,1,1,1,1,0,0,0,0,0,0,0,0,0,0,0,0,0,0,0
680349,1,1,1,1,1,1,1,0,0,0,0,0,0,0,0,0,0,0,0,0,0
698077,1,1,1,1,1,1,0,1,1,1,0,1,0,0,0,0,0,0,0,0,0
678156,1,1,1,1,1,1,1,1,1,1,0,0,0,0,0,0,0,0,0,0,0
694431,1,1,1,1,1,1,1,1,1,1,1,0,0,0,0,0,0,0,0,0,0
699720,1,1,1,1,1,1,1,0,1,1,0,0,0,0,0,0,0,0,0,0,0
481895,1,1,1,0,1,1,0,1,1,1,1,1,1,1,1,1,1,1,1,1,1
698020,0,1,1,1,1,0,0,0,0,0,0,0,0,0,0,0,0,0,0,0,0
670095,1,1,1,1,1,0,1,0,0,0,0,0,0,0,0,0,0,0,0,0,0
669837,1,1,1,1,1,1,0,0,0,0,0,0,0,0,0,0,0,0,0,0,0
694952,1,1,1,1,1,1,1,1,1,0,0,0,0,0,0,0,0,0,0,0,0
427317,1,1,1,1,1,0,0,0,0,0,0,0,0,0,0,0,0,0,0,0,0
691678,1,1,1,1,1,1,0,0,0,0,0,0,0,0,0,0,0,0,0,0,0
675809,1,1,1,1,1,1,0,0,0,0,0,0,0,0,0,0,0,0,0,0,0
694312,1,1,1,1,1,1,0,0,0,0,0,0,0,0,0,0,0,0,0,0,0
685103,0,1,1,0,0,0,0,0,0,0,0,0,0,0,0,0,0,0,0,0,0
666034,1,1,1,1,1,1,1,1,1,1,0,0,0,0,0,0,0,0,0,0,0
661481,1,1,1,1,0,0,0,0,0,0,0,0,0,0,0,0,0,0,0,0,0
564918,1,1,1,1,1,1,0,0,0,0,0,0,0,0,0,0,0,0,0,0,0
685198,1,1,1,1,1,1,0,0,0,0,0,0,0,0,0,0,0,0,0,0,0
679808,1,1,1,1,1,1,0,1,1,0,0,0,0,0,0,0,0,0,0,0,0
693361,1,1,1,1,0,1,0,0,0,0,0,0,0,0,0,0,0,0,0,0,0
634665,1,1,1,1,1,1,1,1,0,1,0,0,0,0,0,0,0,0,0,0,0
562374,1,1,1,1,1,1,0,1,0,1,0,0,0,0,0,0,0,0,0,0,0
688955,1,1,1,1,1,1,0,0,0,0,0,0,0,0,0,0,0,0,0,0,0
313391,1,1,1,1,0,1,0,0,0,0,0,0,0,0,0,0,0,0,0,0,0
690747,1,1,1,1,0,0,0,0,0,0,0,0,0,0,0,0,0,0,0,0,0
632875,1,1,1,1,1,1,1,0,1,0,0,0,0,0,0,0,0,0,0,0,0
691030,1,1,1,0,1,0,0,0,0,0,0,0,0,0,0,0,0,0,0,0,0
676546,1,1,1,1,1,1,0,0,0,0,0,0,0,0,0,0,0,0,0,0,0
702712,1,1,1,1,1,1,1,1,0,1,0,0,0,0,0,0,0,0,0,0,0
681388,1,1,1,0,1,0,0,0,0,0,0,0,0,0,0,0,0,0,0,0,0
642787,1,1,1,1,1,1,1,1,1,0,0,0,0,0,0,0,0,0,0,0,0
677278,1,1,1,1,1,1,0,0,0,0,0,0,0,0,0,0,0,0,0,0,0
428182,1,1,1,0,0,0,0,0,0,0,0,0,0,0,0,0,0,0,0,0,0
656238,1,1,1,1,1,1,0,0,0,0,0,0,0,0,0,0,0,0,0,0,0
676269,1,1,1,1,1,1,0,0,0,0,0,0,0,0,0,0,0,0,0,0,0
523584,1,1,1,1,1,1,0,0,0,0,0,0,0,0,0,0,0,0,0,0,0
394805,1,1,1,1,1,1,1,1,1,1,0,1,0,0,0,0,0,0,0,0,0
569621,1,1,1,1,1,1,0,1,0,1,0,0,0,0,0,0,0,0,0,0,0
673416,1,1,1,1,1,1,0,0,0,0,0,0,0,0,0,0,0,0,0,0,0
686993,1,1,1,1,1,1,1,0,0,0,0,0,0,0,0,0,0,0,0,0,0
682178,1,1,1,1,1,0,0,0,0,0,0,0,0,0,0,0,0,0,0,0,0
673840,1,1,1,1,1,1,0,1,0,0,0,0,0,0,0,0,0,0,0,0,0
680059,1,1,0,0,0,0,0,0,0,0,0,0,0,0,0,0,0,0,0,0,0
685664,1,1,1,1,1,1,0,1,0,1,1,1,0,1,1,1,1,1,1,1,1
674086,1,1,1,1,1,1,1,0,0,0,0,0,0,0,0,0,0,0,0,0,0
696197,1,1,1,1,1,1,0,0,0,0,0,0,0,0,0,0,0,0,0,0,0
661988,1,1,1,1,1,0,0,0,0,0,0,0,0,0,0,0,0,0,0,0,0
664186,1,1,1,1,1,0,0,0,0,0,0,0,0,0,0,0,0,0,0,0,0
576731,1,1,1,1,1,1,0,1,0,1,1,1,1,1,1,1,1,1,0,0,0
686733,1,1,1,1,1,1,0,0,0,0,0,0,0,0,0,0,0,0,0,0,0
694540,1,1,1,1,1,1,1,1,1,1,1,1,1,1,1,1,1,1,1,1,1
679013,1,1,1,1,1,1,1,1,0,0,0,0,0,0,0,0,0,0,0,0,0
695976,1,1,1,1,1,1,1,0,0,0,0,0,0,0,0,0,0,0,0,0,0
675023,1,1,1,1,1,1,0,0,0,0,0,0,0,0,0,0,0,0,0,0,0
677755,1,1,1,1,1,1,0,0,0,0,0,0,0,0,0,0,0,0,0,0,0
692877,1,1,1,1,1,0,0,0,0,0,0,0,0,0,0,0,0,0,0,0,0
677135,1,1,1,1,1,1,0,0,0,0,0,0,0,0,0,0,0,0,0,0,0
703368,1,1,1,1,1,1,1,1,1,1,1,0,0,0,0,0,0,0,0,0,0
694093,1,1,1,1,1,1,0,1,1,1,1,1,1,1,1,1,1,1,1,0,1
480505,1,1,1,1,1,1,1,0,1,1,1,1,0,1,1,1,1,1,1,1,1
658983,1,1,1,1,1,0,0,0,0,0,0,0,0,0,0,0,0,0,0,0,0
680482,1,1,1,1,1,0,0,0,0,0,0,0,0,0,0,0,0,0,0,0,0
695668,1,1,1,1,1,1,1,1,0,1,1,0,0,0,0,0,0,0,0,0,0
678697,1,1,1,1,1,1,1,1,1,0,0,0,0,0,0,0,0,0,0,0,0
660862,1,1,1,1,1,0,1,1,0,0,0,0,0,0,0,0,0,0,0,0,0
594237,1,1,1,1,1,1,1,0,0,0,0,0,0,0,0,0,0,0,0,0,0
699929,1,1,1,1,1,1,1,1,1,1,0,0,0,0,0,0,0,0,0,0,0
481071,1,1,1,1,1,1,1,1,1,0,0,0,0,0,0,0,0,0,0,0,0
671558,1,1,1,1,1,1,1,1,1,1,1,1,1,1,1,1,1,1,1,1,1
656808,1,1,1,1,1,1,1,1,1,1,0,0,0,0,0,0,0,0,0,0,0
685910,1,1,1,1,1,0,0,0,0,0,0,0,0,0,0,0,0,0,0,0,0
666942,1,1,1,1,1,1,1,0,1,1,1,0,0,0,0,0,0,0,0,0,0
700450,1,1,1,1,1,1,1,0,0,0,0,0,0,0,0,0,0,0,0,0,0
670172,1,1,1,1,1,1,0,0,0,0,0,0,0,0,0,0,0,0,0,0,0
689631,1,1,1,1,1,1,1,1,1,0,0,0,0,0,0,0,0,0,0,0,0
666016,1,1,1,1,1,0,0,0,0,0,0,0,0,0,0,0,0,0,0,0,0
660161,1,1,1,1,1,0,0,0,0,0,0,0,0,0,0,0,0,0,0,0,0
669191,1,1,1,1,1,1,1,1,0,1,0,0,0,0,0,0,0,0,0,0,0
671790,1,1,1,1,1,1,0,0,0,0,0,0,0,0,0,0,0,0,0,0,0
697833,1,1,1,1,0,1,0,0,0,0,0,0,0,0,0,0,0,0,0,0,0
676486,1,1,1,1,0,0,0,0,0,0,0,0,0,0,0,0,0,0,0,0,0
660599,1,1,1,1,1,1,1,1,1,0,0,0,0,0,0,0,0,0,0,0,0
647265,1,1,1,1,1,1,1,1,1,1,0,0,0,0,0,0,0,0,0,0,0
657796,1,1,1,1,1,1,1,0,1,0,0,0,0,0,0,0,0,0,0,0,0
666508,1,1,1,1,1,1,0,0,0,0,0,0,0,0,0,0,0,0,0,0,0
679620,1,1,1,1,1,1,0,1,0,0,0,0,0,0,0,0,0,0,0,0,0
681400,1,1,1,1,1,1,1,1,1,1,0,0,0,0,0,0,0,0,0,0,0
696084,1,1,1,1,1,1,1,1,1,1,1,1,1,0,1,1,1,1,1,0,0
700672,1,1,1,1,1,1,0,1,0,0,0,0,0,0,0,0,0,0,0,0,0
676249,1,1,1,1,0,1,0,1,1,1,1,1,1,1,1,1,1,1,1,1,1
665342,1,1,1,1,1,1,0,0,0,0,0,0,0,0,0,0,0,0,0,0,0
664351,1,1,1,1,1,1,0,0,0,0,0,0,0,0,0,0,0,0,0,0,0
395766,1,1,1,1,1,1,0,0,0,0,0,0,0,0,0,0,0,0,0,0,0
695124,1,1,1,1,0,0,0,0,0,0,0,0,0,0,0,0,0,0,0,0,0
689848,1,1,1,1,1,1,0,0,0,0,0,0,0,0,0,0,0,0,0,0,0
660693,1,1,1,1,1,1,0,0,0,0,0,0,0,0,0,0,0,0,0,0,0
695240,1,1,1,1,1,1,0,0,0,0,0,0,0,0,0,0,0,0,0,0,0
422208,1,1,1,1,1,1,1,1,0,0,0,0,0,0,0,0,0,0,0,0,0
700816,1,1,1,1,1,1,0,0,0,0,0,0,0,0,0,0,0,0,0,0,0
688206,1,1,1,1,0,1,0,0,0,0,0,0,0,0,0,0,0,0,0,0,0
616009,1,1,1,1,1,1,1,1,0,0,0,0,0,0,0,0,0,0,0,0,0
677671,1,1,1,1,1,0,0,0,0,0,0,0,0,0,0,0,0,0,0,0,0
674610,1,1,1,1,1,1,0,1,1,0,0,0,0,0,0,0,0,0,0,0,0
688818,1,1,1,1,1,1,0,0,0,0,0,0,0,0,0,0,0,0,0,0,0
659763,1,1,0,1,1,0,0,0,0,0,0,0,0,0,0,0,0,0,0,0,0
661161,1,1,1,0,1,0,0,0,0,0,0,0,0,0,0,0,0,0,0,0,0
693936,1,1,1,1,1,1,0,1,1,1,1,0,0,0,0,0,0,0,0,0,0
661184,1,1,1,1,1,1,0,0,0,0,0,0,0,0,0,0,0,0,0,0,0
690752,1,1,1,1,1,1,1,1,1,0,0,0,0,0,0,0,0,0,0,0,0
683362,1,1,1,1,1,1,0,0,0,0,0,0,0,0,0,0,0,0,0,0,0
696020,1,1,1,1,1,1,1,1,1,0,0,0,0,0,0,0,0,0,0,0,0
580626,1,1,1,1,0,0,0,0,0,0,0,0,0,0,0,0,0,0,0,0,0
675482,1,1,1,1,1,0,0,0,0,0,0,0,0,0,0,0,0,0,0,0,0
700819,1,1,1,1,1,1,0,0,0,0,0,0,0,0,0,0,0,0,0,0,0
656649,1,1,1,1,1,1,1,1,1,1,1,1,1,1,1,1,1,1,1,1,1
682067,1,1,0,0,0,0,0,0,0,0,0,0,0,0,0,0,0,0,0,0,0
668403,1,1,1,1,1,0,1,1,1,1,1,1,0,1,1,0,1,1,1,0,1
678600,1,1,1,1,1,1,1,1,0,0,0,0,0,0,0,0,0,0,0,0,0
648900,1,1,1,1,1,1,0,0,0,0,0,0,0,0,0,0,0,0,0,0,0
683795,1,1,1,1,1,0,0,0,0,0,0,0,0,0,0,0,0,0,0,0,0
417088,1,1,1,1,1,1,1,1,0,0,0,0,0,0,0,0,0,0,0,0,0
460640,1,1,1,1,1,1,1,1,0,1,1,0,0,0,0,0,0,0,0,0,0
660054,1,1,1,1,1,1,0,0,0,0,0,0,0,0,0,0,0,0,0,0,0
684387,0,0,0,0,0,0,0,0,0,0,0,0,0,0,0,0,0,0,0,0,0
657893,1,1,1,1,1,1,0,0,0,0,0,0,0,0,0,0,0,0,0,0,0
693916,1,1,1,1,1,1,0,1,0,0,0,0,0,0,0,0,0,0,0,0,0
692414,1,1,1,1,1,1,0,1,0,0,0,0,0,0,0,0,0,0,0,0,0
495258,1,1,1,1,0,1,0,0,0,0,0,0,0,0,0,0,0,0,0,0,0
694458,1,1,1,1,1,0,0,0,0,0,0,0,0,0,0,0,0,0,0,0,0
681148,1,1,1,1,1,0,0,0,0,0,0,0,0,0,0,0,0,0,0,0,0
677458,1,1,1,1,1,1,0,1,1,1,1,1,1,1,1,1,1,1,1,0,1
687139,1,1,1,1,1,1,1,0,0,0,0,0,0,0,0,0,0,0,0,0,0
680395,1,1,1,1,0,0,0,0,0,0,0,0,0,0,0,0,0,0,0,0,0
661067,1,1,1,1,1,0,0,0,0,0,0,0,0,0,0,0,0,0,0,0,0
691406,1,1,1,1,1,1,0,0,0,0,0,0,0,0,0,0,0,0,0,0,0
701306,1,1,1,1,1,1,1,0,1,1,0,0,0,0,0,0,0,0,0,0,0
664440,1,1,1,1,1,1,0,1,0,1,0,0,0,0,0,0,0,0,0,0,0
677385,1,1,1,1,1,1,0,1,1,0,0,0,0,0,0,0,0,0,0,0,0
323461,1,1,1,1,1,1,0,1,0,1,1,1,1,1,1,1,1,1,1,1,1
679055,1,1,1,1,1,1,1,1,1,0,0,0,0,0,0,0,0,0,0,0,0
665368,1,1,1,1,1,1,0,1,0,0,0,0,0,0,0,0,0,0,0,0,0
686588,1,1,1,1,1,1,1,1,1,1,0,1,0,1,1,1,1,1,1,1,1
679404,1,1,1,1,1,1,1,1,1,1,1,1,1,1,1,1,1,1,1,1,1
687346,1,1,1,1,1,0,1,0,0,0,0,0,0,0,0,0,0,0,0,0,0
658650,1,1,1,1,1,1,0,1,1,1,1,1,1,0,1,0,0,0,0,0,0
685097,0,1,1,1,1,0,0,0,0,0,0,0,0,0,0,0,0,0,0,0,0
697698,1,1,1,1,1,1,0,0,0,0,0,0,0,0,0,0,0,0,0,0,0
693626,1,1,1,1,1,1,1,0,0,0,0,0,0,0,0,0,0,0,0,0,0
700138,1,1,1,1,1,1,1,1,1,1,1,0,0,0,0,0,0,0,0,0,0
669055,1,1,1,1,1,1,0,1,1,0,0,0,0,0,0,0,0,0,0,0,0
312080,1,1,1,1,1,1,1,0,0,0,0,0,0,0,0,0,0,0,0,0,0
703442,1,1,1,1,1,1,1,1,1,0,1,0,0,0,0,0,0,0,0,0,0
690224,1,1,1,1,1,1,1,1,1,1,1,0,0,0,0,0,0,0,0,0,0
677169,1,1,1,1,1,0,0,0,0,0,0,0,0,0,0,0,0,0,0,0,0
535436,1,1,1,1,1,1,0,0,0,0,0,0,0,0,0,0,0,0,0,0,0
656956,0,1,1,1,1,0,0,0,0,0,0,0,0,0,0,0,0,0,0,0,0
701812,1,1,1,1,1,1,0,0,0,0,0,0,0,0,0,0,0,0,0,0,0
699642,1,1,1,1,1,1,0,0,0,0,0,0,0,0,0,0,0,0,0,0,0
684520,1,1,1,1,1,1,0,0,0,0,0,0,0,0,0,0,0,0,0,0,0
675155,1,1,1,1,1,1,1,1,1,1,1,0,0,0,0,0,0,0,0,0,0
693628,1,1,1,1,1,1,1,1,1,1,0,0,0,0,0,0,0,0,0,0,0
656897,1,1,1,1,0,1,0,0,0,0,0,0,0,0,0,0,0,0,0,0,0
682172,1,1,1,1,1,1,1,1,0,0,0,0,0,0,0,0,0,0,0,0,0
697750,1,1,1,1,1,1,1,1,1,0,0,0,0,0,0,0,0,0,0,0,0
683103,1,1,1,1,1,1,0,0,0,0,0,0,0,0,0,0,0,0,0,0,0
400508,1,1,1,1,0,0,0,0,0,0,0,0,0,0,0,0,0,0,0,0,0
688287,1,1,1,1,1,0,0,0,0,0,0,0,0,0,0,0,0,0,0,0,0
665208,1,1,1,1,1,1,1,0,0,0,0,0,0,0,0,0,0,0,0,0,0
477235,1,1,0,1,0,0,0,0,0,0,0,0,0,0,0,0,0,0,0,0,0
676412,1,1,1,1,1,1,1,1,1,1,0,0,0,0,0,0,0,0,0,0,0
700023,1,1,1,1,1,1,0,0,0,0,0,0,0,0,0,0,0,0,0,0,0
694892,1,1,1,1,1,1,1,1,1,1,0,0,0,0,0,0,0,0,0,0,0
700085,1,1,1,1,1,1,1,1,1,0,0,0,0,0,0,0,0,0,0,0,0
704451,1,1,1,1,1,1,0,1,1,1,1,0,0,0,0,0,0,0,0,0,0
660548,1,1,1,1,1,1,0,0,0,0,0,0,0,0,0,0,0,0,0,0,0
668566,1,1,1,1,1,0,1,1,1,1,1,1,1,1,1,1,1,1,1,1,1
321609,1,1,1,1,1,1,1,1,1,1,1,1,1,1,1,1,1,1,1,1,1
697676,1,1,1,1,1,1,0,1,1,1,1,1,1,1,1,1,1,1,1,1,1
665176,1,1,1,1,1,1,0,0,0,0,0,0,0,0,0,0,0,0,0,0,0
665012,1,1,1,1,1,0,0,0,0,0,0,0,0,0,0,0,0,0,0,0,0
675202,1,1,1,1,1,1,1,1,0,0,0,0,0,0,0,0,0,0,0,0,0
688265,1,1,1,1,1,1,1,1,0,0,0,0,0,0,0,0,0,0,0,0,0
646750,1,1,1,1,1,1,1,1,1,0,1,1,0,0,0,0,0,0,0,0,0
696017,1,1,1,1,1,1,1,1,1,1,1,1,1,1,1,1,1,1,1,1,0
694345,1,1,1,1,1,1,0,1,0,1,0,0,0,0,0,0,0,0,0,0,0
677962,1,1,1,1,1,1,0,0,0,0,0,0,0,0,0,0,0,0,0,0,0
675662,1,1,1,1,1,0,0,0,0,0,0,0,0,0,0,0,0,0,0,0,0
443214,1,1,1,1,1,1,1,1,1,1,1,1,1,1,1,1,1,1,1,1,0
689782,1,1,1,1,1,1,0,0,0,0,0,0,0,0,0,0,0,0,0,0,0
662795,1,1,1,1,1,0,0,0,0,0,0,0,0,0,0,0,0,0,0,0,0
660571,1,1,1,1,1,1,1,0,1,0,0,0,0,0,0,0,0,0,0,0,0
697070,1,1,1,1,1,0,0,0,0,0,0,0,0,0,0,0,0,0,0,0,0
602842,1,1,1,1,1,1,0,1,0,1,0,0,0,0,0,0,0,0,0,0,0
688286,1,1,1,1,1,1,0,0,0,0,0,0,0,0,0,0,0,0,0,0,0
681408,1,1,1,1,1,1,0,1,1,0,0,0,0,0,0,0,0,0,0,0,0
692350,1,1,1,1,1,1,0,1,1,1,1,1,1,1,1,0,0,0,0,0,0
688569,1,1,1,1,0,1,0,0,0,0,0,0,0,0,0,0,0,0,0,0,0
666799,1,1,1,1,1,1,0,0,0,0,0,0,0,0,0,0,0,0,0,0,0
688729,1,1,1,1,1,1,0,0,0,0,0,0,0,0,0,0,0,0,0,0,0
677023,1,1,1,1,1,0,0,0,0,0,0,0,0,0,0,0,0,0,0,0,0
692065,1,1,1,1,1,1,0,1,1,0,1,1,0,0,0,0,0,0,0,0,0
694420,1,1,1,1,1,1,0,0,0,0,0,0,0,0,0,0,0,0,0,0,0
682098,1,1,1,1,1,1,1,1,1,0,0,0,0,0,0,0,0,0,0,0,0
446933,0,1,1,1,1,0,0,0,0,0,0,0,0,0,0,0,0,0,0,0,0
665732,1,1,1,1,1,1,0,0,0,0,0,0,0,0,0,0,0,0,0,0,0
661066,1,1,1,1,1,1,0,0,0,0,0,0,0,0,0,0,0,0,0,0,0
324615,1,1,1,1,1,1,0,1,1,0,0,0,0,0,0,0,0,0,0,0,0
619540,1,1,1,1,1,0,0,0,0,0,0,0,0,0,0,0,0,0,0,0,0
699841,1,1,1,1,1,1,0,1,0,0,0,0,0,0,0,0,0,0,0,0,0
684101,1,1,1,1,1,1,1,1,0,1,0,1,1,0,1,1,1,1,1,0,1
677795,1,1,1,1,1,0,1,1,0,1,0,0,0,0,0,0,0,0,0,0,0
692074,1,1,1,1,1,0,0,0,0,0,0,0,0,0,0,0,0,0,0,0,0
675150,1,1,1,1,1,1,0,0,0,0,0,0,0,0,0,0,0,0,0,0,0
612763,1,1,1,1,1,1,1,1,0,1,0,0,0,0,0,0,0,0,0,0,0
683573,1,1,1,1,1,0,1,0,0,0,0,0,0,0,0,0,0,0,0,0,0
666813,1,1,1,1,1,1,1,1,1,0,0,0,0,0,0,0,0,0,0,0,0
686217,1,1,1,1,1,1,0,1,1,1,0,0,0,0,0,0,0,0,0,0,0
682220,1,1,1,1,1,1,1,1,1,1,1,0,0,0,0,0,0,0,0,0,0
457352,1,1,1,1,1,1,0,1,0,0,0,0,0,0,0,0,0,0,0,0,0
670706,1,1,1,1,1,0,0,0,0,0,0,0,0,0,0,0,0,0,0,0,0
686436,1,1,1,1,1,1,1,0,1,1,0,0,0,0,0,0,0,0,0,0,0
663182,1,1,1,1,1,1,1,0,0,0,0,0,0,0,0,0,0,0,0,0,0
681013,1,1,1,1,1,1,0,1,1,1,1,1,1,1,1,1,1,1,0,1,1
669790,1,1,1,1,1,1,1,1,1,0,1,1,1,1,1,0,1,1,1,1,0
687675,0,0,0,0,0,0,0,0,0,0,0,0,0,0,0,0,0,0,0,0,0
630414,1,1,1,1,1,1,0,0,0,0,0,0,0,0,0,0,0,0,0,0,0
678103,1,1,1,1,1,1,1,1,1,1,0,1,0,0,0,0,0,0,0,0,0
695471,1,1,1,1,1,1,0,0,0,0,0,0,0,0,0,0,0,0,0,0,0
686148,1,1,1,1,1,1,0,0,0,0,0,0,0,0,0,0,0,0,0,0,0
679322,1,1,1,1,1,1,0,0,0,0,0,0,0,0,0,0,0,0,0,0,0
697670,1,1,1,1,1,1,0,0,0,0,0,0,0,0,0,0,0,0,0,0,0
659386,1,1,1,1,1,1,0,0,0,0,0,0,0,0,0,0,0,0,0,0,0
695700,1,1,1,1,1,1,1,1,0,0,0,0,0,0,0,0,0,0,0,0,0
681494,1,1,1,1,1,1,1,0,0,0,0,0,0,0,0,0,0,0,0,0,0
680982,1,1,1,1,1,1,0,0,0,0,0,0,0,0,0,0,0,0,0,0,0
701344,1,1,1,1,1,1,0,0,0,0,0,0,0,0,0,0,0,0,0,0,0
673195,1,1,1,1,1,1,0,0,0,0,0,0,0,0,0,0,0,0,0,0,0
690451,1,1,1,1,1,0,0,0,0,0,0,0,0,0,0,0,0,0,0,0,0
693938,1,1,1,1,1,0,0,0,0,0,0,0,0,0,0,0,0,0,0,0,0
556274,1,1,1,1,1,1,1,1,0,0,0,0,0,0,0,0,0,0,0,0,0
696044,1,1,1,1,1,1,1,1,1,1,1,0,0,0,0,0,0,0,0,0,0
691109,1,1,0,0,0,0,0,0,0,0,0,0,0,0,0,0,0,0,0,0,0
677467,1,1,1,1,1,1,1,1,0,1,1,1,1,1,1,1,1,1,1,1,1
689999,1,1,1,1,1,1,0,0,0,0,0,0,0,0,0,0,0,0,0,0,0
699344,1,1,1,1,1,1,1,0,0,0,0,0,0,0,0,0,0,0,0,0,0
700643,1,1,1,1,1,1,0,0,0,0,0,0,0,0,0,0,0,0,0,0,0
670777,1,1,1,1,1,1,1,0,0,0,0,0,0,0,0,0,0,0,0,0,0
677971,1,1,1,1,1,1,0,0,0,0,0,0,0,0,0,0,0,0,0,0,0
658312,1,1,1,1,1,1,0,1,0,0,0,0,0,0,0,0,0,0,0,0,0
675087,1,1,1,1,1,1,0,1,0,0,0,0,0,0,0,0,0,0,0,0,0
703002,0,1,1,1,1,0,0,0,0,0,0,0,0,0,0,0,0,0,0,0,0
666578,1,1,1,1,1,1,1,1,1,1,0,0,0,0,0,0,0,0,0,0,0
682676,1,0,1,0,1,0,0,0,0,0,0,0,0,0,0,0,0,0,0,0,0
607563,1,1,1,0,1,1,1,1,1,1,1,1,1,1,1,1,1,0,1,1,1
690535,1,1,1,1,1,1,0,0,0,0,0,0,0,0,0,0,0,0,0,0,0
678036,1,1,1,1,1,1,1,1,1,1,0,1,0,0,0,0,0,0,0,0,0
658215,1,1,1,1,1,1,0,0,0,0,0,0,0,0,0,0,0,0,0,0,0
692925,1,1,1,1,1,1,1,0,0,0,0,0,0,0,0,0,0,0,0,0,0
696139,1,1,1,1,1,1,1,1,1,0,1,0,0,0,0,0,0,0,0,0,0
661361,1,1,1,1,1,1,1,1,1,1,1,1,1,1,1,1,1,1,0,0,0
690274,1,1,1,1,1,1,0,0,0,0,0,0,0,0,0,0,0,0,0,0,0
679941,1,1,1,1,1,1,0,1,0,1,0,1,1,1,1,0,1,1,1,1,1
680531,1,1,1,1,1,1,1,1,1,0,1,0,0,0,0,0,0,0,0,0,0
436711,1,1,1,1,1,0,0,0,0,0,0,0,0,0,0,0,0,0,0,0,0
660709,1,1,1,1,1,0,0,0,0,0,0,0,0,0,0,0,0,0,0,0,0
448174,1,1,1,1,1,1,1,1,0,0,0,0,0,0,0,0,0,0,0,0,0
703270,1,1,1,1,1,1,0,1,1,1,1,1,1,1,0,0,0,0,0,0,0
659860,1,1,1,1,0,0,0,0,0,0,0,0,0,0,0,0,0,0,0,0,0
327459,1,1,1,1,1,1,1,1,0,0,0,0,0,0,0,0,0,0,0,0,0
680921,1,1,1,1,1,0,1,1,0,0,0,0,0,0,0,0,0,0,0,0,0
686211,1,1,1,0,1,0,0,0,0,0,0,0,0,0,0,0,0,0,0,0,0
692055,1,1,1,1,1,0,0,0,0,0,0,0,0,0,0,0,0,0,0,0,0
680914,1,1,1,1,1,0,0,0,0,0,0,0,0,0,0,0,0,0,0,0,0
698841,1,1,1,1,1,1,1,0,0,0,0,0,0,0,0,0,0,0,0,0,0
693470,1,1,1,1,1,0,1,0,0,0,0,0,0,0,0,0,0,0,0,0,0
676730,1,1,1,1,1,0,0,0,0,0,0,0,0,0,0,0,0,0,0,0,0
678635,1,1,1,1,1,1,0,1,1,0,1,0,0,0,0,0,0,0,0,0,0
682097,1,1,1,1,0,0,0,0,0,0,0,0,0,0,0,0,0,0,0,0,0
661718,1,1,1,1,1,1,1,1,1,1,1,1,1,1,1,1,1,1,1,0,0
355526,1,1,1,1,1,1,0,1,1,1,1,1,1,1,1,1,1,1,1,1,1
678114,1,1,1,1,1,1,1,1,1,0,0,0,0,0,0,0,0,0,0,0,0
683322,1,1,1,1,1,1,1,1,1,0,0,0,0,0,0,0,0,0,0,0,0
560375,1,1,1,1,1,1,0,0,0,0,0,0,0,0,0,0,0,0,0,0,0
679039,1,1,1,1,1,0,0,0,0,0,0,0,0,0,0,0,0,0,0,0,0
703559,1,1,1,1,1,0,0,0,0,0,0,0,0,0,0,0,0,0,0,0,0
662442,1,1,1,1,0,0,0,0,0,0,0,0,0,0,0,0,0,0,0,0,0
656457,1,1,1,1,1,1,0,0,0,0,0,0,0,0,0,0,0,0,0,0,0
676784,1,1,1,1,1,1,1,1,0,0,0,0,0,0,0,0,0,0,0,0,0
656942,1,1,1,0,0,0,0,0,0,0,0,0,0,0,0,0,0,0,0,0,0
694878,1,1,1,1,1,1,0,1,0,1,0,0,0,0,0,0,0,0,0,0,0
654987,1,1,1,1,1,1,0,0,0,0,0,0,0,0,0,0,0,0,0,0,0
496849,1,1,1,1,1,0,0,0,0,0,0,0,0,0,0,0,0,0,0,0,0
694407,0,1,1,1,1,0,0,0,0,0,0,0,0,0,0,0,0,0,0,0,0
465598,1,1,1,1,0,0,0,0,0,0,0,0,0,0,0,0,0,0,0,0,0
658041,1,1,1,1,1,1,0,0,0,0,0,0,0,0,0,0,0,0,0,0,0
673418,1,1,1,1,1,0,0,0,0,0,0,0,0,0,0,0,0,0,0,0,0
657378,0,1,1,1,1,1,1,1,0,0,0,0,0,0,0,0,0,0,0,0,0
665961,1,1,1,0,0,0,0,0,0,0,0,0,0,0,0,0,0,0,0,0,0
635824,1,1,1,1,1,0,0,0,0,0,0,0,0,0,0,0,0,0,0,0,0
665701,1,1,1,1,1,1,1,0,1,1,0,1,0,0,0,0,0,0,0,0,0
668500,1,1,1,1,1,1,1,1,1,0,0,0,0,0,0,0,0,0,0,0,0
668557,1,1,1,1,1,0,0,0,0,0,0,0,0,0,0,0,0,0,0,0,0
685803,1,1,1,1,1,1,1,0,0,0,0,0,0,0,0,0,0,0,0,0,0
679394,1,1,1,1,1,1,0,0,0,0,0,0,0,0,0,0,0,0,0,0,0
688825,1,1,1,1,1,1,1,1,1,1,1,1,1,0,0,0,0,0,0,0,0
697134,1,1,1,1,1,0,0,0,0,0,0,0,0,0,0,0,0,0,0,0,0
679477,1,1,1,1,1,1,1,1,0,0,0,0,0,0,0,0,0,0,0,0,0
661077,1,1,1,1,1,1,1,1,1,1,1,1,1,1,1,1,1,1,1,1,1
680653,1,1,1,1,1,1,1,0,0,0,0,0,0,0,0,0,0,0,0,0,0
667741,0,1,0,0,0,0,0,0,0,0,0,0,0,0,0,0,0,0,0,0,0
689814,1,1,1,1,1,1,0,0,0,0,0,0,0,0,0,0,0,0,0,0,0
685644,1,1,1,1,1,1,1,0,0,0,0,0,0,0,0,0,0,0,0,0,0
357641,1,1,1,1,1,1,0,1,1,0,0,0,0,0,0,0,0,0,0,0,0
680742,1,1,1,1,1,1,0,1,1,0,0,0,0,0,0,0,0,0,0,0,0
691344,1,1,1,1,1,0,0,0,0,0,0,0,0,0,0,0,0,0,0,0,0
325107,1,1,0,1,1,1,1,1,1,1,1,1,1,0,1,1,1,1,1,1,0
334503,1,1,1,1,1,1,1,1,1,0,0,0,0,0,0,0,0,0,0,0,0
696432,1,1,1,0,0,0,0,0,0,0,0,0,0,0,0,0,0,0,0,0,0
499918,1,1,1,1,1,1,0,1,1,0,0,0,0,0,0,0,0,0,0,0,0
669459,1,1,1,1,1,0,0,0,0,0,0,0,0,0,0,0,0,0,0,0,0
642958,1,1,1,1,1,1,1,0,0,0,0,0,0,0,0,0,0,0,0,0,0
669029,1,1,1,1,1,1,1,0,0,0,0,0,0,0,0,0,0,0,0,0,0
699549,1,1,1,1,1,1,0,0,0,0,0,0,0,0,0,0,0,0,0,0,0
688310,1,1,1,1,1,0,0,0,0,0,0,0,0,0,0,0,0,0,0,0,0
693490,1,1,1,1,1,1,1,1,0,0,0,0,0,0,0,0,0,0,0,0,0
686415,1,1,1,1,1,1,1,1,1,0,1,0,0,0,0,0,0,0,0,0,0
695279,1,1,1,1,1,1,1,1,0,0,0,0,0,0,0,0,0,0,0,0,0
364664,1,1,1,1,1,0,1,0,0,0,0,0,0,0,0,0,0,0,0,0,0
694450,1,1,1,1,1,1,0,1,1,1,1,1,1,1,1,1,1,1,0,1,0
692884,1,1,1,1,1,1,0,1,0,0,0,0,0,0,0,0,0,0,0,0,0
697810,1,1,1,1,1,1,1,1,0,0,0,0,0,0,0,0,0,0,0,0,0
656946,1,1,1,1,1,1,0,0,0,0,0,0,0,0,0,0,0,0,0,0,0
365444,1,1,1,1,1,1,1,1,1,1,1,1,1,1,1,1,0,1,1,0,0
677173,1,1,1,1,1,1,0,0,0,0,0,0,0,0,0,0,0,0,0,0,0
661973,1,1,1,1,1,1,1,1,0,1,1,1,1,0,1,1,0,0,0,0,0
696804,1,1,1,1,1,1,0,0,0,0,0,0,0,0,0,0,0,0,0,0,0
686040,1,1,1,1,1,1,1,1,0,1,0,0,0,0,0,0,0,0,0,0,0
660945,1,1,1,1,1,1,1,1,1,1,0,1,0,0,0,0,0,0,0,0,0
685980,1,1,1,1,1,1,1,1,1,0,0,0,0,0,0,0,0,0,0,0,0
686985,1,1,1,1,1,0,1,1,1,1,1,1,1,1,1,1,1,1,1,1,1
537490,1,1,1,1,1,1,1,1,1,1,1,1,1,1,1,0,0,0,0,0,0
684839,1,1,1,1,1,0,0,0,0,0,0,0,0,0,0,0,0,0,0,0,0
679067,1,1,1,1,1,1,0,0,0,0,0,0,0,0,0,0,0,0,0,0,0
685943,1,1,1,1,1,1,1,1,0,1,1,1,1,1,1,1,1,1,1,1,1
663861,1,1,1,1,1,1,1,0,0,0,0,0,0,0,0,0,0,0,0,0,0
661607,1,1,1,1,1,1,0,0,0,0,0,0,0,0,0,0,0,0,0,0,0
679395,1,1,1,1,1,1,0,0,0,0,0,0,0,0,0,0,0,0,0,0,0
479853,1,1,1,1,1,1,0,0,0,0,0,0,0,0,0,0,0,0,0,0,0
694924,1,1,1,0,0,0,0,0,0,0,0,0,0,0,0,0,0,0,0,0,0
681896,1,1,1,1,1,1,0,0,0,0,0,0,0,0,0,0,0,0,0,0,0
665864,1,1,1,1,1,1,0,0,0,0,0,0,0,0,0,0,0,0,0,0,0
693874,1,1,1,1,1,1,0,0,0,0,0,0,0,0,0,0,0,0,0,0,0
681056,1,1,1,1,1,1,1,1,1,1,1,1,0,0,0,0,0,0,0,0,0
658094,1,1,1,1,1,1,0,0,0,0,0,0,0,0,0,0,0,0,0,0,0
686318,1,1,1,1,1,1,0,0,0,0,0,0,0,0,0,0,0,0,0,0,0
661589,1,1,1,1,1,1,1,1,1,1,0,0,0,0,0,0,0,0,0,0,0
695971,1,1,1,1,1,1,1,1,1,1,1,0,0,0,0,0,0,0,0,0,0
694395,1,1,1,1,1,1,0,1,1,0,0,0,0,0,0,0,0,0,0,0,0
661421,1,1,1,1,1,1,1,1,1,1,1,1,1,1,1,1,1,1,1,1,1
690970,1,1,1,1,1,1,0,0,0,0,0,0,0,0,0,0,0,0,0,0,0
528724,1,1,1,1,1,1,0,0,0,0,0,0,0,0,0,0,0,0,0,0,0
695955,1,1,1,1,1,0,0,0,0,0,0,0,0,0,0,0,0,0,0,0,0
174848,1,1,1,1,1,1,0,1,1,0,0,0,0,0,0,0,0,0,0,0,0
657312,1,1,1,1,1,1,0,1,0,1,1,1,1,1,1,1,1,1,1,1,1
537043,1,1,1,1,1,0,0,0,0,0,0,0,0,0,0,0,0,0,0,0,0
662716,1,1,1,1,1,0,0,0,0,0,0,0,0,0,0,0,0,0,0,0,0
701037,1,1,1,1,1,1,0,0,0,0,0,0,0,0,0,0,0,0,0,0,0
695608,1,1,1,1,1,1,1,1,1,1,1,1,1,1,1,1,1,1,1,1,1
675712,1,1,1,1,1,1,0,0,0,0,0,0,0,0,0,0,0,0,0,0,0
700195,1,1,1,1,1,1,0,1,1,1,0,1,0,0,0,0,0,0,0,0,0
678814,1,1,1,1,1,1,1,1,1,0,0,0,0,0,0,0,0,0,0,0,0
697809,1,1,1,1,1,1,0,1,1,1,1,1,1,0,1,0,0,0,0,0,0
676815,1,1,1,1,1,1,1,0,0,0,0,0,0,0,0,0,0,0,0,0,0
688085,1,1,1,1,1,1,0,1,0,0,0,0,0,0,0,0,0,0,0,0,0
697314,1,1,1,1,1,1,0,0,0,0,0,0,0,0,0,0,0,0,0,0,0
694490,1,1,1,1,1,1,0,0,0,0,0,0,0,0,0,0,0,0,0,0,0
679368,1,1,1,1,1,1,0,0,0,0,0,0,0,0,0,0,0,0,0,0,0
700112,1,1,1,1,1,1,1,1,1,1,1,1,1,1,1,1,1,1,1,1,1
403345,1,1,1,1,1,1,1,1,1,1,1,1,1,1,1,1,1,1,1,1,1
661388,1,1,1,1,1,1,1,1,0,1,0,0,0,0,0,0,0,0,0,0,0
678146,1,1,1,1,1,1,1,1,1,1,0,0,0,0,0,0,0,0,0,0,0
678800,1,1,1,1,1,1,1,1,1,0,1,0,1,1,1,1,1,1,1,1,0
680972,1,1,1,1,1,1,0,0,0,0,0,0,0,0,0,0,0,0,0,0,0
693058,1,1,1,1,1,1,0,1,1,1,0,0,0,0,0,0,0,0,0,0,0
685503,1,1,1,1,1,1,1,0,0,0,0,0,0,0,0,0,0,0,0,0,0
660181,1,1,1,1,1,1,1,1,1,0,0,0,0,0,0,0,0,0,0,0,0
673421,0,1,1,0,0,0,0,0,0,0,0,0,0,0,0,0,0,0,0,0,0
673613,1,1,1,1,1,0,0,0,0,0,0,0,0,0,0,0,0,0,0,0,0
662553,1,1,1,1,1,1,1,1,1,0,0,0,0,0,0,0,0,0,0,0,0
693608,1,1,1,1,1,1,0,0,0,0,0,0,0,0,0,0,0,0,0,0,0
424860,1,1,1,1,1,1,0,0,0,0,0,0,0,0,0,0,0,0,0,0,0
672800,1,1,1,1,1,1,1,1,0,0,0,0,0,0,0,0,0,0,0,0,0
681579,1,1,1,1,1,1,0,0,0,0,0,0,0,0,0,0,0,0,0,0,0
580229,1,1,1,1,1,1,0,1,1,1,1,1,1,1,1,1,1,0,0,0,0
661710,1,1,1,1,1,1,0,1,0,0,0,0,0,0,0,0,0,0,0,0,0
692393,1,1,1,1,1,0,0,0,0,0,0,0,0,0,0,0,0,0,0,0,0
702405,1,1,1,1,1,0,0,0,0,0,0,0,0,0,0,0,0,0,0,0,0
662992,1,1,1,1,1,1,1,1,0,0,0,0,0,0,0,0,0,0,0,0,0
677421,1,1,1,0,1,1,0,0,0,0,0,0,0,0,0,0,0,0,0,0,0
527731,1,1,1,1,1,1,1,0,0,0,0,0,0,0,0,0,0,0,0,0,0
667358,1,1,1,1,1,1,0,0,0,0,0,0,0,0,0,0,0,0,0,0,0
659752,1,1,1,1,1,1,0,0,0,0,0,0,0,0,0,0,0,0,0,0,0
444110,0,0,0,0,0,0,0,0,0,0,0,0,0,0,0,0,0,0,0,0,0
463871,1,1,1,1,1,0,0,0,0,0,0,0,0,0,0,0,0,0,0,0,0
676306,1,1,1,1,1,1,0,0,0,0,0,0,0,0,0,0,0,0,0,0,0
689818,1,1,1,1,1,0,0,0,0,0,0,0,0,0,0,0,0,0,0,0,0
674575,1,1,1,1,1,1,1,1,1,0,0,0,0,0,0,0,0,0,0,0,0
695916,1,1,1,1,1,1,1,1,1,0,1,0,0,0,0,0,0,0,0,0,0
696172,1,1,1,1,1,0,0,0,0,0,0,0,0,0,0,0,0,0,0,0,0
702230,1,1,1,1,1,1,1,1,1,1,0,0,0,0,0,0,0,0,0,0,0
702729,1,1,1,1,1,1,0,0,0,0,0,0,0,0,0,0,0,0,0,0,0
675059,1,1,1,1,1,0,0,0,0,0,0,0,0,0,0,0,0,0,0,0,0
624971,1,1,1,1,1,1,0,1,0,0,0,0,0,0,0,0,0,0,0,0,0
695442,1,1,1,1,1,1,0,1,0,0,0,0,0,0,0,0,0,0,0,0,0
698670,1,1,1,0,0,0,0,0,0,0,0,0,0,0,0,0,0,0,0,0,0
681919,1,1,1,1,1,1,1,1,1,1,0,0,0,0,0,0,0,0,0,0,0
694556,1,1,1,1,1,1,1,1,1,1,1,1,1,1,1,1,1,1,1,1,1
662375,1,1,1,1,1,1,0,0,0,0,0,0,0,0,0,0,0,0,0,0,0
541483,1,1,1,1,1,1,0,0,0,0,0,0,0,0,0,0,0,0,0,0,0
692056,1,1,1,1,1,1,1,0,1,0,1,0,0,0,0,0,0,0,0,0,0
687996,1,1,1,1,1,0,0,0,0,0,0,0,0,0,0,0,0,0,0,0,0
657484,1,1,1,1,1,1,0,0,0,0,0,0,0,0,0,0,0,0,0,0,0
697868,1,1,1,1,1,1,1,1,1,1,1,1,1,1,1,1,1,1,1,1,1
604838,1,1,1,1,1,1,0,1,0,0,0,0,0,0,0,0,0,0,0,0,0
690889,1,1,1,1,1,1,1,1,1,1,1,1,1,1,1,1,1,1,1,1,1
666683,1,1,1,1,1,1,1,1,1,1,0,1,0,0,0,0,0,0,0,0,0
694283,1,1,1,1,0,0,0,0,0,0,0,0,0,0,0,0,0,0,0,0,0
679092,1,1,1,1,1,1,1,1,0,1,0,0,0,0,0,0,0,0,0,0,0
670282,0,0,0,0,0,0,0,0,0,0,0,0,0,0,0,0,0,0,0,0,0
524126,1,1,1,1,1,0,1,0,0,0,0,0,0,0,0,0,0,0,0,0,0
701258,1,1,1,1,1,1,1,0,0,0,0,0,0,0,0,0,0,0,0,0,0
699673,1,1,1,1,1,1,1,1,0,0,0,0,0,0,0,0,0,0,0,0,0
677941,1,1,1,1,1,1,1,0,0,0,0,0,0,0,0,0,0,0,0,0,0
677704,1,1,1,1,1,1,1,1,1,0,0,0,0,0,0,0,0,0,0,0,0
688834,1,1,1,1,1,0,1,0,0,0,0,0,0,0,0,0,0,0,0,0,0
666897,1,1,1,1,1,0,1,0,0,0,0,0,0,0,0,0,0,0,0,0,0
689144,1,1,1,1,1,1,0,1,0,1,0,0,0,0,0,0,0,0,0,0,0
686731,1,1,1,1,1,1,1,0,0,0,0,0,0,0,0,0,0,0,0,0,0
532953,1,1,1,1,1,1,1,1,1,1,0,0,0,0,0,0,0,0,0,0,0
680344,1,1,1,1,1,1,1,1,0,0,0,0,0,0,0,0,0,0,0,0,0
664020,1,1,1,1,1,1,1,1,0,0,0,0,0,0,0,0,0,0,0,0,0
671771,1,1,1,1,1,1,1,1,1,0,0,0,0,0,0,0,0,0,0,0,0
679812,1,1,1,1,1,1,1,1,0,0,0,0,0,0,0,0,0,0,0,0,0
660905,1,1,1,1,1,0,0,0,0,0,0,0,0,0,0,0,0,0,0,0,0
684559,1,1,1,1,1,1,1,1,0,0,0,0,0,0,0,0,0,0,0,0,0
682201,1,1,1,1,1,0,0,0,0,0,0,0,0,0,0,0,0,0,0,0,0
704376,1,1,1,1,1,0,0,0,0,0,0,0,0,0,0,0,0,0,0,0,0
355470,1,1,1,1,1,1,1,1,1,1,0,1,0,0,0,0,0,0,0,0,0
666003,1,1,1,1,1,0,0,0,0,0,0,0,0,0,0,0,0,0,0,0,0
683591,1,1,1,1,1,1,1,1,1,1,0,0,0,0,0,0,0,0,0,0,0
662049,1,1,1,1,1,1,0,0,0,0,0,0,0,0,0,0,0,0,0,0,0
674590,1,1,1,1,1,0,0,0,0,0,0,0,0,0,0,0,0,0,0,0,0
688855,1,1,1,1,1,1,0,1,1,0,1,1,1,1,1,1,0,0,0,0,0
701946,1,1,1,1,1,1,1,1,1,1,1,1,1,1,1,1,1,1,1,1,1
681331,1,1,0,1,0,0,0,0,0,0,0,0,0,0,0,0,0,0,0,0,0
679087,1,1,1,1,1,0,0,0,0,0,0,0,0,0,0,0,0,0,0,0,0
684225,1,1,1,1,1,0,0,0,0,0,0,0,0,0,0,0,0,0,0,0,0
686683,1,1,1,1,1,1,0,1,0,0,0,0,0,0,0,0,0,0,0,0,0
680564,1,1,1,1,1,1,1,1,0,0,0,0,0,0,0,0,0,0,0,0,0
694188,1,1,1,1,1,0,0,0,0,0,0,0,0,0,0,0,0,0,0,0,0
681460,1,1,1,1,1,1,1,0,1,1,1,1,0,0,0,0,0,0,0,0,0
704227,1,1,1,1,1,1,1,1,1,0,0,0,0,0,0,0,0,0,0,0,0
663680,1,1,1,1,1,1,1,1,1,1,1,1,1,1,1,1,1,1,0,1,1
685111,1,1,1,1,1,1,0,0,0,0,0,0,0,0,0,0,0,0,0,0,0
687275,1,1,1,1,1,1,1,1,1,0,0,0,0,0,0,0,0,0,0,0,0
517433,1,1,1,1,1,1,0,1,0,0,0,0,0,0,0,0,0,0,0,0,0
659318,1,1,1,1,1,1,0,0,0,0,0,0,0,0,0,0,0,0,0,0,0
691287,1,1,1,1,1,1,1,1,1,0,0,0,0,0,0,0,0,0,0,0,0
648903,1,1,1,1,1,1,1,1,1,1,1,1,1,1,1,1,0,1,1,1,1
668622,1,1,1,1,1,1,1,1,1,1,0,0,0,0,0,0,0,0,0,0,0
681951,1,1,1,1,1,1,1,1,1,1,1,1,1,1,1,0,1,1,1,1,0
648784,1,1,1,1,1,1,1,1,1,1,1,1,1,1,0,1,1,0,0,0,0
680530,1,1,1,1,1,1,1,1,0,0,0,0,0,0,0,0,0,0,0,0,0
694996,1,1,1,1,1,1,1,0,0,0,0,0,0,0,0,0,0,0,0,0,0
510143,1,1,1,1,1,1,1,1,1,1,0,0,0,0,0,0,0,0,0,0,0
689128,1,1,1,1,1,1,1,0,1,0,0,0,0,0,0,0,0,0,0,0,0
675206,1,1,1,1,1,0,0,0,0,0,0,0,0,0,0,0,0,0,0,0,0
686207,1,1,1,1,1,1,0,0,0,0,0,0,0,0,0,0,0,0,0,0,0
675485,1,1,1,1,1,0,0,0,0,0,0,0,0,0,0,0,0,0,0,0,0
679047,1,1,1,1,1,1,1,1,1,1,1,1,0,1,0,0,0,0,0,0,0
694186,1,1,1,1,1,1,1,1,1,0,0,0,0,0,0,0,0,0,0,0,0
656444,1,1,1,1,1,1,1,1,1,0,0,0,0,0,0,0,0,0,0,0,0
696231,1,1,1,1,1,0,0,0,0,0,0,0,0,0,0,0,0,0,0,0,0
692624,1,1,1,0,0,0,0,0,0,0,0,0,0,0,0,0,0,0,0,0,0
572623,1,1,1,1,1,1,1,0,0,0,0,0,0,0,0,0,0,0,0,0,0
660611,1,1,1,1,1,1,1,1,1,1,1,1,1,1,1,1,1,1,1,0,0
661401,1,1,1,1,1,0,0,0,0,0,0,0,0,0,0,0,0,0,0,0,0
690486,1,1,1,1,1,1,1,1,0,0,0,0,0,0,0,0,0,0,0,0,0
675768,1,1,1,1,1,1,1,0,0,0,0,0,0,0,0,0,0,0,0,0,0
700094,1,1,1,1,1,1,0,0,0,0,0,0,0,0,0,0,0,0,0,0,0
703150,1,1,1,1,1,0,0,0,0,0,0,0,0,0,0,0,0,0,0,0,0
670522,1,1,1,1,0,1,0,1,1,1,1,1,1,1,0,1,1,1,1,0,0
603921,1,1,1,1,1,1,1,0,0,0,0,0,0,0,0,0,0,0,0,0,0
633637,1,1,1,1,1,1,1,0,0,0,0,0,0,0,0,0,0,0,0,0,0
665679,1,1,1,0,1,0,0,0,0,0,0,0,0,0,0,0,0,0,0,0,0
693868,1,1,1,1,1,1,1,1,1,1,0,1,0,0,0,0,0,0,0,0,0
668794,1,1,1,1,1,1,1,1,1,1,1,1,0,0,0,0,0,0,0,0,0
703605,1,1,1,1,1,1,0,0,0,0,0,0,0,0,0,0,0,0,0,0,0
656474,1,1,1,1,1,0,0,0,0,0,0,0,0,0,0,0,0,0,0,0,0
634045,1,1,1,1,1,1,1,1,1,0,0,0,0,0,0,0,0,0,0,0,0
695910,1,1,1,1,1,1,1,1,0,1,1,1,1,1,1,1,1,1,1,1,1
679720,1,1,1,1,1,0,1,1,1,0,0,0,0,0,0,0,0,0,0,0,0
681719,1,1,1,1,1,1,1,1,1,1,0,1,1,1,1,1,1,1,1,1,1
692781,1,1,1,1,1,1,1,0,1,1,0,0,0,0,0,0,0,0,0,0,0
677959,1,1,1,1,1,1,0,0,0,0,0,0,0,0,0,0,0,0,0,0,0
666075,1,1,1,1,1,1,1,0,0,0,0,0,0,0,0,0,0,0,0,0,0
676559,1,1,1,1,1,1,1,0,0,0,0,0,0,0,0,0,0,0,0,0,0
629243,1,1,1,1,1,1,0,0,0,0,0,0,0,0,0,0,0,0,0,0,0
678988,1,1,1,1,1,1,0,0,0,0,0,0,0,0,0,0,0,0,0,0,0
694976,1,1,1,1,1,1,0,0,0,0,0,0,0,0,0,0,0,0,0,0,0
697553,0,1,1,1,1,1,0,0,0,0,0,0,0,0,0,0,0,0,0,0,0
702029,1,1,1,1,1,1,1,1,1,1,0,0,0,0,0,0,0,0,0,0,0
686115,1,1,1,1,1,1,1,1,0,1,0,0,0,0,0,0,0,0,0,0,0
659832,1,1,1,1,1,1,1,1,1,0,0,0,0,0,0,0,0,0,0,0,0
698519,1,1,1,1,1,1,0,1,0,0,0,0,0,0,0,0,0,0,0,0,0
694927,1,1,1,1,1,1,0,1,0,0,0,0,0,0,0,0,0,0,0,0,0
492237,1,1,1,1,1,1,1,1,1,1,1,1,1,1,1,1,1,1,1,1,1
670830,1,1,1,1,1,0,0,0,0,0,0,0,0,0,0,0,0,0,0,0,0
701324,1,1,1,1,1,1,1,0,0,0,0,0,0,0,0,0,0,0,0,0,0
666393,1,1,1,1,1,1,0,0,0,0,0,0,0,0,0,0,0,0,0,0,0
700796,1,1,1,1,1,1,1,1,0,0,0,0,0,0,0,0,0,0,0,0,0
580934,1,1,1,1,1,1,0,0,0,0,0,0,0,0,0,0,0,0,0,0,0
333882,1,1,1,1,1,1,1,1,1,0,0,0,0,0,0,0,0,0,0,0,0
665355,1,1,1,1,1,1,0,0,0,0,0,0,0,0,0,0,0,0,0,0,0
686870,1,1,1,1,1,1,1,0,1,0,0,0,0,0,0,0,0,0,0,0,0
697974,1,1,1,1,1,1,1,1,1,0,0,0,0,0,0,0,0,0,0,0,0
679176,1,1,1,1,1,1,0,0,0,0,0,0,0,0,0,0,0,0,0,0,0
703818,1,1,1,1,1,1,1,1,0,1,0,0,0,0,0,0,0,0,0,0,0
694095,1,1,1,1,1,1,0,0,0,0,0,0,0,0,0,0,0,0,0,0,0
399076,1,1,1,1,1,1,0,0,0,0,0,0,0,0,0,0,0,0,0,0,0
698475,1,1,1,1,1,1,1,1,0,1,1,0,1,1,0,0,0,0,0,0,0
693032,1,1,1,1,1,1,0,1,1,1,1,1,1,1,1,1,1,1,1,1,1
677374,1,1,1,1,1,1,0,1,0,0,0,0,0,0,0,0,0,0,0,0,0
676396,1,1,1,1,1,0,0,0,0,0,0,0,0,0,0,0,0,0,0,0,0
588644,1,1,1,1,1,1,1,1,1,1,1,1,1,1,1,1,1,1,1,1,1
668042,1,1,1,1,1,1,1,1,1,1,1,1,1,1,1,1,1,1,1,1,1
302346,1,1,1,1,1,0,0,0,0,0,0,0,0,0,0,0,0,0,0,0,0
606267,1,1,1,1,1,1,0,1,0,1,1,1,1,1,1,1,1,1,1,1,1
690352,1,1,1,1,1,1,0,0,0,0,0,0,0,0,0,0,0,0,0,0,0
672309,1,1,0,1,0,0,0,0,0,0,0,0,0,0,0,0,0,0,0,0,0
395510,0,1,1,1,1,0,0,0,0,0,0,0,0,0,0,0,0,0,0,0,0
697127,1,1,1,1,1,1,1,1,1,0,1,0,0,0,0,0,0,0,0,0,0
481898,1,1,1,1,1,0,1,1,1,1,1,1,1,1,1,1,1,1,1,1,0
681692,1,1,1,1,1,1,0,0,0,0,0,0,0,0,0,0,0,0,0,0,0
665664,1,1,1,1,1,0,0,0,0,0,0,0,0,0,0,0,0,0,0,0,0
490573,1,1,1,1,1,0,0,0,0,0,0,0,0,0,0,0,0,0,0,0,0
688702,1,1,1,1,1,1,0,0,0,0,0,0,0,0,0,0,0,0,0,0,0
677417,1,1,1,1,1,1,0,1,1,0,1,1,0,1,1,1,0,0,0,0,0
659606,1,1,1,1,1,1,1,1,1,1,1,0,0,0,0,0,0,0,0,0,0
550127,1,1,1,1,1,1,0,1,0,1,1,1,1,1,1,1,1,1,1,1,1
628996,1,1,1,1,1,1,1,1,1,1,1,1,1,1,1,1,1,1,1,1,1
702337,1,1,1,1,1,1,0,1,1,1,1,1,1,1,1,1,1,1,1,1,1
657768,1,1,1,1,1,1,0,0,0,0,0,0,0,0,0,0,0,0,0,0,0
699786,0,1,1,1,1,0,0,0,0,0,0,0,0,0,0,0,0,0,0,0,0
685298,1,1,1,1,1,1,1,0,0,0,0,0,0,0,0,0,0,0,0,0,0
665832,1,1,1,1,1,1,1,1,1,1,0,0,0,0,0,0,0,0,0,0,0
661586,1,1,1,1,1,1,0,0,0,0,0,0,0,0,0,0,0,0,0,0,0
671054,1,1,1,1,1,1,1,1,1,0,1,0,0,0,0,0,0,0,0,0,0
662490,1,1,1,1,1,1,0,0,0,0,0,0,0,0,0,0,0,0,0,0,0
695799,1,1,1,1,1,1,0,1,0,1,1,1,1,1,1,1,1,1,1,1,1
699895,1,1,1,1,1,1,0,0,0,0,0,0,0,0,0,0,0,0,0,0,0
606648,1,1,1,1,1,1,1,1,1,1,0,0,0,0,0,0,0,0,0,0,0
676490,1,1,1,1,1,1,0,0,0,0,0,0,0,0,0,0,0,0,0,0,0
680575,1,1,1,1,1,1,0,0,0,0,0,0,0,0,0,0,0,0,0,0,0
672666,1,1,1,1,1,0,0,0,0,0,0,0,0,0,0,0,0,0,0,0,0
683707,1,1,1,1,1,1,1,1,0,0,0,0,0,0,0,0,0,0,0,0,0
678708,1,1,1,1,1,1,1,0,0,0,0,0,0,0,0,0,0,0,0,0,0
677644,1,1,1,1,1,0,1,1,0,0,0,0,0,0,0,0,0,0,0,0,0
680882,1,1,1,1,1,0,0,0,0,0,0,0,0,0,0,0,0,0,0,0,0
694476,1,1,1,1,1,1,0,1,0,0,0,0,0,0,0,0,0,0,0,0,0
687553,1,1,1,1,0,0,0,0,0,0,0,0,0,0,0,0,0,0,0,0,0
694553,1,1,1,1,1,1,1,1,0,0,0,0,0,0,0,0,0,0,0,0,0
682645,1,1,1,1,1,1,0,0,0,0,0,0,0,0,0,0,0,0,0,0,0
662222,1,1,1,1,1,1,1,0,0,0,0,0,0,0,0,0,0,0,0,0,0
700422,1,1,1,1,1,1,1,1,0,0,0,0,0,0,0,0,0,0,0,0,0
697075,1,1,1,1,1,1,0,0,0,0,0,0,0,0,0,0,0,0,0,0,0
679751,1,1,1,1,1,1,1,0,0,0,0,0,0,0,0,0,0,0,0,0,0
327574,1,1,1,1,1,1,1,0,1,0,0,0,0,0,0,0,0,0,0,0,0
689503,1,1,1,1,1,0,0,0,0,0,0,0,0,0,0,0,0,0,0,0,0
424570,1,1,1,1,1,1,1,1,1,1,1,1,1,1,1,0,1,1,1,0,1
694047,1,1,1,1,1,1,1,0,0,0,0,0,0,0,0,0,0,0,0,0,0
673159,1,1,1,1,1,1,1,1,0,0,0,0,0,0,0,0,0,0,0,0,0
693516,1,1,1,1,1,0,0,0,0,0,0,0,0,0,0,0,0,0,0,0,0
674996,1,1,1,1,1,0,0,0,0,0,0,0,0,0,0,0,0,0,0,0,0
346898,1,1,1,1,1,1,1,1,0,1,0,0,0,0,0,0,0,0,0,0,0
677949,1,1,1,1,0,0,0,0,0,0,0,0,0,0,0,0,0,0,0,0,0
679975,1,1,1,1,1,0,1,1,1,1,1,1,1,1,1,1,1,1,1,1,1
679764,1,1,1,1,1,1,0,1,1,0,1,0,0,0,0,0,0,0,0,0,0
694412,1,1,1,1,1,1,1,0,0,0,0,0,0,0,0,0,0,0,0,0,0
670488,1,1,1,1,1,0,0,0,0,0,0,0,0,0,0,0,0,0,0,0,0
682182,1,1,1,1,1,0,0,0,0,0,0,0,0,0,0,0,0,0,0,0,0
684391,1,1,1,1,1,1,1,1,1,0,1,0,0,0,0,0,0,0,0,0,0
669518,1,1,1,1,1,1,1,0,0,0,0,0,0,0,0,0,0,0,0,0,0
699451,1,1,1,1,1,0,0,0,0,0,0,0,0,0,0,0,0,0,0,0,0
694882,1,1,1,1,1,1,0,0,0,0,0,0,0,0,0,0,0,0,0,0,0
684804,1,1,1,1,1,0,0,0,0,0,0,0,0,0,0,0,0,0,0,0,0
660449,1,1,1,1,1,1,1,0,0,0,0,0,0,0,0,0,0,0,0,0,0
517761,1,1,1,1,1,0,0,0,0,0,0,0,0,0,0,0,0,0,0,0,0
673142,1,1,1,1,1,1,0,0,0,0,0,0,0,0,0,0,0,0,0,0,0
704612,1,1,1,1,1,1,0,1,0,1,0,0,0,0,0,0,0,0,0,0,0
702210,1,1,1,1,1,1,0,1,0,0,0,0,0,0,0,0,0,0,0,0,0
695233,1,1,1,1,1,1,0,0,0,0,0,0,0,0,0,0,0,0,0,0,0
688193,1,1,1,1,1,1,1,0,0,0,0,0,0,0,0,0,0,0,0,0,0
664869,1,1,1,1,1,1,0,0,0,0,0,0,0,0,0,0,0,0,0,0,0
685156,1,1,1,1,1,1,1,1,1,0,0,0,0,0,0,0,0,0,0,0,0
659713,1,1,1,1,1,1,1,1,0,0,0,0,0,0,0,0,0,0,0,0,0
691421,1,1,1,1,1,1,1,1,0,0,0,0,0,0,0,0,0,0,0,0,0
663291,1,1,1,1,1,1,1,1,0,1,0,0,0,0,0,0,0,0,0,0,0
677738,1,1,1,1,1,1,1,1,1,1,0,0,0,0,0,0,0,0,0,0,0
657797,1,1,1,1,1,1,0,0,0,0,0,0,0,0,0,0,0,0,0,0,0
455585,1,1,1,1,1,1,1,1,0,0,0,0,0,0,0,0,0,0,0,0,0
662471,1,1,1,1,1,1,1,1,1,0,0,0,0,0,0,0,0,0,0,0,0
702269,1,1,1,1,1,0,0,0,0,0,0,0,0,0,0,0,0,0,0,0,0
656820,1,1,1,1,1,0,0,0,0,0,0,0,0,0,0,0,0,0,0,0,0
691167,1,1,1,1,1,1,0,0,0,0,0,0,0,0,0,0,0,0,0,0,0
697475,1,1,1,1,1,1,1,1,0,1,0,0,0,0,0,0,0,0,0,0,0
684249,1,1,1,1,1,1,0,0,0,0,0,0,0,0,0,0,0,0,0,0,0
591564,1,1,1,1,1,1,0,0,0,0,0,0,0,0,0,0,0,0,0,0,0
688750,1,1,1,1,1,1,1,1,0,0,0,0,0,0,0,0,0,0,0,0,0
675162,1,1,1,1,0,0,0,0,0,0,0,0,0,0,0,0,0,0,0,0,0
677439,1,1,1,1,1,1,0,0,0,0,0,0,0,0,0,0,0,0,0,0,0
530503,1,1,1,1,1,0,1,1,1,1,1,1,1,1,1,1,1,1,1,1,1
695950,1,1,1,1,1,1,0,1,0,0,0,0,0,0,0,0,0,0,0,0,0
691104,1,1,1,1,1,1,1,0,0,0,0,0,0,0,0,0,0,0,0,0,0
692858,1,1,1,1,1,0,0,0,0,0,0,0,0,0,0,0,0,0,0,0,0
667185,1,1,1,1,1,1,0,0,0,0,0,0,0,0,0,0,0,0,0,0,0
694023,1,1,1,1,1,0,0,0,0,0,0,0,0,0,0,0,0,0,0,0,0
689176,1,1,1,1,1,1,1,1,1,1,1,1,1,1,1,1,1,1,1,0,0
655302,1,1,1,1,1,1,1,1,1,1,1,1,1,1,1,1,0,1,1,1,1
556722,1,1,1,1,1,0,1,0,0,0,0,0,0,0,0,0,0,0,0,0,0
675336,1,1,1,1,1,1,1,1,1,1,0,0,0,0,0,0,0,0,0,0,0
681385,1,1,1,1,1,0,0,0,0,0,0,0,0,0,0,0,0,0,0,0,0
571804,1,1,1,1,1,1,1,1,1,1,0,0,0,0,0,0,0,0,0,0,0
573184,1,1,1,1,1,1,0,0,0,0,0,0,0,0,0,0,0,0,0,0,0
656626,1,1,1,1,1,1,1,1,0,1,0,0,0,0,0,0,0,0,0,0,0
674408,1,1,1,1,1,1,0,0,0,0,0,0,0,0,0,0,0,0,0,0,0
668657,1,1,1,1,1,0,0,0,0,0,0,0,0,0,0,0,0,0,0,0,0
689734,1,1,1,1,1,1,1,0,1,0,0,0,0,0,0,0,0,0,0,0,0
701160,1,1,1,1,1,1,0,1,1,1,1,0,0,0,0,0,0,0,0,0,0
422478,1,1,1,1,1,0,0,0,0,0,0,0,0,0,0,0,0,0,0,0,0
681096,1,1,1,1,1,1,1,1,0,0,0,0,0,0,0,0,0,0,0,0,0
702885,1,1,1,1,0,0,0,0,0,0,0,0,0,0,0,0,0,0,0,0,0
660296,1,1,1,1,0,0,0,0,0,0,0,0,0,0,0,0,0,0,0,0,0
417775,1,1,1,1,1,1,0,1,1,1,1,1,1,1,1,1,1,1,1,1,1
694917,1,1,1,1,1,1,0,1,0,0,0,0,0,0,0,0,0,0,0,0,0
677402,1,1,1,1,1,1,1,1,1,1,0,0,0,0,0,0,0,0,0,0,0
677597,1,1,1,1,1,1,1,1,1,0,1,0,0,0,0,0,0,0,0,0,0
571819,1,1,1,1,1,1,0,0,0,0,0,0,0,0,0,0,0,0,0,0,0
665299,1,1,1,1,1,1,1,1,1,1,1,0,0,0,0,0,0,0,0,0,0
681687,1,1,1,1,1,1,0,1,1,1,1,1,1,1,1,1,1,1,1,1,0
675543,1,1,1,1,1,0,0,0,0,0,0,0,0,0,0,0,0,0,0,0,0
657418,1,1,1,1,1,0,0,0,0,0,0,0,0,0,0,0,0,0,0,0,0
669116,1,1,1,1,1,0,1,0,0,0,0,0,0,0,0,0,0,0,0,0,0
674834,1,1,1,1,1,0,0,0,0,0,0,0,0,0,0,0,0,0,0,0,0
670526,1,1,1,1,1,1,0,0,0,0,0,0,0,0,0,0,0,0,0,0,0
565418,1,1,1,1,1,1,0,1,1,1,1,1,1,1,1,1,1,1,1,1,1
698468,1,1,1,1,1,0,1,0,1,0,0,0,0,0,0,0,0,0,0,0,0
683465,1,1,1,1,1,1,0,1,0,0,0,0,0,0,0,0,0,0,0,0,0
689770,1,1,1,1,1,1,1,1,0,0,0,0,0,0,0,0,0,0,0,0,0
702848,1,1,1,1,1,1,1,0,0,0,0,0,0,0,0,0,0,0,0,0,0
668272,1,1,1,1,1,1,0,0,0,0,0,0,0,0,0,0,0,0,0,0,0
687191,1,1,1,1,1,1,1,1,0,0,0,0,0,0,0,0,0,0,0,0,0
601075,1,1,1,1,1,1,1,0,0,0,0,0,0,0,0,0,0,0,0,0,0
702427,1,1,1,1,1,1,0,1,0,0,0,0,0,0,0,0,0,0,0,0,0
657560,1,1,1,1,1,1,0,1,0,0,0,0,0,0,0,0,0,0,0,0,0
78937,1,1,1,1,1,1,0,0,0,0,0,0,0,0,0,0,0,0,0,0,0
676088,1,1,1,1,1,1,0,0,0,0,0,0,0,0,0,0,0,0,0,0,0
703332,1,1,1,1,1,1,0,0,0,0,0,0,0,0,0,0,0,0,0,0,0
696190,1,1,1,1,1,1,1,0,1,1,1,1,1,1,1,1,1,0,0,0,0
702672,1,1,1,1,1,1,1,1,1,1,1,1,1,1,1,0,1,1,0,0,0
669930,1,1,1,1,1,1,1,1,1,1,0,0,0,0,0,0,0,0,0,0,0
438495,1,1,1,1,1,1,1,1,0,0,0,0,0,0,0,0,0,0,0,0,0
677143,1,1,1,1,1,1,0,1,1,0,0,0,0,0,0,0,0,0,0,0,0
700849,1,1,1,1,1,1,1,1,1,0,1,0,0,0,0,0,0,0,0,0,0
694542,1,1,1,1,1,0,0,0,0,0,0,0,0,0,0,0,0,0,0,0,0
687479,1,1,1,1,1,1,1,1,0,0,0,0,0,0,0,0,0,0,0,0,0
686520,1,1,1,1,1,0,0,0,0,0,0,0,0,0,0,0,0,0,0,0,0
694434,1,1,1,1,1,1,0,0,0,0,0,0,0,0,0,0,0,0,0,0,0
674526,1,1,1,1,1,1,1,1,1,1,1,1,1,1,1,1,1,1,1,1,1
675369,1,1,1,1,1,1,1,0,1,0,1,0,0,0,0,0,0,0,0,0,0
700876,1,1,1,1,1,1,0,1,1,1,0,0,0,0,0,0,0,0,0,0,0
677352,1,1,1,1,1,1,1,1,0,1,0,1,1,1,1,1,0,1,0,1,1
681366,1,1,1,1,1,1,0,0,0,0,0,0,0,0,0,0,0,0,0,0,0
675902,1,1,1,1,1,1,1,1,0,0,0,0,0,0,0,0,0,0,0,0,0
450322,1,1,1,1,1,1,1,1,1,1,1,1,1,1,0,1,1,1,1,0,1
704561,1,1,1,1,1,1,1,1,1,1,0,0,0,0,0,0,0,0,0,0,0
674852,1,1,1,1,1,1,1,0,0,0,0,0,0,0,0,0,0,0,0,0,0
686356,1,1,1,1,1,1,1,1,0,0,0,0,0,0,0,0,0,0,0,0,0
453498,1,1,1,1,1,1,0,0,0,0,0,0,0,0,0,0,0,0,0,0,0
657454,1,1,1,1,1,1,1,1,1,1,1,1,1,1,1,1,1,1,1,1,1
696661,1,1,1,1,1,0,0,0,0,0,0,0,0,0,0,0,0,0,0,0,0
676364,1,1,1,1,1,1,1,1,1,1,1,1,1,1,1,1,1,1,1,0,1
700424,1,1,1,1,1,1,1,1,1,0,0,0,0,0,0,0,0,0,0,0,0
699592,1,1,1,1,1,1,1,1,0,0,0,0,0,0,0,0,0,0,0,0,0
672667,1,1,1,1,0,0,0,0,0,0,0,0,0,0,0,0,0,0,0,0,0
689585,1,1,1,1,1,1,1,1,0,1,0,0,0,0,0,0,0,0,0,0,0
677682,1,1,1,1,1,1,0,1,1,1,0,1,0,0,0,0,0,0,0,0,0
669866,1,1,1,1,1,0,0,0,0,0,0,0,0,0,0,0,0,0,0,0,0
701090,1,1,1,1,1,0,0,0,0,0,0,0,0,0,0,0,0,0,0,0,0
686745,1,1,1,1,1,1,0,0,0,0,0,0,0,0,0,0,0,0,0,0,0
677206,1,1,1,1,1,1,0,0,0,0,0,0,0,0,0,0,0,0,0,0,0
702691,1,1,1,1,1,1,0,1,0,0,0,0,0,0,0,0,0,0,0,0,0
386091,1,1,1,1,1,1,1,1,1,1,1,1,0,0,0,0,0,0,0,0,0
697722,1,1,1,1,1,1,0,0,0,0,0,0,0,0,0,0,0,0,0,0,0
657813,1,1,1,1,1,0,1,1,1,0,0,0,0,0,0,0,0,0,0,0,0
677186,1,1,1,1,1,0,1,0,1,0,0,0,0,0,0,0,0,0,0,0,0
673736,1,1,1,1,1,0,0,0,0,0,0,0,0,0,0,0,0,0,0,0,0
674756,1,1,1,1,1,0,0,0,0,0,0,0,0,0,0,0,0,0,0,0,0
657805,1,1,0,0,0,0,0,0,0,0,0,0,0,0,0,0,0,0,0,0,0
677158,1,1,1,1,1,1,1,0,1,1,1,1,1,1,1,0,1,1,0,0,0
700986,1,1,1,1,1,1,1,0,0,0,0,0,0,0,0,0,0,0,0,0,0
686073,1,1,1,1,1,1,0,0,0,0,0,0,0,0,0,0,0,0,0,0,0
693063,1,1,1,1,1,0,0,0,0,0,0,0,0,0,0,0,0,0,0,0,0
657389,1,1,1,1,1,0,0,0,0,0,0,0,0,0,0,0,0,0,0,0,0
688831,1,1,1,0,1,0,0,0,0,0,0,0,0,0,0,0,0,0,0,0,0
686391,1,1,1,1,1,1,0,0,0,0,0,0,0,0,0,0,0,0,0,0,0
664883,1,1,1,1,1,1,0,0,0,0,0,0,0,0,0,0,0,0,0,0,0
668183,1,1,1,1,1,0,1,0,0,0,0,0,0,0,0,0,0,0,0,0,0
417836,1,1,1,1,1,1,0,0,0,0,0,0,0,0,0,0,0,0,0,0,0
689299,1,1,1,1,1,1,1,1,1,1,1,1,1,0,0,0,0,0,0,0,0
665709,1,1,1,1,1,1,1,1,1,1,1,0,0,0,0,0,0,0,0,0,0
666363,1,1,1,1,1,1,1,0,0,0,0,0,0,0,0,0,0,0,0,0,0
664762,1,1,1,1,1,0,0,0,0,0,0,0,0,0,0,0,0,0,0,0,0
446988,1,1,1,1,1,0,0,0,0,0,0,0,0,0,0,0,0,0,0,0,0
688103,1,1,1,1,1,1,0,0,0,0,0,0,0,0,0,0,0,0,0,0,0
666203,1,1,1,0,1,1,0,1,0,0,0,0,0,0,0,0,0,0,0,0,0
621361,1,1,1,1,1,1,0,0,0,0,0,0,0,0,0,0,0,0,0,0,0
672773,1,1,0,0,0,0,0,0,0,0,0,0,0,0,0,0,0,0,0,0,0
602758,1,1,1,1,0,0,0,0,0,0,0,0,0,0,0,0,0,0,0,0,0
703759,1,1,1,1,1,1,1,1,1,0,0,0,0,0,0,0,0,0,0,0,0
664981,1,1,1,0,0,0,0,0,0,0,0,0,0,0,0,0,0,0,0,0,0
676531,1,1,1,1,1,1,0,1,0,0,0,0,0,0,0,0,0,0,0,0,0
657281,1,1,1,1,1,1,0,1,1,1,1,1,1,1,0,1,1,1,1,1,1
697851,1,1,1,1,1,1,1,1,0,0,0,0,0,0,0,0,0,0,0,0,0
679492,1,1,1,1,1,1,0,0,0,0,0,0,0,0,0,0,0,0,0,0,0
687991,1,1,1,1,1,1,0,0,0,0,0,0,0,0,0,0,0,0,0,0,0
678764,1,1,1,1,1,1,1,1,1,0,0,0,0,0,0,0,0,0,0,0,0
702777,1,1,1,1,1,0,0,0,0,0,0,0,0,0,0,0,0,0,0,0,0
437658,1,1,1,1,1,1,1,0,0,0,0,0,0,0,0,0,0,0,0,0,0
704656,1,1,1,1,1,1,1,1,0,0,0,0,0,0,0,0,0,0,0,0,0
702774,1,1,1,1,1,1,1,1,1,1,0,0,0,0,0,0,0,0,0,0,0
684240,1,1,1,1,1,1,1,0,1,0,0,0,0,0,0,0,0,0,0,0,0
657163,1,1,1,1,1,1,0,1,1,1,1,1,1,1,1,1,1,1,1,0,1
692974,1,1,1,1,1,1,1,1,0,0,0,0,0,0,0,0,0,0,0,0,0
661060,1,1,1,1,1,1,1,0,0,0,0,0,0,0,0,0,0,0,0,0,0
448818,1,1,1,1,1,1,0,0,0,0,0,0,0,0,0,0,0,0,0,0,0
608698,1,1,1,1,1,1,1,1,1,1,1,1,1,1,1,1,1,1,1,1,1
675039,1,1,1,1,1,0,0,0,0,0,0,0,0,0,0,0,0,0,0,0,0
680454,1,1,1,1,1,1,1,1,1,1,0,0,0,0,0,0,0,0,0,0,0
677496,1,1,1,1,1,1,0,0,0,0,0,0,0,0,0,0,0,0,0,0,0
680623,1,1,1,1,1,1,1,1,1,1,0,0,0,0,0,0,0,0,0,0,0
686134,1,1,1,1,1,0,0,0,0,0,0,0,0,0,0,0,0,0,0,0,0
688229,1,1,1,1,1,0,1,0,0,0,0,0,0,0,0,0,0,0,0,0,0
680773,1,1,1,1,1,1,0,0,0,0,0,0,0,0,0,0,0,0,0,0,0
685834,1,1,1,1,1,1,1,1,1,1,0,1,1,0,0,0,0,0,0,0,0
603050,1,1,1,1,1,1,1,1,1,1,1,1,1,1,1,1,1,1,0,0,0
570328,1,1,1,1,1,1,1,1,1,1,1,1,1,1,1,1,1,1,1,1,0
677363,1,1,1,1,1,1,0,1,0,1,1,0,1,1,1,0,1,0,0,0,0
681537,1,1,1,1,1,1,1,1,0,0,0,0,0,0,0,0,0,0,0,0,0
688091,1,1,1,1,1,1,1,1,1,0,0,0,0,0,0,0,0,0,0,0,0
445540,1,1,1,1,1,1,0,1,0,0,0,0,0,0,0,0,0,0,0,0,0
685327,1,1,1,1,1,1,0,1,0,0,0,0,0,0,0,0,0,0,0,0,0
683623,1,1,1,1,1,1,1,0,1,1,0,0,0,0,0,0,0,0,0,0,0
689856,1,1,1,1,1,1,1,0,1,0,0,0,0,0,0,0,0,0,0,0,0
657275,1,1,1,1,1,1,0,0,0,0,0,0,0,0,0,0,0,0,0,0,0
591346,1,1,1,1,1,1,0,1,1,0,1,0,0,0,0,0,0,0,0,0,0
666678,1,1,1,1,1,1,0,1,1,0,0,0,0,0,0,0,0,0,0,0,0
658340,1,1,1,1,1,1,1,1,1,0,0,0,0,0,0,0,0,0,0,0,0
674529,1,1,1,1,1,1,0,0,0,0,0,0,0,0,0,0,0,0,0,0,0
660579,1,1,1,1,1,1,1,1,1,0,1,0,0,0,0,0,0,0,0,0,0
423851,1,1,1,0,1,1,0,1,1,1,1,1,1,1,1,1,1,1,1,1,1
698420,1,1,1,1,1,1,0,0,0,0,0,0,0,0,0,0,0,0,0,0,0
551960,1,1,1,1,1,1,1,1,0,0,0,0,0,0,0,0,0,0,0,0,0
686396,1,1,1,1,1,1,0,1,0,0,0,0,0,0,0,0,0,0,0,0,0
669059,1,1,1,1,1,1,0,0,0,0,0,0,0,0,0,0,0,0,0,0,0
690818,1,1,1,1,1,1,1,1,1,0,0,0,0,0,0,0,0,0,0,0,0
444298,1,1,1,1,1,1,1,1,0,1,0,0,0,0,0,0,0,0,0,0,0
694888,1,1,1,1,1,1,0,0,0,0,0,0,0,0,0,0,0,0,0,0,0
512568,1,1,1,1,1,1,1,1,1,1,1,1,1,1,1,1,1,1,1,1,1
655849,1,1,1,1,1,1,0,1,0,0,0,0,0,0,0,0,0,0,0,0,0
690572,1,1,1,1,1,1,0,1,0,0,0,0,0,0,0,0,0,0,0,0,0
677802,1,1,1,1,1,1,1,1,0,0,0,0,0,0,0,0,0,0,0,0,0
694879,1,1,1,1,1,1,1,1,1,1,0,1,0,1,0,0,0,0,0,0,0
665895,1,1,1,1,1,0,1,0,0,0,0,0,0,0,0,0,0,0,0,0,0
694554,1,1,1,1,1,0,0,0,0,0,0,0,0,0,0,0,0,0,0,0,0
692642,1,1,1,1,1,1,0,1,0,0,0,0,0,0,0,0,0,0,0,0,0
572581,1,1,1,1,1,1,0,1,0,0,0,0,0,0,0,0,0,0,0,0,0
661688,1,1,1,1,1,1,0,0,0,0,0,0,0,0,0,0,0,0,0,0,0
660141,1,1,1,1,1,1,1,0,0,0,0,0,0,0,0,0,0,0,0,0,0
701133,1,1,1,1,1,1,0,0,0,0,0,0,0,0,0,0,0,0,0,0,0
694418,1,1,1,1,1,0,0,0,0,0,0,0,0,0,0,0,0,0,0,0,0
690227,1,1,1,1,1,1,1,1,0,0,0,0,0,0,0,0,0,0,0,0,0
694033,1,1,1,1,1,1,1,1,1,0,0,0,0,0,0,0,0,0,0,0,0
659712,1,1,1,1,1,1,1,1,1,0,0,0,0,0,0,0,0,0,0,0,0
668607,1,1,1,1,1,1,0,0,0,0,0,0,0,0,0,0,0,0,0,0,0
695117,1,1,1,1,1,1,0,0,0,0,0,0,0,0,0,0,0,0,0,0,0
677727,1,1,1,1,1,1,1,1,0,0,0,0,0,0,0,0,0,0,0,0,0
662778,1,1,1,1,1,1,1,1,1,0,1,1,0,0,0,0,0,0,0,0,0
676224,1,1,1,1,1,1,1,1,1,1,1,1,1,1,1,1,1,1,0,0,0
559811,1,1,1,1,1,1,1,1,1,0,1,0,0,0,0,0,0,0,0,0,0
175418,1,1,1,1,1,1,1,1,1,1,0,1,1,1,1,1,1,1,1,0,1
668359,1,1,1,1,1,1,1,1,1,1,1,1,1,0,1,1,1,1,1,1,1
697072,1,1,1,1,1,0,0,0,0,0,0,0,0,0,0,0,0,0,0,0,0
681904,1,1,1,1,1,1,1,1,1,1,1,1,0,0,0,0,0,0,0,0,0
683837,1,1,1,1,1,1,0,0,0,0,0,0,0,0,0,0,0,0,0,0,0
682630,1,1,1,1,1,0,0,0,0,0,0,0,0,0,0,0,0,0,0,0,0
623553,1,1,1,1,1,1,0,1,1,1,1,0,0,0,0,0,0,0,0,0,0
665612,1,1,1,1,0,0,0,0,0,0,0,0,0,0,0,0,0,0,0,0,0
695163,1,1,1,1,1,1,0,0,0,0,0,0,0,0,0,0,0,0,0,0,0
504853,1,1,1,1,1,1,0,0,0,0,0,0,0,0,0,0,0,0,0,0,0
693819,1,1,1,1,1,1,0,1,1,1,1,1,1,1,1,1,0,1,1,1,1
672732,1,1,1,1,1,1,0,0,0,0,0,0,0,0,0,0,0,0,0,0,0
677650,1,1,1,1,1,1,0,0,0,0,0,0,0,0,0,0,0,0,0,0,0
612142,0,1,1,1,0,0,0,0,0,0,0,0,0,0,0,0,0,0,0,0,0
638814,1,1,1,1,1,1,0,1,1,1,1,1,1,1,1,1,1,1,1,1,1
676507,1,1,1,1,1,1,1,1,1,0,0,0,0,0,0,0,0,0,0,0,0
658155,1,1,1,1,1,0,1,0,0,0,0,0,0,0,0,0,0,0,0,0,0
679652,1,1,1,1,1,1,0,0,0,0,0,0,0,0,0,0,0,0,0,0,0
677485,1,1,1,1,1,1,1,1,1,1,0,0,0,0,0,0,0,0,0,0,0
686880,1,1,1,1,1,0,0,0,0,0,0,0,0,0,0,0,0,0,0,0,0
693061,1,1,1,1,1,0,0,0,0,0,0,0,0,0,0,0,0,0,0,0,0
675008,1,1,1,1,1,1,1,1,0,0,0,0,0,0,0,0,0,0,0,0,0
327501,1,1,1,1,1,0,0,0,0,0,0,0,0,0,0,0,0,0,0,0,0
696658,1,1,1,1,1,1,1,1,0,0,0,0,0,0,0,0,0,0,0,0,0
697306,1,1,1,1,1,1,0,1,0,0,0,0,0,0,0,0,0,0,0,0,0
695467,1,1,1,1,1,1,1,0,1,1,0,0,0,0,0,0,0,0,0,0,0
699277,1,1,1,1,1,1,1,1,1,0,1,1,0,1,1,0,1,1,0,0,0
685680,1,1,1,1,1,1,0,1,1,0,0,0,0,0,0,0,0,0,0,0,0
612246,1,1,1,1,1,1,0,1,1,1,0,1,0,0,0,0,0,0,0,0,0
701144,1,1,1,1,1,1,0,0,0,0,0,0,0,0,0,0,0,0,0,0,0
679237,1,1,1,1,1,1,0,0,0,0,0,0,0,0,0,0,0,0,0,0,0
641246,1,1,1,1,1,1,1,1,0,0,0,0,0,0,0,0,0,0,0,0,0
692373,1,1,1,1,1,1,1,0,0,0,0,0,0,0,0,0,0,0,0,0,0
595519,1,1,1,1,1,1,0,1,0,1,0,0,0,0,0,0,0,0,0,0,0
671016,1,1,1,1,1,1,0,0,0,0,0,0,0,0,0,0,0,0,0,0,0
677454,1,1,1,1,1,1,1,0,0,0,0,0,0,0,0,0,0,0,0,0,0
696680,1,1,1,1,1,1,0,0,0,0,0,0,0,0,0,0,0,0,0,0,0
677669,1,1,1,1,1,1,1,0,0,0,0,0,0,0,0,0,0,0,0,0,0
687292,1,1,1,1,1,0,0,0,0,0,0,0,0,0,0,0,0,0,0,0,0
691257,1,1,1,1,1,0,0,0,0,0,0,0,0,0,0,0,0,0,0,0,0
692327,1,1,1,1,1,1,1,1,1,0,0,0,0,0,0,0,0,0,0,0,0
656570,1,1,1,1,1,1,0,0,0,0,0,0,0,0,0,0,0,0,0,0,0
659699,1,1,1,1,1,1,1,0,0,0,0,0,0,0,0,0,0,0,0,0,0
510328,1,1,1,1,1,1,1,0,1,1,1,1,1,1,1,0,1,0,0,0,0
684755,1,1,1,1,1,1,1,1,1,1,1,1,0,1,1,1,1,1,1,1,1
694422,1,1,1,1,1,1,1,0,1,0,0,0,0,0,0,0,0,0,0,0,0
452578,1,1,1,1,1,1,1,1,1,1,1,1,1,1,1,1,1,1,1,1,1
688177,1,1,1,1,1,0,0,0,0,0,0,0,0,0,0,0,0,0,0,0,0
313120,1,1,1,1,1,0,0,0,0,0,0,0,0,0,0,0,0,0,0,0,0
684443,1,1,1,1,1,1,1,1,1,1,1,1,1,1,1,0,0,0,0,0,0
681456,1,1,1,1,1,1,0,0,0,0,0,0,0,0,0,0,0,0,0,0,0
692616,1,1,1,1,1,0,0,0,0,0,0,0,0,0,0,0,0,0,0,0,0
701391,1,1,1,1,1,1,1,1,1,0,1,1,1,1,1,1,1,1,1,1,1
670493,1,1,1,1,1,1,1,0,0,0,0,0,0,0,0,0,0,0,0,0,0
591055,1,1,1,1,1,1,1,1,1,0,0,0,0,0,0,0,0,0,0,0,0
699931,1,1,1,1,1,1,1,1,1,1,0,0,0,0,0,0,0,0,0,0,0
578997,1,1,1,1,1,1,0,0,0,0,0,0,0,0,0,0,0,0,0,0,0
681019,1,1,1,0,1,0,0,0,0,0,0,0,0,0,0,0,0,0,0,0,0
490972,1,1,1,1,1,1,0,0,0,0,0,0,0,0,0,0,0,0,0,0,0
694598,1,1,1,1,0,0,0,0,0,0,0,0,0,0,0,0,0,0,0,0,0
697531,1,1,1,1,1,1,1,1,1,1,1,1,0,1,1,1,1,1,0,1,0
669891,1,1,0,1,0,0,0,0,0,0,0,0,0,0,0,0,0,0,0,0,0
682122,1,1,1,1,1,1,0,0,0,0,0,0,0,0,0,0,0,0,0,0,0
696705,1,1,1,1,1,1,0,0,0,0,0,0,0,0,0,0,0,0,0,0,0
699225,1,1,1,1,1,1,1,0,0,0,0,0,0,0,0,0,0,0,0,0,0
689017,1,1,1,1,1,1,0,1,0,0,0,0,0,0,0,0,0,0,0,0,0
674064,1,1,1,1,1,1,1,1,0,0,0,0,0,0,0,0,0,0,0,0,0
659608,1,1,1,1,1,1,1,0,0,0,0,0,0,0,0,0,0,0,0,0,0
676436,1,1,1,1,1,1,1,0,1,0,1,0,0,0,0,0,0,0,0,0,0
660223,1,1,1,1,1,1,1,1,0,0,0,0,0,0,0,0,0,0,0,0,0
682923,1,1,1,1,1,1,1,1,1,0,0,0,0,0,0,0,0,0,0,0,0
666540,1,1,1,1,1,1,0,1,0,1,0,0,0,0,0,0,0,0,0,0,0
690269,1,1,1,1,1,0,0,0,0,0,0,0,0,0,0,0,0,0,0,0,0
694993,1,1,1,1,1,1,0,0,0,0,0,0,0,0,0,0,0,0,0,0,0
655633,1,1,1,1,1,0,0,0,0,0,0,0,0,0,0,0,0,0,0,0,0
668225,1,1,1,0,1,1,1,1,1,1,1,1,1,1,1,1,1,1,1,1,1
702767,1,1,1,1,1,1,1,1,1,1,1,1,1,1,1,1,1,1,1,1,1
693854,1,1,1,1,1,0,0,0,0,0,0,0,0,0,0,0,0,0,0,0,0
666397,1,1,1,1,1,0,1,1,1,1,1,1,0,1,1,1,1,0,1,0,0
657514,1,1,1,1,1,1,0,0,0,0,0,0,0,0,0,0,0,0,0,0,0
697700,1,1,1,1,1,1,0,0,0,0,0,0,0,0,0,0,0,0,0,0,0
565207,1,1,1,1,1,1,1,1,1,1,1,1,1,1,1,1,1,1,1,1,0
398662,1,1,1,1,1,1,1,1,1,0,0,0,0,0,0,0,0,0,0,0,0
668613,1,1,1,1,1,1,1,1,1,1,1,1,1,1,0,1,0,0,0,0,0
530250,1,1,1,1,1,1,0,1,1,1,0,1,0,0,0,0,0,0,0,0,0
686062,1,1,1,1,1,1,0,1,1,0,0,0,0,0,0,0,0,0,0,0,0
678570,1,1,1,1,1,1,1,1,1,0,0,0,0,0,0,0,0,0,0,0,0
699059,1,1,1,1,1,1,1,1,1,1,1,1,1,1,1,1,1,1,1,1,1
681825,1,1,1,1,1,0,0,0,0,0,0,0,0,0,0,0,0,0,0,0,0
664426,1,1,1,1,1,0,0,0,0,0,0,0,0,0,0,0,0,0,0,0,0
580015,1,1,1,1,1,1,1,1,1,1,1,1,1,1,1,1,1,1,1,1,1
680959,1,1,1,1,1,1,1,1,1,1,1,1,1,1,1,1,1,1,0,0,0
704155,1,1,1,1,1,0,0,0,0,0,0,0,0,0,0,0,0,0,0,0,0
686227,1,1,1,1,1,1,0,1,1,0,1,0,0,0,0,0,0,0,0,0,0
458642,1,1,1,1,1,1,0,1,1,0,0,0,0,0,0,0,0,0,0,0,0
689960,1,1,1,1,1,0,0,0,0,0,0,0,0,0,0,0,0,0,0,0,0
696703,1,1,1,1,1,0,1,0,0,0,0,0,0,0,0,0,0,0,0,0,0
691399,1,1,1,1,1,0,0,0,0,0,0,0,0,0,0,0,0,0,0,0,0
679275,1,1,1,1,1,1,0,0,0,0,0,0,0,0,0,0,0,0,0,0,0
678873,1,1,1,1,1,1,0,1,1,0,1,1,0,0,0,0,0,0,0,0,0
684180,1,1,1,1,1,1,0,1,1,0,0,0,0,0,0,0,0,0,0,0,0
677683,1,1,1,1,1,1,1,1,0,0,0,0,0,0,0,0,0,0,0,0,0
694645,1,1,1,1,1,1,0,0,0,0,0,0,0,0,0,0,0,0,0,0,0
691046,1,1,1,1,1,1,1,1,1,0,1,0,0,0,0,0,0,0,0,0,0
676179,1,1,1,1,1,1,0,0,0,0,0,0,0,0,0,0,0,0,0,0,0
677582,1,1,1,1,1,0,0,0,0,0,0,0,0,0,0,0,0,0,0,0,0
700670,1,1,1,1,1,1,0,0,0,0,0,0,0,0,0,0,0,0,0,0,0
510342,1,1,1,1,1,0,0,0,0,0,0,0,0,0,0,0,0,0,0,0,0
697749,1,1,1,1,0,1,0,0,0,0,0,0,0,0,0,0,0,0,0,0,0
674107,1,1,1,1,1,1,1,1,0,0,0,0,0,0,0,0,0,0,0,0,0
500850,0,1,1,1,1,1,0,0,0,0,0,0,0,0,0,0,0,0,0,0,0
680502,1,1,1,1,1,1,1,1,0,1,0,0,0,0,0,0,0,0,0,0,0
696074,1,1,1,1,1,1,0,1,0,1,1,1,1,1,0,1,1,1,1,1,1
695681,1,1,1,1,1,1,1,1,0,0,0,0,0,0,0,0,0,0,0,0,0
698226,1,1,1,1,1,1,1,0,0,0,0,0,0,0,0,0,0,0,0,0,0
701695,1,1,1,1,1,1,0,1,1,1,1,1,1,1,1,0,1,1,1,0,0
698571,1,1,1,1,1,1,0,1,0,0,0,0,0,0,0,0,0,0,0,0,0
659760,1,1,1,1,1,0,0,0,0,0,0,0,0,0,0,0,0,0,0,0,0
680340,1,1,1,1,1,1,1,1,1,0,1,0,1,1,0,0,0,0,0,0,0
676574,1,1,1,1,1,1,1,1,1,1,1,0,0,0,0,0,0,0,0,0,0
690712,1,1,1,1,0,0,0,0,0,0,0,0,0,0,0,0,0,0,0,0,0
675349,1,1,1,1,1,1,0,1,1,0,0,0,0,0,0,0,0,0,0,0,0
375476,1,1,1,1,1,1,0,0,0,0,0,0,0,0,0,0,0,0,0,0,0
699845,1,1,1,1,1,1,0,0,0,0,0,0,0,0,0,0,0,0,0,0,0
677775,1,1,1,1,1,1,1,1,0,0,0,0,0,0,0,0,0,0,0,0,0
554268,1,1,1,1,1,1,0,0,0,0,0,0,0,0,0,0,0,0,0,0,0
703834,1,1,1,1,1,0,0,0,0,0,0,0,0,0,0,0,0,0,0,0,0
701650,0,1,1,1,1,0,0,0,0,0,0,0,0,0,0,0,0,0,0,0,0
409752,1,1,1,1,1,1,0,0,0,0,0,0,0,0,0,0,0,0,0,0,0
681169,1,1,1,1,1,1,1,1,1,0,1,1,1,1,1,1,1,1,0,1,1
702926,1,1,1,1,1,0,0,0,0,0,0,0,0,0,0,0,0,0,0,0,0
702649,1,1,1,1,1,1,0,0,0,0,0,0,0,0,0,0,0,0,0,0,0
660860,1,1,1,1,1,0,0,0,0,0,0,0,0,0,0,0,0,0,0,0,0
661603,1,1,1,1,1,1,0,1,0,1,0,0,0,0,0,0,0,0,0,0,0
672079,1,1,1,1,0,0,0,0,0,0,0,0,0,0,0,0,0,0,0,0,0
684738,1,1,1,1,1,1,0,0,0,0,0,0,0,0,0,0,0,0,0,0,0
665255,1,1,1,1,1,1,0,0,0,0,0,0,0,0,0,0,0,0,0,0,0
695387,1,1,1,1,1,1,1,1,0,0,0,0,0,0,0,0,0,0,0,0,0
698403,1,1,1,1,1,1,0,0,0,0,0,0,0,0,0,0,0,0,0,0,0
699028,1,1,1,1,1,1,0,0,0,0,0,0,0,0,0,0,0,0,0,0,0
678340,0,0,0,0,0,0,0,0,0,0,0,0,0,0,0,0,0,0,0,0,0
405095,1,1,1,1,1,1,0,0,0,0,0,0,0,0,0,0,0,0,0,0,0
666882,1,1,1,1,1,1,1,0,0,0,0,0,0,0,0,0,0,0,0,0,0
700754,1,1,1,1,1,1,0,1,0,0,0,0,0,0,0,0,0,0,0,0,0
656541,1,1,1,1,1,1,1,0,1,0,1,0,0,0,0,0,0,0,0,0,0
688178,1,1,1,1,1,1,1,0,0,0,0,0,0,0,0,0,0,0,0,0,0
673938,1,1,1,1,1,1,1,1,1,1,0,0,0,0,0,0,0,0,0,0,0
699330,1,1,1,1,1,1,1,1,1,0,0,0,0,0,0,0,0,0,0,0,0
675796,1,1,1,1,1,1,0,0,0,0,0,0,0,0,0,0,0,0,0,0,0
703765,1,1,1,1,1,1,1,1,1,1,1,1,1,1,1,1,1,1,1,1,1
661895,1,1,1,1,1,1,0,0,0,0,0,0,0,0,0,0,0,0,0,0,0
683042,1,1,1,1,1,1,1,1,0,0,0,0,0,0,0,0,0,0,0,0,0
655358,1,1,1,1,1,1,1,1,1,0,0,0,0,0,0,0,0,0,0,0,0
681425,1,1,1,1,1,1,0,1,0,1,0,0,0,0,0,0,0,0,0,0,0
581428,1,1,1,1,1,1,1,1,0,1,0,0,0,0,0,0,0,0,0,0,0
697089,1,1,1,1,1,1,0,0,0,0,0,0,0,0,0,0,0,0,0,0,0
671086,1,1,1,1,1,1,1,1,1,1,0,0,0,0,0,0,0,0,0,0,0
668934,1,1,1,1,1,1,1,1,1,1,0,1,0,0,0,0,0,0,0,0,0
675308,1,1,1,1,1,1,1,1,1,1,1,1,1,1,1,1,1,1,1,1,1
679826,1,1,1,1,1,1,1,0,0,0,0,0,0,0,0,0,0,0,0,0,0
673896,1,1,1,0,0,0,0,0,0,0,0,0,0,0,0,0,0,0,0,0,0
656911,1,1,1,1,1,1,1,1,1,1,1,1,0,0,0,0,0,0,0,0,0
597684,1,1,1,1,1,1,1,1,0,0,0,0,0,0,0,0,0,0,0,0,0
681637,1,1,1,1,1,1,1,1,1,1,0,0,0,0,0,0,0,0,0,0,0
693500,1,1,1,1,1,1,0,0,0,0,0,0,0,0,0,0,0,0,0,0,0
393093,1,1,1,1,1,1,1,1,1,1,0,1,0,0,0,0,0,0,0,0,0
693115,1,1,1,1,1,1,1,1,1,0,1,0,0,0,0,0,0,0,0,0,0
679869,1,1,1,1,1,1,1,1,1,0,0,0,0,0,0,0,0,0,0,0,0
698804,1,1,1,1,1,1,1,1,0,0,0,0,0,0,0,0,0,0,0,0,0
524895,1,1,1,1,1,0,0,0,0,0,0,0,0,0,0,0,0,0,0,0,0
591988,1,1,1,1,1,1,0,0,0,0,0,0,0,0,0,0,0,0,0,0,0
691686,1,1,1,1,1,1,1,0,0,0,0,0,0,0,0,0,0,0,0,0,0
665359,1,1,1,1,1,1,1,0,0,0,0,0,0,0,0,0,0,0,0,0,0
657252,1,1,1,1,1,1,0,0,0,0,0,0,0,0,0,0,0,0,0,0,0
693866,1,1,1,1,1,1,1,1,1,1,1,0,1,0,1,0,1,0,0,0,0
571369,1,1,1,1,1,1,0,0,0,0,0,0,0,0,0,0,0,0,0,0,0
684566,1,1,1,1,1,1,0,1,0,0,0,0,0,0,0,0,0,0,0,0,0
699381,1,1,1,1,1,1,0,0,0,0,0,0,0,0,0,0,0,0,0,0,0
694181,1,1,1,1,1,1,1,1,1,1,1,1,0,0,0,0,0,0,0,0,0
667217,1,1,1,1,1,1,1,1,1,0,0,0,0,0,0,0,0,0,0,0,0
668129,1,1,1,1,1,1,0,1,0,0,0,0,0,0,0,0,0,0,0,0,0
702901,1,1,1,1,1,1,0,1,1,0,0,0,0,0,0,0,0,0,0,0,0
682355,1,1,1,1,1,1,1,1,1,1,0,1,0,0,0,0,0,0,0,0,0
678604,1,1,1,1,1,1,1,0,1,0,0,0,0,0,0,0,0,0,0,0,0
683534,1,1,1,1,1,1,0,0,0,0,0,0,0,0,0,0,0,0,0,0,0
691674,1,1,1,1,1,1,1,1,1,0,0,0,0,0,0,0,0,0,0,0,0
695405,1,1,1,1,1,1,1,0,0,0,0,0,0,0,0,0,0,0,0,0,0
673705,1,1,1,1,1,1,0,1,0,0,0,0,0,0,0,0,0,0,0,0,0
591139,1,1,1,1,1,1,1,1,0,0,0,0,0,0,0,0,0,0,0,0,0
663026,1,1,1,1,1,1,0,1,1,0,0,0,0,0,0,0,0,0,0,0,0
689683,1,1,1,1,1,1,1,1,1,1,0,0,0,0,0,0,0,0,0,0,0
601166,1,1,1,1,1,1,0,0,0,0,0,0,0,0,0,0,0,0,0,0,0
657289,1,1,1,1,1,1,1,1,0,1,0,0,0,0,0,0,0,0,0,0,0
680631,0,1,1,0,0,0,0,0,0,0,0,0,0,0,0,0,0,0,0,0,0
693655,1,1,1,1,1,1,1,1,1,1,1,1,1,1,1,0,0,0,0,0,0
632129,1,1,1,1,1,1,1,0,0,0,0,0,0,0,0,0,0,0,0,0,0
600757,1,1,1,1,1,1,0,0,0,0,0,0,0,0,0,0,0,0,0,0,0
