theta_true,trial,seed,est,error,abs_error,rmse_contrib,se
-3.0,0,2103139804,-2.637788688471802,0.3622113115281982,0.3622113115281982,0.13119703419897744,0.462139565374075
-3.0,1,2097446776,-2.1395805101287695,0.8604194898712305,0.8604194898712305,0.7403216985502685,0.4388773920339522
-3.0,2,2121586239,-2.2662198325070264,0.7337801674929736,0.7337801674929736,0.5384333342060164,0.44705555149577003
-3.0,3,816464123,-2.515341934164134,0.4846580658358661,0.4846580658358661,0.23489344077976274,0.45858837789871354
-3.0,4,367992409,-2.515341934164134,0.4846580658358661,0.4846580658358661,0.23489344077976274,0.45858837789871354
-3.0,5,1982656189,-2.275990044952747,0.724009955047253,0.724009955047253,0.5241904150075253,0.4476169341224318
-3.0,6,225255238,-2.1489990470442892,0.8510009529557108,0.8510009529557108,0.7242026219315278,0.43954577720623095
-3.0,7,561980200,-2.1620845065751286,0.8379154934248714,0.8379154934248714,0.7021023741214456,0.44045780468013557
-3.0,8,298028865,-2.652233821550868,0.34776617844913194,0.34776617844913194,0.12094131487311348,0.4624525104783232
-3.0,9,685255714,-2.1395805101287695,0.8604194898712305,0.8604194898712305,0.7403216985502685,0.4388773920339522
-3.0,10,1151155068,-2.652233821550868,0.34776617844913194,0.34776617844913194,0.12094131487311348,0.4624525104783232
-3.0,11,253598991,-2.1489990470442892,0.8510009529557108,0.8510009529557108,0.7242026219315278,0.43954577720623095
-3.0,12,1709091010,-2.275990044952747,0.724009955047253,0.724009955047253,0.5241904150075253,0.4476169341224318
-3.0,13,519189160,-2.275990044952747,0.724009955047253,0.724009955047253,0.5241904150075253,0.4476169341224318
-3.0,14,1688041804,-2.1620845065751286,0.8379154934248714,0.8379154934248714,0.7021023741214456,0.44045780468013557
-3.0,15,684046402,-2.275990044952747,0.724009955047253,0.724009955047253,0.5241904150075253,0.4476169341224318
-3.0,16,1704011245,-3.0248363404200043,-0.024836340420004266,0.024836340420004266,0.0006168438054583377,0.4578043328667063
-3.0,17,2070344413,-2.275990044952747,0.724009955047253,0.724009955047253,0.5241904150075253,0.4476169341224318
-3.0,18,2057996156,-2.1489990470442892,0.8510009529557108,0.8510009529557108,0.7242026219315278,0.43954577720623095
-3.0,19,566183642,-2.6273665625143137,0.37263343748568634,0.37263343748568634,0.1388556787323989,0.4618987133293403
-3.0,20,1193176983,-2.275990044952747,0.724009955047253,0.724009955047253,0.5241904150075253,0.4476169341224318
-3.0,21,947053435,-2.637788688471802,0.3622113115281982,0.3622113115281982,0.13119703419897744,0.462139565374075
-3.0,22,547003392,-1.8327070607743854,1.1672929392256146,1.1672929392256146,1.3625728059659743,0.4113165955881633
-3.0,23,1309687589,-2.2662198325070264,0.7337801674929736,0.7337801674929736,0.5384333342060164,0.44705555149577003
-3.0,24,1926505261,-1.8327070607743854,1.1672929392256146,1.1672929392256146,1.3625728059659743,0.4113165955881633
-3.0,25,1854612611,-2.1620845065751286,0.8379154934248714,0.8379154934248714,0.7021023741214456,0.44045780468013557
-3.0,26,1387222073,-2.275990044952747,0.724009955047253,0.724009955047253,0.5241904150075253,0.4476169341224318
-3.0,27,1854905472,-2.275990044952747,0.724009955047253,0.724009955047253,0.5241904150075253,0.4476169341224318
-3.0,28,1113402597,-2.6273665625143137,0.37263343748568634,0.37263343748568634,0.1388556787323989,0.4618987133293403
-3.0,29,1449296583,-2.1489990470442892,0.8510009529557108,0.8510009529557108,0.7242026219315278,0.43954577720623095
-3.0,30,2051021141,-2.515341934164134,0.4846580658358661,0.4846580658358661,0.23489344077976274,0.45858837789871354
-3.0,31,1417069370,-2.1395805101287695,0.8604194898712305,0.8604194898712305,0.7403216985502685,0.4388773920339522
-3.0,32,101487543,-2.1489990470442892,0.8510009529557108,0.8510009529557108,0.7242026219315278,0.43954577720623095
-3.0,33,1580027625,-1.8327070607743854,1.1672929392256146,1.1672929392256146,1.3625728059659743,0.4113165955881633
-3.0,34,1586287864,-2.637788688471802,0.3622113115281982,0.3622113115281982,0.13119703419897744,0.462139565374075
-3.0,35,478359837,-2.1620845065751286,0.8379154934248714,0.8379154934248714,0.7021023741214456,0.44045780468013557
-3.0,36,1862054947,-1.8244648906408951,1.1755351093591049,1.1755351093591049,1.3818827933359226,0.41042094365816534
-3.0,37,369509317,-3.0248363404200043,-0.024836340420004266,0.024836340420004266,0.0006168438054583377,0.4578043328667063
-3.0,38,1693758289,-2.6273665625143137,0.37263343748568634,0.37263343748568634,0.1388556787323989,0.4618987133293403
-3.0,39,1869201919,-2.515341934164134,0.4846580658358661,0.4846580658358661,0.23489344077976274,0.45858837789871354
-3.0,40,1036897054,-2.1489990470442892,0.8510009529557108,0.8510009529557108,0.7242026219315278,0.43954577720623095
-3.0,41,129146783,-3.0248363404200043,-0.024836340420004266,0.024836340420004266,0.0006168438054583377,0.4578043328667063
-3.0,42,348608485,-2.515341934164134,0.4846580658358661,0.4846580658358661,0.23489344077976274,0.45858837789871354
-3.0,43,1468210751,-2.1489990470442892,0.8510009529557108,0.8510009529557108,0.7242026219315278,0.43954577720623095
-3.0,44,89257227,-2.637788688471802,0.3622113115281982,0.3622113115281982,0.13119703419897744,0.462139565374075
-3.0,45,1441472669,-2.637788688471802,0.3622113115281982,0.3622113115281982,0.13119703419897744,0.462139565374075
-3.0,46,300078609,-2.1620845065751286,0.8379154934248714,0.8379154934248714,0.7021023741214456,0.44045780468013557
-3.0,47,1312151122,-1.766151469731879,1.233848530268121,1.233848530268121,1.5223821956448023,0.40386942690036676
-3.0,48,1178406769,-2.1620845065751286,0.8379154934248714,0.8379154934248714,0.7021023741214456,0.44045780468013557
-3.0,49,129143895,-1.7766403224736709,1.2233596775263291,1.2233596775263291,1.496608900597324,0.4050748859007728
-2.5,0,383297718,-2.1620845065751286,0.33791549342487137,0.33791549342487137,0.11418688069657429,0.44045780468013557
-2.5,1,2099743525,-2.1489990470442892,0.35100095295571077,0.35100095295571077,0.12320166897581708,0.43954577720623095
-2.5,2,866354994,-2.1620845065751286,0.33791549342487137,0.33791549342487137,0.11418688069657429,0.44045780468013557
-2.5,3,942641440,-1.8327070607743854,0.6672929392256146,0.6672929392256146,0.4452798667403598,0.4113165955881633
-2.5,4,973428785,-1.5444444253803948,0.9555555746196052,0.9555555746196052,0.9130864561866038,0.3761530614569046
-2.5,5,1143739098,-1.8327070607743854,0.6672929392256146,0.6672929392256146,0.4452798667403598,0.4113165955881633
-2.5,6,414567853,-2.1489990470442892,0.35100095295571077,0.35100095295571077,0.12320166897581708,0.43954577720623095
-2.5,7,6726535,-1.8856254344809866,0.6143745655190134,0.6143745655190134,0.37745610675667646,0.4168797059669217
-2.5,8,1386703661,-2.515341934164134,-0.015341934164133875,0.015341934164133875,0.00023537494389661817,0.45858837789871354
-2.5,9,539591999,-2.1489990470442892,0.35100095295571077,0.35100095295571077,0.12320166897581708,0.43954577720623095
-2.5,10,1412280717,-1.8327070607743854,0.6672929392256146,0.6672929392256146,0.4452798667403598,0.4113165955881633
-2.5,11,1843594175,-1.8327070607743854,0.6672929392256146,0.6672929392256146,0.4452798667403598,0.4113165955881633
-2.5,12,925365952,-3.0248363404200043,-0.5248363404200043,0.5248363404200043,0.2754531842254626,0.4578043328667063
-2.5,13,913321254,-1.5444444253803948,0.9555555746196052,0.9555555746196052,0.9130864561866038,0.3761530614569046
-2.5,14,377934397,-2.275990044952747,0.22400995504725296,0.22400995504725296,0.050180459960272296,0.4476169341224318
-2.5,15,1580159256,-2.1489990470442892,0.35100095295571077,0.35100095295571077,0.12320166897581708,0.43954577720623095
-2.5,16,1500877065,-1.8131142987894213,0.6868857012105787,0.6868857012105787,0.47181196652754837,0.4091749489226497
-2.5,17,1980072729,-1.8327070607743854,0.6672929392256146,0.6672929392256146,0.4452798667403598,0.4113165955881633
-2.5,18,1666370531,-1.8244648906408951,0.6755351093591049,0.6755351093591049,0.4563476839768178,0.41042094365816534
-2.5,19,329583272,-2.275990044952747,0.22400995504725296,0.22400995504725296,0.050180459960272296,0.4476169341224318
-2.5,20,1725467126,-1.8327070607743854,0.6672929392256146,0.6672929392256146,0.4452798667403598,0.4113165955881633
-2.5,21,2130860468,-2.1489990470442892,0.35100095295571077,0.35100095295571077,0.12320166897581708,0.43954577720623095
-2.5,22,768001753,-2.209172770172418,0.290827229827582,0.290827229827582,0.08458047760918522,0.4435835863888374
-2.5,23,391554521,-3.0248363404200043,-0.5248363404200043,0.5248363404200043,0.2754531842254626,0.4578043328667063
-2.5,24,1829539479,-2.1489990470442892,0.35100095295571077,0.35100095295571077,0.12320166897581708,0.43954577720623095
-2.5,25,2018877083,-2.1620845065751286,0.33791549342487137,0.33791549342487137,0.11418688069657429,0.44045780468013557
-2.5,26,2093573588,-2.515341934164134,-0.015341934164133875,0.015341934164133875,0.00023537494389661817,0.45858837789871354
-2.5,27,186579939,-2.1489990470442892,0.35100095295571077,0.35100095295571077,0.12320166897581708,0.43954577720623095
-2.5,28,1887561680,-2.652233821550868,-0.15223382155086806,0.15223382155086806,0.023175136423981543,0.4624525104783232
-2.5,29,1005474853,-2.275990044952747,0.22400995504725296,0.22400995504725296,0.050180459960272296,0.4476169341224318
-2.5,30,927209518,-2.252735336486534,0.24726466351346588,0.24726466351346588,0.0611398138224275,0.44626502918508615
-2.5,31,1780240750,-1.8327070607743854,0.6672929392256146,0.6672929392256146,0.4452798667403598,0.4113165955881633
-2.5,32,1943969432,-1.5444444253803948,0.9555555746196052,0.9555555746196052,0.9130864561866038,0.3761530614569046
-2.5,33,603555138,-1.4038709093545396,1.0961290906454604,1.0961290906454604,1.201498983359244,0.35738249370398173
-2.5,34,1632314064,-2.2662198325070264,0.2337801674929736,0.2337801674929736,0.05465316671304279,0.44705555149577003
-2.5,35,1866359807,-1.5444444253803948,0.9555555746196052,0.9555555746196052,0.9130864561866038,0.3761530614569046
-2.5,36,1858296263,-1.8131142987894213,0.6868857012105787,0.6868857012105787,0.47181196652754837,0.4091749489226497
-2.5,37,2096838625,-2.652233821550868,-0.15223382155086806,0.15223382155086806,0.023175136423981543,0.4624525104783232
-2.5,38,707707778,-1.5444444253803948,0.9555555746196052,0.9555555746196052,0.9130864561866038,0.3761530614569046
-2.5,39,1807566314,-2.6273665625143137,-0.12736656251431366,0.12736656251431366,0.01622224124671257,0.4618987133293403
-2.5,40,913214295,-2.275990044952747,0.22400995504725296,0.22400995504725296,0.050180459960272296,0.4476169341224318
-2.5,41,963948716,-1.787765461768699,0.7122345382313009,0.7122345382313009,0.5072780374495545,0.4063407549005321
-2.5,42,1626547649,-2.637788688471802,-0.1377886884718018,0.1377886884718018,0.018985722670779248,0.462139565374075
-2.5,43,795660793,-1.395547770150746,1.104452229849254,1.104452229849254,1.2198147280189895,0.3562723886424806
-2.5,44,1617523540,-2.1620845065751286,0.33791549342487137,0.33791549342487137,0.11418688069657429,0.44045780468013557
-2.5,45,1036524722,-3.0248363404200043,-0.5248363404200043,0.5248363404200043,0.2754531842254626,0.4578043328667063
-2.5,46,17296264,-2.637788688471802,-0.1377886884718018,0.1377886884718018,0.018985722670779248,0.462139565374075
-2.5,47,197958364,-2.1489990470442892,0.35100095295571077,0.35100095295571077,0.12320166897581708,0.43954577720623095
-2.5,48,1640198371,-1.8327070607743854,0.6672929392256146,0.6672929392256146,0.4452798667403598,0.4113165955881633
-2.5,49,486798260,-1.9242226211922524,0.5757773788077476,0.5757773788077476,0.3315195899467205,0.42072742497852267
-2.0,0,2114582862,-1.5444444253803948,0.45555557461960516,0.45555557461960516,0.20753088156699864,0.3761530614569046
-2.0,1,1152267218,-1.3595288373364127,0.6404711626635873,0.6404711626635873,0.41020331020364725,0.35149254020386833
-2.0,2,366861640,-1.8327070607743854,0.1672929392256146,0.1672929392256146,0.027986927514745186,0.4113165955881633
-2.0,3,1574602980,-1.8327070607743854,0.1672929392256146,0.1672929392256146,0.027986927514745186,0.4113165955881633
-2.0,4,427613825,-2.1489990470442892,-0.14899904704428923,0.14899904704428923,0.022200716020106315,0.43954577720623095
-2.0,5,964028578,-2.515341934164134,-0.5153419341641339,0.5153419341641339,0.2655773091080305,0.45858837789871354
-2.0,6,1249498681,-2.275990044952747,-0.27599004495274704,0.27599004495274704,0.07617050491301933,0.4476169341224318
-2.0,7,656057906,-1.8131142987894213,0.18688570121057868,0.18688570121057868,0.03492626531696969,0.4091749489226497
-2.0,8,1452238468,-1.5444444253803948,0.45555557461960516,0.45555557461960516,0.20753088156699864,0.3761530614569046
-2.0,9,2034439255,-1.8244648906408951,0.17553510935910488,0.17553510935910488,0.03081257461771291,0.41042094365816534
-2.0,10,757376176,-1.8131142987894213,0.18688570121057868,0.18688570121057868,0.03492626531696969,0.4091749489226497
-2.0,11,1612832881,-1.8327070607743854,0.1672929392256146,0.1672929392256146,0.027986927514745186,0.4113165955881633
-2.0,12,597906789,-1.9242226211922524,0.0757773788077476,0.0757773788077476,0.0057422111389728745,0.42072742497852267
-2.0,13,1013716348,-2.1489990470442892,-0.14899904704428923,0.14899904704428923,0.022200716020106315,0.43954577720623095
-2.0,14,235714866,-1.8327070607743854,0.1672929392256146,0.1672929392256146,0.027986927514745186,0.4113165955881633
-2.0,15,981992473,-1.5444444253803948,0.45555557461960516,0.45555557461960516,0.20753088156699864,0.3761530614569046
-2.0,16,1441716649,-1.8244648906408951,0.17553510935910488,0.17553510935910488,0.03081257461771291,0.41042094365816534
-2.0,17,1602748227,-1.5444444253803948,0.45555557461960516,0.45555557461960516,0.20753088156699864,0.3761530614569046
-2.0,18,676013950,-2.0974939020684027,-0.0974939020684027,0.0974939020684027,0.009505060940523296,0.4357664683673954
-2.0,19,1836957249,-1.3697018506426688,0.6302981493573312,0.6302981493573312,0.39727575708327656,0.3528378440171797
-2.0,20,1116828410,-1.8327070607743854,0.1672929392256146,0.1672929392256146,0.027986927514745186,0.4113165955881633
-2.0,21,630289796,-1.7766403224736709,0.22335967752632913,0.22335967752632913,0.04988954554466574,0.4050748859007728
-2.0,22,536637208,-1.8244648906408951,0.17553510935910488,0.17553510935910488,0.03081257461771291,0.41042094365816534
-2.0,23,1574780895,-2.1489990470442892,-0.14899904704428923,0.14899904704428923,0.022200716020106315,0.43954577720623095
-2.0,24,1086077212,-1.5444444253803948,0.45555557461960516,0.45555557461960516,0.20753088156699864,0.3761530614569046
-2.0,25,1736950706,-2.1489990470442892,-0.14899904704428923,0.14899904704428923,0.022200716020106315,0.43954577720623095
-2.0,26,1664739729,-1.8327070607743854,0.1672929392256146,0.1672929392256146,0.027986927514745186,0.4113165955881633
-2.0,27,1905004770,-1.5444444253803948,0.45555557461960516,0.45555557461960516,0.20753088156699864,0.3761530614569046
-2.0,28,529448218,-1.8131142987894213,0.18688570121057868,0.18688570121057868,0.03492626531696969,0.4091749489226497
-2.0,29,53328914,-1.6438442082438445,0.3561557917561555,0.3561557917561555,0.12684694800145402,0.38903544449165633
-2.0,30,899224006,-1.8327070607743854,0.1672929392256146,0.1672929392256146,0.027986927514745186,0.4113165955881633
-2.0,31,1100691556,-1.8131142987894213,0.18688570121057868,0.18688570121057868,0.03492626531696969,0.4091749489226497
-2.0,32,1455222036,-1.8244648906408951,0.17553510935910488,0.17553510935910488,0.03081257461771291,0.41042094365816534
-2.0,33,1315947227,-2.1620845065751286,-0.16208450657512863,0.16208450657512863,0.026271387271702917,0.44045780468013557
-2.0,34,1534561530,-1.2781659284392823,0.7218340715607177,0.7218340715607177,0.5210444268659232,0.34093533434683815
-2.0,35,602044788,-1.4188225723228451,0.5811774276771549,0.5811774276771549,0.33776720244143454,0.359380339043543
-2.0,36,256867800,-1.4188225723228451,0.5811774276771549,0.5811774276771549,0.33776720244143454,0.359380339043543
-2.0,37,970945489,-1.5136477051145973,0.48635229488540266,0.48635229488540266,0.23653855474029767,0.37206669842385987
-2.0,38,538357848,-2.1620845065751286,-0.16208450657512863,0.16208450657512863,0.026271387271702917,0.44045780468013557
-2.0,39,1140788601,-1.4888785908095978,0.5111214091904022,0.5111214091904022,0.26124509493278253,0.36876124393514986
-2.0,40,1334313816,-2.275990044952747,-0.27599004495274704,0.27599004495274704,0.07617050491301933,0.4476169341224318
-2.0,41,2123076557,-2.1489990470442892,-0.14899904704428923,0.14899904704428923,0.022200716020106315,0.43954577720623095
-2.0,42,1717047801,-1.8131142987894213,0.18688570121057868,0.18688570121057868,0.03492626531696969,0.4091749489226497
-2.0,43,12838019,-1.2781659284392823,0.7218340715607177,0.7218340715607177,0.5210444268659232,0.34093533434683815
-2.0,44,1327238008,-2.1489990470442892,-0.14899904704428923,0.14899904704428923,0.022200716020106315,0.43954577720623095
-2.0,45,432263301,-2.1620845065751286,-0.16208450657512863,0.16208450657512863,0.026271387271702917,0.44045780468013557
-2.0,46,902304708,-1.8244648906408951,0.17553510935910488,0.17553510935910488,0.03081257461771291,0.41042094365816534
-2.0,47,551636571,-1.8327070607743854,0.1672929392256146,0.1672929392256146,0.027986927514745186,0.4113165955881633
-2.0,48,59690085,-1.4976246938880626,0.5023753061119374,0.5023753061119374,0.25238094819106277,0.36992988738036114
-2.0,49,731743969,-2.1489990470442892,-0.14899904704428923,0.14899904704428923,0.022200716020106315,0.43954577720623095
-1.5,0,1624895338,-1.5444444253803948,-0.044444425380394836,0.044444425380394836,0.001975306947393485,0.3761530614569046
-1.5,1,113820847,-1.1981454827932874,0.30185451720671264,0.30185451720671264,0.09111614955809758,0.3310775890714122
-1.5,2,2113131280,-1.120943160275952,0.3790568397240479,0.3790568397240479,0.14368408774158253,0.32227656653648934
-1.5,3,701141589,-1.8131142987894213,-0.3131142987894213,0.3131142987894213,0.098040564106391,0.4091749489226497
-1.5,4,1598863683,-1.4888785908095978,0.011121409190402165,0.011121409190402165,0.00012368574238036175,0.36876124393514986
-1.5,5,425971005,-1.2781659284392823,0.22183407156071766,0.22183407156071766,0.0492103553052056,0.34093533434683815
-1.5,6,253144495,-1.787765461768699,-0.2877654617686991,0.2877654617686991,0.08280896098695263,0.4063407549005321
-1.5,7,1780725457,-1.8327070607743854,-0.3327070607743854,0.3327070607743854,0.11069398828913057,0.4113165955881633
-1.5,8,1168167961,-1.4038709093545396,0.09612909064546038,0.09612909064546038,0.009240802068323138,0.35738249370398173
-1.5,9,1368208278,-0.8644044786093998,0.6355955213906002,0.6355955213906002,0.4039816668117889,0.29995228966684867
-1.5,10,896870892,-1.5444444253803948,-0.044444425380394836,0.044444425380394836,0.001975306947393485,0.3761530614569046
-1.5,11,183482582,-0.884287822998739,0.615712177001261,0.615712177001261,0.3791014849076322,0.3012599475448265
-1.5,12,48041197,-1.2746760867362137,0.2253239132637863,0.2253239132637863,0.050770865888506295,0.34049279376936126
-1.5,13,472790938,-0.9736329862478774,0.5263670137521226,0.5263670137521226,0.2770622331663272,0.30802789225644295
-1.5,14,153783904,-1.4188225723228451,0.08117742767715486,0.08117742767715486,0.006589774764279708,0.359380339043543
-1.5,15,1462814332,-0.9736329862478774,0.5263670137521226,0.5263670137521226,0.2770622331663272,0.30802789225644295
-1.5,16,748196573,-1.2781659284392823,0.22183407156071766,0.22183407156071766,0.0492103553052056,0.34093533434683815
-1.5,17,288643468,-1.5444444253803948,-0.044444425380394836,0.044444425380394836,0.001975306947393485,0.3761530614569046
-1.5,18,976031808,-1.4125314906631146,0.08746850933688544,0.08746850933688544,0.007650740125616814,0.3585392225822181
-1.5,19,2054097509,-1.4976246938880626,0.0023753061119373697,0.0023753061119373697,5.642079125407024e-06,0.36992988738036114
-1.5,20,160979255,-1.5444444253803948,-0.044444425380394836,0.044444425380394836,0.001975306947393485,0.3761530614569046
-1.5,21,293183008,-1.2781659284392823,0.22183407156071766,0.22183407156071766,0.0492103553052056,0.34093533434683815
-1.5,22,1812282079,-0.8524721495562124,0.6475278504437876,0.6475278504437876,0.41929231710035214,0.2992015796762525
-1.5,23,1713052298,-1.2781659284392823,0.22183407156071766,0.22183407156071766,0.0492103553052056,0.34093533434683815
-1.5,24,71139707,-1.4976246938880626,0.0023753061119373697,0.0023753061119373697,5.642079125407024e-06,0.36992988738036114
-1.5,25,1070077191,-1.8131142987894213,-0.3131142987894213,0.3131142987894213,0.098040564106391,0.4091749489226497
-1.5,26,2136759603,-1.5444444253803948,-0.044444425380394836,0.044444425380394836,0.001975306947393485,0.3761530614569046
-1.5,27,654354861,-1.2781659284392823,0.22183407156071766,0.22183407156071766,0.0492103553052056,0.34093533434683815
-1.5,28,1616976450,-1.5069051219476925,-0.00690512194769255,0.00690512194769255,4.768070911250535e-05,0.3711682504831286
-1.5,29,502953666,-1.1689797777316775,0.3310202222683225,0.3310202222683225,0.10957438755056964,0.3276601750788623
-1.5,30,2073751077,-1.1599755703385999,0.3400244296614001,0.3400244296614001,0.11561661276656043,0.32662695628074156
-1.5,31,1917720433,-1.3760575933142367,0.12394240668576328,0.12394240668576328,0.01536172017505914,0.35368038003677577
-1.5,32,1128748063,-1.15631179640084,0.34368820359915997,0.34368820359915997,0.11812158129321763,0.3262096209211016
-1.5,33,810753468,-1.5444444253803948,-0.044444425380394836,0.044444425380394836,0.001975306947393485,0.3761530614569046
-1.5,34,1956675959,-1.1981454827932874,0.30185451720671264,0.30185451720671264,0.09111614955809758,0.3310775890714122
-1.5,35,163950608,-1.1599755703385999,0.3400244296614001,0.3400244296614001,0.11561661276656043,0.32662695628074156
-1.5,36,407381926,-1.8327070607743854,-0.3327070607743854,0.3327070607743854,0.11069398828913057,0.4113165955881633
-1.5,37,72599666,-1.5887820123690313,-0.08878201236903127,0.08878201236903127,0.007882245720294822,0.3819683858873873
-1.5,38,836613224,-1.5444444253803948,-0.044444425380394836,0.044444425380394836,0.001975306947393485,0.3761530614569046
-1.5,39,991307060,-1.1981454827932874,0.30185451720671264,0.30185451720671264,0.09111614955809758,0.3310775890714122
-1.5,40,1770410760,-1.086211061607647,0.413788938392353,0.413788938392353,0.1712212855358705,0.3185938432763301
-1.5,41,1876522665,-1.5444444253803948,-0.044444425380394836,0.044444425380394836,0.001975306947393485,0.3761530614569046
-1.5,42,1280832966,-1.2781659284392823,0.22183407156071766,0.22183407156071766,0.0492103553052056,0.34093533434683815
-1.5,43,752928148,-1.5136477051145973,-0.013647705114597342,0.013647705114597342,0.00018625985489500644,0.37206669842385987
-1.5,44,1930354665,-0.8669409966976759,0.6330590033023241,0.6330590033023241,0.40076370166213204,0.30011514637720743
-1.5,45,1768496917,-1.8327070607743854,-0.3327070607743854,0.3327070607743854,0.11069398828913057,0.4113165955881633
-1.5,46,447511853,-1.5444444253803948,-0.044444425380394836,0.044444425380394836,0.001975306947393485,0.3761530614569046
-1.5,47,2034094522,-1.8327070607743854,-0.3327070607743854,0.3327070607743854,0.11069398828913057,0.4113165955881633
-1.5,48,1026114658,-1.1981454827932874,0.30185451720671264,0.30185451720671264,0.09111614955809758,0.3310775890714122
-1.5,49,143968827,-1.9242226211922524,-0.4242226211922524,0.4242226211922524,0.1799648323312253,0.42072742497852267
-1.0,0,1384402999,-1.5136477051145973,-0.5136477051145973,0.5136477051145973,0.26383396496949235,0.37206669842385987
-1.0,1,639606723,-0.9496472547372662,0.05035274526273381,0.05035274526273381,0.002535398955493762,0.30606704305431215
-1.0,2,548623130,-1.4188225723228451,-0.41882257232284514,0.41882257232284514,0.17541234708712486,0.359380339043543
-1.0,3,1329638157,-0.49001714398051166,0.5099828560194883,0.5099828560194883,0.2600825134337942,0.28505977492848933
-1.0,4,1167617405,-1.1981454827932874,-0.19814548279328736,0.19814548279328736,0.03926163235138494,0.3310775890714122
-1.0,5,648019145,-0.6361114952273491,0.3638885047726509,0.3638885047726509,0.13241484390567557,0.28939952169364347
-1.0,6,867304873,-1.1476094085586028,-0.14760940855860283,0.14760940855860283,0.021788537495020528,0.32522562748677003
-1.0,7,375479894,-0.907502146325725,0.09249785367427499,0.09249785367427499,0.008555852934347586,0.3028775385133052
-1.0,8,983310701,-0.40824545925123706,0.591754540748763,0.591754540748763,0.3501734364967794,0.28237553222928036
-1.0,9,1064089303,-1.2781659284392823,-0.27816592843928234,0.27816592843928234,0.07737628374448795,0.34093533434683815
-1.0,10,962753369,-1.1981454827932874,-0.19814548279328736,0.19814548279328736,0.03926163235138494,0.3310775890714122
-1.0,11,1633312496,-1.4976246938880626,-0.49762469388806263,0.49762469388806263,0.24763033596718803,0.36992988738036114
-1.0,12,690556489,-0.7239386354045226,0.27606136459547737,0.27606136459547737,0.07620987702231709,0.292615366170287
-1.0,13,1475882997,-1.5444444253803948,-0.5444444253803948,0.5444444253803948,0.29641973232778834,0.3761530614569046
-1.0,14,416798660,-0.9862921377536111,0.013707862246388869,0.013707862246388869,0.00018790548736597327,0.309105039767698
-1.0,15,532908330,-1.1147935975179653,-0.11479359751796525,0.11479359751796525,0.013177570031116598,0.32161113435546884
-1.0,16,1024017947,-0.8722530760948671,0.12774692390513287,0.12774692390513287,0.016319276567223807,0.300459949228011
-1.0,17,1335834888,-0.9862921377536111,0.013707862246388869,0.013707862246388869,0.00018790548736597327,0.309105039767698
-1.0,18,1492242227,-0.674670840211639,0.32532915978836097,0.32532915978836097,0.1058390622086009,0.29071274067558595
-1.0,19,677865433,-1.15631179640084,-0.15631179640084003,0.15631179640084003,0.024433377694057665,0.3262096209211016
-1.0,20,1770078966,-0.9862921377536111,0.013707862246388869,0.013707862246388869,0.00018790548736597327,0.309105039767698
-1.0,21,595317722,-0.7239386354045226,0.27606136459547737,0.27606136459547737,0.07620987702231709,0.292615366170287
-1.0,22,115759425,-0.9496472547372662,0.05035274526273381,0.05035274526273381,0.002535398955493762,0.30606704305431215
-1.0,23,1996870334,-0.9496472547372662,0.05035274526273381,0.05035274526273381,0.002535398955493762,0.30606704305431215
-1.0,24,2105625700,-1.8327070607743854,-0.8327070607743854,0.8327070607743854,0.693401049063516,0.4113165955881633
-1.0,25,600426267,-0.7239386354045226,0.27606136459547737,0.27606136459547737,0.07620987702231709,0.292615366170287
-1.0,26,90703691,-1.086211061607647,-0.08621106160764702,0.08621106160764702,0.00743234714351751,0.3185938432763301
-1.0,27,2037607679,-0.7239386354045226,0.27606136459547737,0.27606136459547737,0.07620987702231709,0.292615366170287
-1.0,28,102490916,-0.9736329862478774,0.02636701375212258,0.02636701375212258,0.0006952194142046213,0.30802789225644295
-1.0,29,433828958,-0.9496472547372662,0.05035274526273381,0.05035274526273381,0.002535398955493762,0.30606704305431215
-1.0,30,1221470876,-0.3950960841625693,0.6049039158374308,0.6049039158374308,0.3659087473954575,0.28188246800390027
-1.0,31,1214355647,-0.460425245429306,0.5395747545706939,0.5395747545706939,0.2911409157700246,0.28414944262146363
-1.0,32,1598538541,-1.5444444253803948,-0.5444444253803948,0.5444444253803948,0.29641973232778834,0.3761530614569046
-1.0,33,816694753,-0.884287822998739,0.11571217700126102,0.11571217700126102,0.01338930790637116,0.3012599475448265
-1.0,34,388816383,-0.907502146325725,0.09249785367427499,0.09249785367427499,0.008555852934347586,0.3028775385133052
-1.0,35,1735395981,-1.15631179640084,-0.15631179640084003,0.15631179640084003,0.024433377694057665,0.3262096209211016
-1.0,36,687251740,-0.9862921377536111,0.013707862246388869,0.013707862246388869,0.00018790548736597327,0.309105039767698
-1.0,37,273919415,-1.2781659284392823,-0.27816592843928234,0.27816592843928234,0.07737628374448795,0.34093533434683815
-1.0,38,820798608,-1.15631179640084,-0.15631179640084003,0.15631179640084003,0.024433377694057665,0.3262096209211016
-1.0,39,2042986129,-0.907502146325725,0.09249785367427499,0.09249785367427499,0.008555852934347586,0.3028775385133052
-1.0,40,1962547500,-1.2781659284392823,-0.27816592843928234,0.27816592843928234,0.07737628374448795,0.34093533434683815
-1.0,41,1565144830,-0.9129147136798785,0.08708528632012147,0.08708528632012147,0.0075838470934575354,0.3032688744846822
-1.0,42,1295271293,-1.15631179640084,-0.15631179640084003,0.15631179640084003,0.024433377694057665,0.3262096209211016
-1.0,43,376980011,-0.9531658639651887,0.04683413603481135,0.04683413603481135,0.0021934362981272148,0.30634810014582425
-1.0,44,2016760869,-0.6574725672986612,0.3425274327013388,0.3425274327013388,0.11732504215297017,0.2901105712759015
-1.0,45,1487688824,-0.7239386354045226,0.27606136459547737,0.27606136459547737,0.07620987702231709,0.292615366170287
-1.0,46,2062516210,-0.7239386354045226,0.27606136459547737,0.27606136459547737,0.07620987702231709,0.292615366170287
-1.0,47,199357399,-1.0086341612693068,-0.008634161269306828,0.008634161269306828,7.45487408243981e-05,0.31107647430030844
-1.0,48,222859555,-1.086211061607647,-0.08621106160764702,0.08621106160764702,0.00743234714351751,0.3185938432763301
-1.0,49,1194863273,-0.884287822998739,0.11571217700126102,0.11571217700126102,0.01338930790637116,0.3012599475448265
-0.5,0,1501762993,-0.6031166742716891,-0.10311667427168913,0.10311667427168913,0.010633048512853635,0.28836629639282907
-0.5,1,220104477,-0.3417263852926452,0.1582736147073548,0.1582736147073548,0.025050537112532197,0.2796304183220585
-0.5,2,1060250666,-0.3976586621076343,0.10234133789236571,0.10234133789236571,0.01047374944159937,0.2819802598078229
-0.5,3,93830520,-0.170590289439579,0.329409710560421,0.329409710560421,0.10851075741150035,0.2685471690314238
-0.5,4,1330799904,-0.40824545925123706,0.09175454074876294,0.09175454074876294,0.008418895748016398,0.28237553222928036
-0.5,5,843296441,-0.460425245429306,0.03957475457069398,0.03957475457069398,0.0015661611993306641,0.28414944262146363
-0.5,6,2098825185,-0.7239386354045226,-0.22393863540452263,0.22393863540452263,0.050148512426839716,0.292615366170287
-0.5,7,1484027295,-0.18448802935223663,0.3155119706477634,0.3155119706477634,0.0995478036220351,0.2697153589453753
-0.5,8,1045482437,-0.18448802935223663,0.3155119706477634,0.3155119706477634,0.0995478036220351,0.2697153589453753
-0.5,9,1561172145,-0.3976586621076343,0.10234133789236571,0.10234133789236571,0.01047374944159937,0.2819802598078229
-0.5,10,1524778862,-0.460425245429306,0.03957475457069398,0.03957475457069398,0.0015661611993306641,0.28414944262146363
-0.5,11,1436734416,-0.170590289439579,0.329409710560421,0.329409710560421,0.10851075741150035,0.2685471690314238
-0.5,12,1741190778,-0.18448802935223663,0.3155119706477634,0.3155119706477634,0.0995478036220351,0.2697153589453753
-0.5,13,1270354116,-0.6311790061607343,-0.1311790061607343,0.1311790061607343,0.017207931657317967,0.28924048368853156
-0.5,14,281438656,-0.18448802935223663,0.3155119706477634,0.3155119706477634,0.0995478036220351,0.2697153589453753
-0.5,15,1887639310,-0.9862921377536111,-0.48629213775361113,0.48629213775361113,0.2364800432409771,0.309105039767698
-0.5,16,1821487902,-0.8829778286810457,-0.3829778286810457,0.3829778286810457,0.14667201726124837,0.30117159472940713
-0.5,17,1154611016,-0.8874107942945079,-0.38741079429450787,0.38741079429450787,0.15008712353590148,0.3014718345697843
-0.5,18,1647611273,-0.460425245429306,0.03957475457069398,0.03957475457069398,0.0015661611993306641,0.28414944262146363
-0.5,19,210071998,-0.460425245429306,0.03957475457069398,0.03957475457069398,0.0015661611993306641,0.28414944262146363
-0.5,20,2027717857,-0.7022190368175867,-0.20221903681758668,0.20221903681758668,0.04089253885143248,0.2917414304072629
-0.5,21,303430469,-0.9862921377536111,-0.48629213775361113,0.48629213775361113,0.2364800432409771,0.309105039767698
-0.5,22,34427375,-0.31553592126238106,0.18446407873761894,0.18446407873761894,0.03402699634451848,0.2783515862028111
-0.5,23,2066480755,-0.9862921377536111,-0.48629213775361113,0.48629213775361113,0.2364800432409771,0.309105039767698
-0.5,24,935774208,-0.7022190368175867,-0.20221903681758668,0.20221903681758668,0.04089253885143248,0.2917414304072629
-0.5,25,1713915082,0.0393317726561907,0.5393317726561907,0.5393317726561907,0.290878760996469,0.24430193579147688
-0.5,26,457581142,-0.6686778159096137,-0.16867781590961373,0.16867781590961373,0.028452205580037537,0.29049965151490137
-0.5,27,14503614,-0.460425245429306,0.03957475457069398,0.03957475457069398,0.0015661611993306641,0.28414944262146363
-0.5,28,1613905920,-0.21114364182943918,0.2888563581705608,0.2888563581705608,0.08343799565555932,0.2718112738553339
-0.5,29,2031114823,0.017356354161684635,0.5173563541616847,0.5173563541616847,0.26765759719147053,0.2474056324311767
-0.5,30,46717611,-0.460425245429306,0.03957475457069398,0.03957475457069398,0.0015661611993306641,0.28414944262146363
-0.5,31,1407509284,-0.1429075586848607,0.3570924413151393,0.3570924413151393,0.1275150116444062,0.2660616526994901
-0.5,32,296717569,-0.5770961585618065,-0.07709615856180652,0.07709615856180652,0.0059438176649872125,0.28759161502573366
-0.5,33,1955680219,0.0393317726561907,0.5393317726561907,0.5393317726561907,0.290878760996469,0.24430193579147688
-0.5,34,1944005061,-0.2944888844671478,0.20551111553285217,0.20551111553285217,0.04223481860755731,0.27722808537495014
-0.5,35,327673061,-0.7239386354045226,-0.22393863540452263,0.22393863540452263,0.050148512426839716,0.292615366170287
-0.5,36,1800267351,-0.18448802935223663,0.3155119706477634,0.3155119706477634,0.0995478036220351,0.2697153589453753
-0.5,37,1264078278,-0.09362227049098334,0.4063777295090166,0.4063777295090166,0.16514285904090348,0.26110016748332165
-0.5,38,421635059,-0.4285852956400459,0.07141470435995412,0.07141470435995412,0.00510005999881965,0.28309852921177664
-0.5,39,1081828386,-0.8142553374928584,-0.3142553374928584,0.3142553374928584,0.09875641714275032,0.29696487488574763
-0.5,40,765401097,-0.49001714398051166,0.00998285601948834,0.00998285601948834,9.965741430583458e-05,0.28505977492848933
-0.5,41,373251946,-0.4449606636951391,0.05503933630486091,0.05503933630486091,0.0030293285408795802,0.283649965896598
-0.5,42,1901455192,-0.4285852956400459,0.07141470435995412,0.07141470435995412,0.00510005999881965,0.28309852921177664
-0.5,43,134969987,-0.9862921377536111,-0.48629213775361113,0.48629213775361113,0.2364800432409771,0.309105039767698
-0.5,44,123325446,-0.40824545925123706,0.09175454074876294,0.09175454074876294,0.008418895748016398,0.28237553222928036
-0.5,45,1427106678,-0.18448802935223663,0.3155119706477634,0.3155119706477634,0.0995478036220351,0.2697153589453753
-0.5,46,513743683,-0.6686778159096137,-0.16867781590961373,0.16867781590961373,0.028452205580037537,0.29049965151490137
-0.5,47,68516015,-0.17191612681710167,0.32808387318289833,0.32808387318289833,0.10763902784269212,0.2686608852768116
-0.5,48,1883051230,-0.610121328165096,-0.11012132816509601,0.11012132816509601,0.012126706916844768,0.2885801063961319
-0.5,49,511435256,-0.18448802935223663,0.3155119706477634,0.3155119706477634,0.0995478036220351,0.2697153589453753
0.0,0,869432543,0.02975108160125497,0.02975108160125497,0.02975108160125497,0.0008851268564445321,0.2456697820991362
0.0,1,1106876751,-0.08159542430531838,-0.08159542430531838,0.08159542430531838,0.006657813267564942,0.2597837510450938
0.0,2,1375043693,-0.18448802935223663,-0.18448802935223663,0.18448802935223663,0.03403583297427172,0.2697153589453753
0.0,3,1293553566,0.0393317726561907,0.0393317726561907,0.0393317726561907,0.0015469883402782704,0.24430193579147688
0.0,4,1418303803,-0.18448802935223663,-0.18448802935223663,0.18448802935223663,0.03403583297427172,0.2697153589453753
0.0,5,607650966,-0.19938887937663197,-0.19938887937663197,0.19938887937663197,0.039755925219069094,0.27091010593797593
0.0,6,2003823923,-0.18448802935223663,-0.18448802935223663,0.18448802935223663,0.03403583297427172,0.2697153589453753
0.0,7,1810607893,0.44416202868731913,0.44416202868731913,0.44416202868731913,0.1972799077276349,0.18220240428415996
0.0,8,1647673458,0.02814315683604548,0.02814315683604548,0.02814315683604548,0.0007920372766982534,0.24589713976105645
0.0,9,1921365589,-0.18448802935223663,-0.18448802935223663,0.18448802935223663,0.03403583297427172,0.2697153589453753
0.0,10,1340373359,-0.3577132250797675,-0.3577132250797675,0.3577132250797675,0.1279587513969684,0.280351452294098
0.0,11,1553041334,0.061558570688705384,0.061558570688705384,0.061558570688705384,0.0037894576252363375,0.24104482334608204
0.0,12,778224083,0.04015876293871001,0.04015876293871001,0.04015876293871001,0.0016127262407675089,0.24418282171901234
0.0,13,1989732537,0.0393317726561907,0.0393317726561907,0.0393317726561907,0.0015469883402782704,0.24430193579147688
0.0,14,114512588,-0.1523505034194113,-0.1523505034194113,0.1523505034194113,0.023210675892148057,0.26693350206576527
0.0,15,126695596,-0.18448802935223663,-0.18448802935223663,0.18448802935223663,0.03403583297427172,0.2697153589453753
0.0,16,1891680326,-0.40824545925123706,-0.40824545925123706,0.40824545925123706,0.16666435499925347,0.28237553222928036
0.0,17,107690856,0.3664244019248073,0.3664244019248073,0.3664244019248073,0.13426684232595273,0.19210781557385578
0.0,18,859108878,0.0393317726561907,0.0393317726561907,0.0393317726561907,0.0015469883402782704,0.24430193579147688
0.0,19,266030536,0.0393317726561907,0.0393317726561907,0.0393317726561907,0.0015469883402782704,0.24430193579147688
0.0,20,1822260699,0.0393317726561907,0.0393317726561907,0.0393317726561907,0.0015469883402782704,0.24430193579147688
0.0,21,262165751,-0.3245704248464002,-0.3245704248464002,0.3245704248464002,0.10534596068497272,0.2788070820354885
0.0,22,678780972,0.02975108160125497,0.02975108160125497,0.02975108160125497,0.0008851268564445321,0.2456697820991362
0.0,23,1140636257,-0.19938887937663197,-0.19938887937663197,0.19938887937663197,0.039755925219069094,0.27091010593797593
0.0,24,1793114903,0.02975108160125497,0.02975108160125497,0.02975108160125497,0.0008851268564445321,0.2456697820991362
0.0,25,1960949012,0.0393317726561907,0.0393317726561907,0.0393317726561907,0.0015469883402782704,0.24430193579147688
0.0,26,873744313,-0.18448802935223663,-0.18448802935223663,0.18448802935223663,0.03403583297427172,0.2697153589453753
0.0,27,391845478,0.37799443055186815,0.37799443055186815,0.37799443055186815,0.14287978952823108,0.19048227038227766
0.0,28,355230752,0.0393317726561907,0.0393317726561907,0.0393317726561907,0.0015469883402782704,0.24430193579147688
0.0,29,2129227266,0.0393317726561907,0.0393317726561907,0.0393317726561907,0.0015469883402782704,0.24430193579147688
0.0,30,1761146132,-0.18448802935223663,-0.18448802935223663,0.18448802935223663,0.03403583297427172,0.2697153589453753
0.0,31,1889581361,-0.460425245429306,-0.460425245429306,0.460425245429306,0.2119914066286367,0.28414944262146363
0.0,32,1547613200,-0.18448802935223663,-0.18448802935223663,0.18448802935223663,0.03403583297427172,0.2697153589453753
0.0,33,693541942,-0.09362227049098334,-0.09362227049098334,0.09362227049098334,0.00876512953188685,0.26110016748332165
0.0,34,57787795,0.0393317726561907,0.0393317726561907,0.0393317726561907,0.0015469883402782704,0.24430193579147688
0.0,35,410847349,-0.17191612681710167,-0.17191612681710167,0.17191612681710167,0.029555154659793782,0.2686608852768116
0.0,36,2018854243,-0.19938887937663197,-0.19938887937663197,0.19938887937663197,0.039755925219069094,0.27091010593797593
0.0,37,1067012542,0.061558570688705384,0.061558570688705384,0.061558570688705384,0.0037894576252363375,0.24104482334608204
0.0,38,644925586,-0.3417263852926452,-0.3417263852926452,0.3417263852926452,0.1167769224051774,0.2796304183220585
0.0,39,675180284,-0.6052968280935398,-0.6052968280935398,0.6052968280935398,0.3663842501001003,0.2884325647669861
0.0,40,80074505,-0.19938887937663197,-0.19938887937663197,0.19938887937663197,0.039755925219069094,0.27091010593797593
0.0,41,65078758,0.2099294275515383,0.2099294275515383,0.2099294275515383,0.04407036455211656,0.2171241336243687
0.0,42,1007440572,0.0393317726561907,0.0393317726561907,0.0393317726561907,0.0015469883402782704,0.24430193579147688
0.0,43,198907504,-0.3207777311615583,-0.3207777311615583,0.3207777311615583,0.10289835280915696,0.2786177586620768
0.0,44,192805026,-0.19938887937663197,-0.19938887937663197,0.19938887937663197,0.039755925219069094,0.27091010593797593
0.0,45,1264911566,0.0393317726561907,0.0393317726561907,0.0393317726561907,0.0015469883402782704,0.24430193579147688
0.0,46,729955975,0.0393317726561907,0.0393317726561907,0.0393317726561907,0.0015469883402782704,0.24430193579147688
0.0,47,1361587056,0.23476071652462172,0.23476071652462172,0.23476071652462172,0.05511259402315379,0.2129540051133059
0.0,48,1913040801,0.10404446668748006,0.10404446668748006,0.10404446668748006,0.010825251048282148,0.2345234445860409
0.0,49,2075208977,0.02975108160125497,0.02975108160125497,0.02975108160125497,0.0008851268564445321,0.2456697820991362
0.5,0,1458771996,0.4868392326699641,-0.013160767330035905,0.013160767330035905,0.0001732057967153404,0.17792161679527796
0.5,1,31953878,0.5757496028252513,0.07574960282525134,0.07574960282525134,0.005738002328183326,0.17192530559596064
0.5,2,1040586903,0.2099294275515383,-0.2900705724484617,0.2900705724484617,0.08414093700057826,0.2171241336243687
0.5,3,1574449076,0.5901531724526409,0.09015317245264087,0.09015317245264087,0.008127594503275605,0.17131252963845447
0.5,4,1696310362,0.0393317726561907,-0.4606682273438093,0.4606682273438093,0.21221521568408758,0.24430193579147688
0.5,5,1359062632,0.22562055983497448,-0.2743794401650255,0.2743794401650255,0.07528407718527282,0.21448755686960252
0.5,6,1978017377,0.0393317726561907,-0.4606682273438093,0.4606682273438093,0.21221521568408758,0.24430193579147688
0.5,7,1077360163,0.7363759623435029,0.2363759623435029,0.2363759623435029,0.055873595573817096,0.16915246699191624
0.5,8,2041382187,0.219021674196611,-0.280978325803389,0.280978325803389,0.07894881957127542,0.21559608826746043
0.5,9,259709270,0.4315349859264657,-0.06846501407353428,0.06846501407353428,0.004687458152089247,0.1836363338989991
0.5,10,878580870,0.4868392326699641,-0.013160767330035905,0.013160767330035905,0.0001732057967153404,0.17792161679527796
0.5,11,1842412949,0.36565852211713956,-0.13434147788286044,0.13434147788286044,0.01804763267975108,0.1922170517216096
0.5,12,14958544,0.36565852211713956,-0.13434147788286044,0.13434147788286044,0.01804763267975108,0.1922170517216096
0.5,13,1508415867,0.5649716762918806,0.06497167629188061,0.06497167629188061,0.004221318720176921,0.1724458681043629
0.5,14,2100871353,0.21823436656549486,-0.2817656334345051,0.2817656334345051,0.0793918721847479,0.21572838939663042
0.5,15,1221089327,0.507153805132918,0.0071538051329179675,0.0071538051329179675,5.117692787976346e-05,0.17620274764515076
0.5,16,470360820,0.4200891080198909,-0.07991089198010909,0.07991089198010909,0.006385750657056663,0.18499868495136781
0.5,17,2106894512,0.8995374718714975,0.39953747187149746,0.39953747187149746,0.15963019142946763,0.16856763458127813
0.5,18,1338828027,0.2099294275515383,-0.2900705724484617,0.2900705724484617,0.08414093700057826,0.2171241336243687
0.5,19,194030947,0.7612454027548774,0.2612454027548774,0.2612454027548774,0.06824916046055811,0.16919978851157372
0.5,20,261510441,0.3006796806908217,-0.19932031930917832,0.19932031930917832,0.0397285896895128,0.20210377992538844
0.5,21,1561391918,0.24275086628486375,-0.25724913371513625,0.25724913371513625,0.06617711679718805,0.21161632439839043
0.5,22,1919465069,0.5395434527832457,0.03954345278324567,0.03954345278324567,0.0015636846580207797,0.17389384073194106
0.5,23,1049332883,0.7270389566482527,0.2270389566482527,0.2270389566482527,0.05154668783592716,0.16914635222172716
0.5,24,705592770,0.4200891080198909,-0.07991089198010909,0.07991089198010909,0.006385750657056663,0.18499868495136781
0.5,25,602367320,0.22562055983497448,-0.2743794401650255,0.2743794401650255,0.07528407718527282,0.21448755686960252
0.5,26,229554977,0.5842722715702025,0.08427227157020245,0.08427227157020245,0.007101815755601953,0.17155149440874312
0.5,27,1901232270,0.38993428460534785,-0.11006571539465215,0.11006571539465215,0.012114461705336569,0.1888555858162292
0.5,28,1428572311,0.36565852211713956,-0.13434147788286044,0.13434147788286044,0.01804763267975108,0.1922170517216096
0.5,29,1734583050,0.21823436656549486,-0.2817656334345051,0.2817656334345051,0.0793918721847479,0.21572838939663042
0.5,30,1836156244,-0.1429075586848607,-0.6429075586848607,0.6429075586848607,0.41333012901412763,0.2660616526994901
0.5,31,943709897,0.22562055983497448,-0.2743794401650255,0.2743794401650255,0.07528407718527282,0.21448755686960252
0.5,32,540462766,0.36565852211713956,-0.13434147788286044,0.13434147788286044,0.01804763267975108,0.1922170517216096
0.5,33,1377928847,0.644456040451826,0.14445604045182603,0.14445604045182603,0.020867547623019598,0.16977327098784503
0.5,34,544076532,0.692273074678407,0.19227307467840704,0.19227307467840704,0.03696893524628829,0.16922819239104178
0.5,35,1355146063,0.0393317726561907,-0.4606682273438093,0.4606682273438093,0.21221521568408758,0.24430193579147688
0.5,36,292963307,0.644456040451826,0.14445604045182603,0.14445604045182603,0.020867547623019598,0.16977327098784503
0.5,37,18117726,0.5842722715702025,0.08427227157020245,0.08427227157020245,0.007101815755601953,0.17155149440874312
0.5,38,729974755,0.486182444666602,-0.013817555333398013,0.013817555333398013,0.00019092483539151587,0.17798066892484155
0.5,39,476007676,0.1340546666521172,-0.3659453333478828,0.3659453333478828,0.13391598699909307,0.2297200893384908
0.5,40,1778217761,0.6058987460985997,0.10589874609859973,0.10589874609859973,0.011214544425255692,0.17074629702838948
0.5,41,465773705,0.691051989025584,0.19105198902558396,0.19105198902558396,0.03650086251063185,0.16923497427249096
0.5,42,1289230020,0.868453387528119,0.36845338752811896,0.36845338752811896,0.1357578987809462,0.16902464433040507
0.5,43,473024134,0.5842722715702025,0.08427227157020245,0.08427227157020245,0.007101815755601953,0.17155149440874312
0.5,44,1773431918,0.38021216251974255,-0.11978783748025745,0.11978783748025745,0.014349126008196572,0.19017612431962078
0.5,45,1591580046,0.7363759623435029,0.2363759623435029,0.2363759623435029,0.055873595573817096,0.16915246699191624
0.5,46,2046330483,0.5336572865001082,0.03365728650010824,0.03365728650010824,0.0011328129345503685,0.1742742478521459
0.5,47,2021971837,0.9684579851767332,0.4684579851767332,0.4684579851767332,0.21945288387584438,0.1664028886418738
0.5,48,372484664,0.21823436656549486,-0.2817656334345051,0.2817656334345051,0.0793918721847479,0.21572838939663042
0.5,49,572169743,0.5842722715702025,0.08427227157020245,0.08427227157020245,0.007101815755601953,0.17155149440874312
1.0,0,1840186104,0.8435964845571431,-0.1564035154428569,0.1564035154428569,0.02446205964288398,0.1692140936872008
1.0,1,1604757209,0.8435964845571431,-0.1564035154428569,0.1564035154428569,0.02446205964288398,0.1692140936872008
1.0,2,1823091048,0.7720519244527544,-0.2279480755472456,0.2279480755472456,0.05196032514569279,0.16922644489821478
1.0,3,4447602,0.9454207022751917,-0.054579297724808296,0.054579297724808296,0.002978899740133264,0.16732642508922563
1.0,4,1560604992,0.7332390116666356,-0.26676098833336437,0.26676098833336437,0.07116142489659336,0.1691494519887351
1.0,5,1738079462,1.276997140449525,0.27699714044952506,0.27699714044952506,0.07672741581721391,0.1315893502195134
1.0,6,255313167,1.1153159313754917,0.11531593137549168,0.11531593137549168,0.013297764028997105,0.15483261110504587
1.0,7,1732608902,1.1038634943269692,0.10386349432696917,0.10386349432696917,0.010787625453808358,0.1561059588444417
1.0,8,1681688251,0.9684579851767332,-0.031542014823266795,0.031542014823266795,0.0009948986991111823,0.1664028886418738
1.0,9,117108009,1.225141174779734,0.22514117477973405,0.22514117477973405,0.050688548581198756,0.13984479215978568
1.0,10,1989666931,0.7486063849892218,-0.25139361501077817,0.25139361501077817,0.06319874966818735,0.1691716351725195
1.0,11,212464048,0.8435964845571431,-0.1564035154428569,0.1564035154428569,0.02446205964288398,0.1692140936872008
1.0,12,1195405132,0.8899535385298457,-0.11004646147015429,0.11004646147015429,0.012110223682102152,0.16873798288509265
1.0,13,1188045009,0.9892047307280937,-0.010795269271906327,0.010795269271906327,0.00011653783865296496,0.16537989358701977
1.0,14,1842817256,0.8995374718714975,-0.10046252812850254,0.10046252812850254,0.010092719557970163,0.16856763458127813
1.0,15,1638337935,1.0201147322890216,0.02011473228902161,0.02011473228902161,0.0004046024550590085,0.163497399620215
1.0,16,977880691,1.062647012147244,0.062647012147244,0.062647012147244,0.003924648130976937,0.16016848373804768
1.0,17,1569662877,1.0218043388640714,0.021804338864071404,0.021804338864071404,0.00047542919329925467,0.16338169872266817
1.0,18,351957777,0.8188621843349353,-0.1811378156650647,0.1811378156650647,0.03281090826391096,0.16928434999081196
1.0,19,1465595406,1.2637327667695089,0.26373276676950885,0.26373276676950885,0.06955497226790015,0.13373198561033137
1.0,20,1461157954,0.9892047307280937,-0.010795269271906327,0.010795269271906327,0.00011653783865296496,0.16537989358701977
1.0,21,1637652364,0.9892047307280937,-0.010795269271906327,0.010795269271906327,0.00011653783865296496,0.16537989358701977
1.0,22,1804477955,0.9684579851767332,-0.031542014823266795,0.031542014823266795,0.0009948986991111823,0.1664028886418738
1.0,23,1287228596,0.9684579851767332,-0.031542014823266795,0.031542014823266795,0.0009948986991111823,0.1664028886418738
1.0,24,1424185907,1.1126825042190283,0.11268250421902826,0.11268250421902826,0.01269734675707132,0.15513086519687727
1.0,25,505683807,1.0073844510025087,0.0073844510025087295,0.0073844510025087295,5.453011660845218e-05,0.16432605369849862
1.0,26,1350194228,1.2274796956542033,0.22747969565420334,0.22747969565420334,0.05174701193492898,0.13948215115338197
1.0,27,60261164,1.1038634943269692,0.10386349432696917,0.10386349432696917,0.010787625453808358,0.1561059588444417
1.0,28,189697292,0.7270389566482527,-0.2729610433517473,0.2729610433517473,0.07450773118767448,0.16914635222172716
1.0,29,1957808954,0.9684579851767332,-0.031542014823266795,0.031542014823266795,0.0009948986991111823,0.1664028886418738
1.0,30,496849934,0.9684579851767332,-0.031542014823266795,0.031542014823266795,0.0009948986991111823,0.1664028886418738
1.0,31,889231316,0.8977398126348373,-0.10226018736516274,0.10226018736516274,0.010457145919958189,0.1686017235689261
1.0,32,983919728,0.7363759623435029,-0.2636240376564971,0.2636240376564971,0.0694976332303142,0.16915246699191624
1.0,33,1553627281,0.940928671201168,-0.059071328798832035,0.059071328798832035,0.003489421886059723,0.16748178671021458
1.0,34,1185049350,0.9485261987451544,-0.051473801254845575,0.051473801254845575,0.002649552215623342,0.16721441451294997
1.0,35,571125151,0.7886442972409389,-0.21135570275906113,0.21135570275906113,0.0446712330887766,0.16926376080504024
1.0,36,586744004,1.1038634943269692,0.10386349432696917,0.10386349432696917,0.010787625453808358,0.1561059588444417
1.0,37,2105327635,0.9684579851767332,-0.031542014823266795,0.031542014823266795,0.0009948986991111823,0.1664028886418738
1.0,38,431188691,0.6262279203677422,-0.3737720796322578,0.3737720796322578,0.13970556751262286,0.17016453596556266
1.0,39,382445367,1.040088034021181,0.04008803402118111,0.04008803402118111,0.0016070504716833738,0.16204272136735545
1.0,40,900059054,1.1166786467151244,0.1166786467151244,0.1166786467151244,0.01361390659927281,0.15467700462996561
1.0,41,100756536,0.8435964845571431,-0.1564035154428569,0.1564035154428569,0.02446205964288398,0.1692140936872008
1.0,42,1448840225,1.1153159313754917,0.11531593137549168,0.11531593137549168,0.013297764028997105,0.15483261110504587
1.0,43,1061105618,0.7828307961565072,-0.2171692038434928,0.2171692038434928,0.047162463098016534,0.16925179174997623
1.0,44,583682344,1.1038634943269692,0.10386349432696917,0.10386349432696917,0.010787625453808358,0.1561059588444417
1.0,45,795705220,0.5920469391300058,-0.40795306086999417,0.40795306086999417,0.16642569987319716,0.17123881556811746
1.0,46,1389472690,0.7517442227413695,-0.24825577725863046,0.24825577725863046,0.06163093094228674,0.169178043778546
1.0,47,1407834994,0.8188621843349353,-0.1811378156650647,0.1811378156650647,0.03281090826391096,0.16928434999081196
1.0,48,1665823327,1.0225307162228756,0.022530716222875613,0.022530716222875613,0.0005076331735157503,0.16333154292642804
1.0,49,99059,1.0499503394545917,0.04995033945459171,0.04995033945459171,0.002495036411628941,0.1612537286579547
1.5,0,1377508832,1.558648631078059,0.058648631078058955,0.058648631078058955,0.0034396619273302626,0.09517728079520238
1.5,1,307121783,1.565124166185793,0.06512416618579309,0.06512416618579309,0.004241157021394795,0.09461044152363497
1.5,2,746541255,1.558648631078059,0.058648631078058955,0.058648631078058955,0.0034396619273302626,0.09517728079520238
1.5,3,1844636655,1.3256713230988995,-0.17432867690110054,0.17432867690110054,0.030390487590088305,0.12374286436224718
1.5,4,1323031790,1.3976912278542897,-0.10230877214571032,0.10230877214571032,0.010467084857962872,0.11287876726021295
1.5,5,1466323243,1.423859135784246,-0.07614086421575395,0.07614086421575395,0.0057974312035218795,0.10935288232443119
1.5,6,890281438,1.6148005887960786,0.11480058879607857,0.11480058879607857,0.013179175187926322,0.09096646414935686
1.5,7,713036095,1.4581297610390813,-0.04187023896091868,0.04187023896091868,0.0017531169106444328,0.10519065207887972
1.5,8,214852147,1.3468622082888047,-0.15313779171119535,0.15313779171119535,0.02345118325018145,0.12041193232708747
1.5,9,53292381,1.5102451323590822,0.010245132359082199,0.010245132359082199,0.00010496273705511318,0.09973815747952348
1.5,10,1794379630,1.4494614573108917,-0.05053854268910829,0.05053854268910829,0.002554144297138821,0.10619315855901407
1.5,11,90630072,1.397012309284781,-0.10298769071521896,0.10298769071521896,0.010606464438853597,0.11297388776209782
1.5,12,322055594,1.3183480633822637,-0.18165193661773626,0.18165193661773626,0.032997426076974076,0.12491116581345083
1.5,13,836622075,1.6025967771349205,0.10259677713492055,0.10259677713492055,0.010526098678472555,0.0917425315746938
1.5,14,908167571,1.46430316050987,-0.03569683949013003,0.03569683949013003,0.0012742643495841067,0.10449654579130488
1.5,15,2025101373,1.3984155821422068,-0.10158441785779315,0.10158441785779315,0.010319393951506724,0.1127774718501276
1.5,16,1833027420,1.565124166185793,0.06512416618579309,0.06512416618579309,0.004241157021394795,0.09461044152363497
1.5,17,1972704397,1.5173850435489316,0.017385043548931556,0.017385043548931556,0.0003022397391982467,0.09904189232863292
1.5,18,1121801937,1.6140650901740718,0.11406509017407185,0.11406509017407185,0.013010844796419141,0.09101164986776361
1.5,19,675871015,1.6196470347599339,0.11964703475993388,0.11964703475993388,0.014315412926844826,0.09067232260480915
1.5,20,1519072991,1.4559991651467272,-0.044000834853272774,0.044000834853272774,0.001936073467784984,0.10543398742073967
1.5,21,799338422,1.565124166185793,0.06512416618579309,0.06512416618579309,0.004241157021394795,0.09461044152363497
1.5,22,993045637,1.484815296851799,-0.015184703148201084,0.015184703148201084,0.00023057520969898792,0.10229631107564796
1.5,23,572840710,1.3166257894112712,-0.18337421058872883,0.18337421058872883,0.033626101109039463,0.12518693665624153
1.5,24,685706607,1.764000083262435,0.26400008326243496,0.26400008326243496,0.06969604396257259,0.08461014068640484
1.5,25,304671996,1.3175165055159923,-0.1824834944840077,0.1824834944840077,0.033300225759094866,0.12504427052237413
1.5,26,1910597307,1.397012309284781,-0.10298769071521896,0.10298769071521896,0.010606464438853597,0.11297388776209782
1.5,27,1270276352,1.3166257894112712,-0.18337421058872883,0.18337421058872883,0.033626101109039463,0.12518693665624153
1.5,28,1043732192,1.4437696738710932,-0.05623032612890677,0.05623032612890677,0.0031618495765632156,0.10686976755931532
1.5,29,994455899,1.5173850435489316,0.017385043548931556,0.017385043548931556,0.0003022397391982467,0.09904189232863292
1.5,30,1053100955,1.3969656468208278,-0.1030343531791722,0.1030343531791722,0.010616077935050393,0.11298043178319633
1.5,31,1793858218,1.3969656468208278,-0.1030343531791722,0.1030343531791722,0.010616077935050393,0.11298043178319633
1.5,32,1639729849,1.3968813831877902,-0.1031186168122098,0.1031186168122098,0.010633449133263357,0.11299225111393235
1.5,33,1063936303,1.4581297610390813,-0.04187023896091868,0.04187023896091868,0.0017531169106444328,0.10519065207887972
1.5,34,494906599,1.267478014030199,-0.2325219859698009,0.2325219859698009,0.054066473959340285,0.13312817965197224
1.5,35,38041648,1.4581297610390813,-0.04187023896091868,0.04187023896091868,0.0017531169106444328,0.10519065207887972
1.5,36,997323653,1.5120509843331231,0.012050984333123127,0.012050984333123127,0.00014522622339717905,0.09956134285666059
1.5,37,940371725,1.3976912278542897,-0.10230877214571032,0.10230877214571032,0.010467084857962872,0.11287876726021295
1.5,38,1674425178,1.608083975999805,0.1080839759998049,0.1080839759998049,0.011682145867926402,0.09138601870088049
1.5,39,287845299,1.397012309284781,-0.10298769071521896,0.10298769071521896,0.010606464438853597,0.11297388776209782
1.5,40,390079026,1.3060483618215426,-0.1939516381784574,0.1939516381784574,0.03761723795210725,0.12688750740794383
1.5,41,713825646,1.3976912278542897,-0.10230877214571032,0.10230877214571032,0.010467084857962872,0.11287876726021295
1.5,42,1402421753,1.4014107962848483,-0.09858920371515167,0.09858920371515167,0.009719831089187676,0.11236073080836403
1.5,43,1076539350,1.596645124542898,0.09664512454289809,0.09664512454289809,0.009340280097912282,0.09214609467818236
1.5,44,136251460,1.6035519168422774,0.10355191684227738,0.10355191684227738,0.01072299948170993,0.09167946024871916
1.5,45,1166875421,1.6827255160399763,0.18272551603997633,0.18272551603997633,0.033388614212075646,0.08643694945561164
1.5,46,685383181,1.6025967771349205,0.10259677713492055,0.10259677713492055,0.010526098678472555,0.0917425315746938
1.5,47,1492176651,1.5591638295464647,0.05916382954646471,0.05916382954646471,0.0035003587266031304,0.09513159826287379
1.5,48,1004008683,1.458758941896112,-0.041241058103888006,0.041241058103888006,0.0017008248735282665,0.10511916954165085
1.5,49,2070594596,1.4063919918759018,-0.0936080081240982,0.0936080081240982,0.008762459184961234,0.11167538742018399
2.0,0,259074730,2.037786370914671,0.037786370914671075,0.037786370914671075,0.0014278098269011,0.1337964314817908
2.0,1,805095113,2.437364644989217,0.4373646449892168,0.4373646449892168,0.19128783268654365,0.34809003058220045
2.0,2,809384318,1.8980328145645309,-0.10196718543546912,0.10196718543546912,0.010397306905631346,0.09691607027870942
2.0,3,1622097048,1.8980328145645309,-0.10196718543546912,0.10196718543546912,0.010397306905631346,0.09691607027870942
2.0,4,1578403741,2.037786370914671,0.037786370914671075,0.037786370914671075,0.0014278098269011,0.1337964314817908
2.0,5,1134901596,2.437364644989217,0.4373646449892168,0.4373646449892168,0.19128783268654365,0.34809003058220045
2.0,6,474870950,2.037786370914671,0.037786370914671075,0.037786370914671075,0.0014278098269011,0.1337964314817908
2.0,7,1856781924,2.037786370914671,0.037786370914671075,0.037786370914671075,0.0014278098269011,0.1337964314817908
2.0,8,845115632,1.8980328145645309,-0.10196718543546912,0.10196718543546912,0.010397306905631346,0.09691607027870942
2.0,9,1204414048,1.8980328145645309,-0.10196718543546912,0.10196718543546912,0.010397306905631346,0.09691607027870942
2.0,10,579533593,2.437364644989217,0.4373646449892168,0.4373646449892168,0.19128783268654365,0.34809003058220045
2.0,11,820633928,2.037786370914671,0.037786370914671075,0.037786370914671075,0.0014278098269011,0.1337964314817908
2.0,12,511614696,1.9996597602706192,-0.00034023972938079794,0.00034023972938079794,1.1576307344911862e-07,0.1214627002818176
2.0,13,1073659980,2.0074557564957236,0.007455756495723609,0.007455756495723609,5.558830492352479e-05,0.12383257944480311
2.0,14,108031512,2.037786370914671,0.037786370914671075,0.037786370914671075,0.0014278098269011,0.1337964314817908
2.0,15,1137603409,2.037786370914671,0.037786370914671075,0.037786370914671075,0.0014278098269011,0.1337964314817908
2.0,16,1393984293,2.437364644989217,0.4373646449892168,0.4373646449892168,0.19128783268654365,0.34809003058220045
2.0,17,2116607041,1.8486019559703837,-0.15139804402961632,0.15139804402961632,0.022921367735993643,0.09044366013679626
2.0,18,970231851,2.037786370914671,0.037786370914671075,0.037786370914671075,0.0014278098269011,0.1337964314817908
2.0,19,131600749,2.037786370914671,0.037786370914671075,0.037786370914671075,0.0014278098269011,0.1337964314817908
2.0,20,2127997222,1.95537999556298,-0.04462000443701997,0.04462000443701997,0.0019909447959596815,0.10932914759570021
2.0,21,96307973,2.0128411946790075,0.012841194679007462,0.012841194679007462,0.00016489628078416956,0.12551395733732496
2.0,22,1481427059,1.908269500546736,-0.09173049945326395,0.09173049945326395,0.008414484529945258,0.09880657932992445
2.0,23,417309311,1.9713043321058665,-0.02869566789413347,0.02869566789413347,0.0008234413558904024,0.11344529758555547
2.0,24,1083407830,2.0074557564957236,0.007455756495723609,0.007455756495723609,5.558830492352479e-05,0.12383257944480311
2.0,25,8394091,2.037786370914671,0.037786370914671075,0.037786370914671075,0.0014278098269011,0.1337964314817908
2.0,26,528923791,2.437364644989217,0.4373646449892168,0.4373646449892168,0.19128783268654365,0.34809003058220045
2.0,27,227227768,1.942976606544022,-0.057023393455978066,0.057023393455978066,0.003251667401235282,0.10630853933824821
2.0,28,385063931,2.037786370914671,0.037786370914671075,0.037786370914671075,0.0014278098269011,0.1337964314817908
2.0,29,847048584,2.437364644989217,0.4373646449892168,0.4373646449892168,0.19128783268654365,0.34809003058220045
2.0,30,773285777,2.437364644989217,0.4373646449892168,0.4373646449892168,0.19128783268654365,0.34809003058220045
2.0,31,439870944,1.8980328145645309,-0.10196718543546912,0.10196718543546912,0.010397306905631346,0.09691607027870942
2.0,32,944535786,1.8980328145645309,-0.10196718543546912,0.10196718543546912,0.010397306905631346,0.09691607027870942
2.0,33,1035012748,2.1172770207907443,0.11727702079074431,0.11727702079074431,0.013753899605552674,0.16595908935075893
2.0,34,1570789442,2.437364644989217,0.4373646449892168,0.4373646449892168,0.19128783268654365,0.34809003058220045
2.0,35,1815482985,1.9533571508401562,-0.04664284915984385,0.04664284915984385,0.002175555377747946,0.10882539695736604
2.0,36,1087510213,2.037786370914671,0.037786370914671075,0.037786370914671075,0.0014278098269011,0.1337964314817908
2.0,37,1371100056,2.437364644989217,0.4373646449892168,0.4373646449892168,0.19128783268654365,0.34809003058220045
2.0,38,29163153,1.8767354931749922,-0.12326450682500778,0.12326450682500778,0.01519413864281239,0.09357338197839074
2.0,39,1648048100,2.037786370914671,0.037786370914671075,0.037786370914671075,0.0014278098269011,0.1337964314817908
2.0,40,997647499,1.8980328145645309,-0.10196718543546912,0.10196718543546912,0.010397306905631346,0.09691607027870942
2.0,41,1783587939,2.437364644989217,0.4373646449892168,0.4373646449892168,0.19128783268654365,0.34809003058220045
2.0,42,927360577,1.8489667218420678,-0.15103327815793222,0.15103327815793222,0.022811051111131325,0.09047592693001939
2.0,43,272600484,2.1172770207907443,0.11727702079074431,0.11727702079074431,0.013753899605552674,0.16595908935075893
2.0,44,873696710,2.437364644989217,0.4373646449892168,0.4373646449892168,0.19128783268654365,0.34809003058220045
2.0,45,95063048,2.437364644989217,0.4373646449892168,0.4373646449892168,0.19128783268654365,0.34809003058220045
2.0,46,214094658,1.8980328145645309,-0.10196718543546912,0.10196718543546912,0.010397306905631346,0.09691607027870942
2.0,47,962495993,1.8932059865152755,-0.1067940134847245,0.1067940134847245,0.01140496131617552,0.09608568070822575
2.0,48,1889141736,2.037786370914671,0.037786370914671075,0.037786370914671075,0.0014278098269011,0.1337964314817908
2.0,49,1001920425,2.037786370914671,0.037786370914671075,0.037786370914671075,0.0014278098269011,0.1337964314817908
2.5,0,1290098455,2.1172770207907443,-0.3827229792092557,0.3827229792092557,0.14647687881480836,0.16595908935075893
2.5,1,2062158724,2.437364644989217,-0.06263535501078321,0.06263535501078321,0.003923187697326845,0.34809003058220045
2.5,2,574854953,2.037786370914671,-0.4622136290853289,0.4622136290853289,0.21364143891223003,0.1337964314817908
2.5,3,553633691,2.437364644989217,-0.06263535501078321,0.06263535501078321,0.003923187697326845,0.34809003058220045
2.5,4,1361395041,2.437364644989217,-0.06263535501078321,0.06263535501078321,0.003923187697326845,0.34809003058220045
2.5,5,953720578,2.437364644989217,-0.06263535501078321,0.06263535501078321,0.003923187697326845,0.34809003058220045
2.5,6,517519739,2.437364644989217,-0.06263535501078321,0.06263535501078321,0.003923187697326845,0.34809003058220045
2.5,7,1200461352,2.437364644989217,-0.06263535501078321,0.06263535501078321,0.003923187697326845,0.34809003058220045
2.5,8,1989895755,2.437364644989217,-0.06263535501078321,0.06263535501078321,0.003923187697326845,0.34809003058220045
2.5,9,1825337101,2.1172770207907443,-0.3827229792092557,0.3827229792092557,0.14647687881480836,0.16595908935075893
2.5,10,1742492591,2.437364644989217,-0.06263535501078321,0.06263535501078321,0.003923187697326845,0.34809003058220045
2.5,11,269141832,2.437364644989217,-0.06263535501078321,0.06263535501078321,0.003923187697326845,0.34809003058220045
2.5,12,1824495072,2.437364644989217,-0.06263535501078321,0.06263535501078321,0.003923187697326845,0.34809003058220045
2.5,13,1993941525,2.437364644989217,-0.06263535501078321,0.06263535501078321,0.003923187697326845,0.34809003058220045
2.5,14,1859118186,2.437364644989217,-0.06263535501078321,0.06263535501078321,0.003923187697326845,0.34809003058220045
2.5,15,1244915675,2.437364644989217,-0.06263535501078321,0.06263535501078321,0.003923187697326845,0.34809003058220045
2.5,16,1137881020,2.437364644989217,-0.06263535501078321,0.06263535501078321,0.003923187697326845,0.34809003058220045
2.5,17,993282935,2.437364644989217,-0.06263535501078321,0.06263535501078321,0.003923187697326845,0.34809003058220045
2.5,18,1371501571,2.437364644989217,-0.06263535501078321,0.06263535501078321,0.003923187697326845,0.34809003058220045
2.5,19,952180797,2.437364644989217,-0.06263535501078321,0.06263535501078321,0.003923187697326845,0.34809003058220045
2.5,20,2025237161,2.437364644989217,-0.06263535501078321,0.06263535501078321,0.003923187697326845,0.34809003058220045
2.5,21,107140206,2.437364644989217,-0.06263535501078321,0.06263535501078321,0.003923187697326845,0.34809003058220045
2.5,22,693022227,2.437364644989217,-0.06263535501078321,0.06263535501078321,0.003923187697326845,0.34809003058220045
2.5,23,590614041,2.437364644989217,-0.06263535501078321,0.06263535501078321,0.003923187697326845,0.34809003058220045
2.5,24,2068333150,2.437364644989217,-0.06263535501078321,0.06263535501078321,0.003923187697326845,0.34809003058220045
2.5,25,1331287788,2.437364644989217,-0.06263535501078321,0.06263535501078321,0.003923187697326845,0.34809003058220045
2.5,26,842440274,2.437364644989217,-0.06263535501078321,0.06263535501078321,0.003923187697326845,0.34809003058220045
2.5,27,1973563622,2.437364644989217,-0.06263535501078321,0.06263535501078321,0.003923187697326845,0.34809003058220045
2.5,28,112277017,2.437364644989217,-0.06263535501078321,0.06263535501078321,0.003923187697326845,0.34809003058220045
2.5,29,1977150542,2.437364644989217,-0.06263535501078321,0.06263535501078321,0.003923187697326845,0.34809003058220045
2.5,30,2008905374,2.437364644989217,-0.06263535501078321,0.06263535501078321,0.003923187697326845,0.34809003058220045
2.5,31,549892314,2.437364644989217,-0.06263535501078321,0.06263535501078321,0.003923187697326845,0.34809003058220045
2.5,32,1220375346,2.437364644989217,-0.06263535501078321,0.06263535501078321,0.003923187697326845,0.34809003058220045
2.5,33,1151365474,2.437364644989217,-0.06263535501078321,0.06263535501078321,0.003923187697326845,0.34809003058220045
2.5,34,784103254,2.437364644989217,-0.06263535501078321,0.06263535501078321,0.003923187697326845,0.34809003058220045
2.5,35,656967105,2.437364644989217,-0.06263535501078321,0.06263535501078321,0.003923187697326845,0.34809003058220045
2.5,36,1699569927,2.437364644989217,-0.06263535501078321,0.06263535501078321,0.003923187697326845,0.34809003058220045
2.5,37,789955504,2.437364644989217,-0.06263535501078321,0.06263535501078321,0.003923187697326845,0.34809003058220045
2.5,38,27727007,2.437364644989217,-0.06263535501078321,0.06263535501078321,0.003923187697326845,0.34809003058220045
2.5,39,753975397,2.437364644989217,-0.06263535501078321,0.06263535501078321,0.003923187697326845,0.34809003058220045
2.5,40,1661005747,2.437364644989217,-0.06263535501078321,0.06263535501078321,0.003923187697326845,0.34809003058220045
2.5,41,929447526,2.437364644989217,-0.06263535501078321,0.06263535501078321,0.003923187697326845,0.34809003058220045
2.5,42,531562313,2.437364644989217,-0.06263535501078321,0.06263535501078321,0.003923187697326845,0.34809003058220045
2.5,43,7005284,2.437364644989217,-0.06263535501078321,0.06263535501078321,0.003923187697326845,0.34809003058220045
2.5,44,75022631,2.437364644989217,-0.06263535501078321,0.06263535501078321,0.003923187697326845,0.34809003058220045
2.5,45,976823262,2.437364644989217,-0.06263535501078321,0.06263535501078321,0.003923187697326845,0.34809003058220045
2.5,46,220001809,2.437364644989217,-0.06263535501078321,0.06263535501078321,0.003923187697326845,0.34809003058220045
2.5,47,674221804,2.437364644989217,-0.06263535501078321,0.06263535501078321,0.003923187697326845,0.34809003058220045
2.5,48,1684932025,2.437364644989217,-0.06263535501078321,0.06263535501078321,0.003923187697326845,0.34809003058220045
2.5,49,566183201,2.437364644989217,-0.06263535501078321,0.06263535501078321,0.003923187697326845,0.34809003058220045
3.0,0,1085086973,2.437364644989217,-0.5626353550107832,0.5626353550107832,0.31655854270811007,0.34809003058220045
3.0,1,1229247630,2.437364644989217,-0.5626353550107832,0.5626353550107832,0.31655854270811007,0.34809003058220045
3.0,2,219103150,2.437364644989217,-0.5626353550107832,0.5626353550107832,0.31655854270811007,0.34809003058220045
3.0,3,1054454537,2.437364644989217,-0.5626353550107832,0.5626353550107832,0.31655854270811007,0.34809003058220045
3.0,4,576536152,2.437364644989217,-0.5626353550107832,0.5626353550107832,0.31655854270811007,0.34809003058220045
3.0,5,1545520058,2.437364644989217,-0.5626353550107832,0.5626353550107832,0.31655854270811007,0.34809003058220045
3.0,6,1384590472,2.437364644989217,-0.5626353550107832,0.5626353550107832,0.31655854270811007,0.34809003058220045
3.0,7,995973732,2.437364644989217,-0.5626353550107832,0.5626353550107832,0.31655854270811007,0.34809003058220045
3.0,8,1952986945,2.437364644989217,-0.5626353550107832,0.5626353550107832,0.31655854270811007,0.34809003058220045
3.0,9,1827752240,2.437364644989217,-0.5626353550107832,0.5626353550107832,0.31655854270811007,0.34809003058220045
3.0,10,1840083732,2.437364644989217,-0.5626353550107832,0.5626353550107832,0.31655854270811007,0.34809003058220045
3.0,11,1692931519,2.437364644989217,-0.5626353550107832,0.5626353550107832,0.31655854270811007,0.34809003058220045
3.0,12,597743058,2.437364644989217,-0.5626353550107832,0.5626353550107832,0.31655854270811007,0.34809003058220045
3.0,13,1161890134,2.437364644989217,-0.5626353550107832,0.5626353550107832,0.31655854270811007,0.34809003058220045
3.0,14,940002811,2.437364644989217,-0.5626353550107832,0.5626353550107832,0.31655854270811007,0.34809003058220045
3.0,15,2032132221,2.437364644989217,-0.5626353550107832,0.5626353550107832,0.31655854270811007,0.34809003058220045
3.0,16,1481165521,2.437364644989217,-0.5626353550107832,0.5626353550107832,0.31655854270811007,0.34809003058220045
3.0,17,1388103375,2.437364644989217,-0.5626353550107832,0.5626353550107832,0.31655854270811007,0.34809003058220045
3.0,18,2114468814,2.437364644989217,-0.5626353550107832,0.5626353550107832,0.31655854270811007,0.34809003058220045
3.0,19,904958430,2.437364644989217,-0.5626353550107832,0.5626353550107832,0.31655854270811007,0.34809003058220045
3.0,20,2049276601,2.437364644989217,-0.5626353550107832,0.5626353550107832,0.31655854270811007,0.34809003058220045
3.0,21,486044848,2.437364644989217,-0.5626353550107832,0.5626353550107832,0.31655854270811007,0.34809003058220045
3.0,22,1946888613,2.437364644989217,-0.5626353550107832,0.5626353550107832,0.31655854270811007,0.34809003058220045
3.0,23,348874264,2.437364644989217,-0.5626353550107832,0.5626353550107832,0.31655854270811007,0.34809003058220045
3.0,24,236314438,2.437364644989217,-0.5626353550107832,0.5626353550107832,0.31655854270811007,0.34809003058220045
3.0,25,761824524,2.437364644989217,-0.5626353550107832,0.5626353550107832,0.31655854270811007,0.34809003058220045
3.0,26,1258037583,2.437364644989217,-0.5626353550107832,0.5626353550107832,0.31655854270811007,0.34809003058220045
3.0,27,527526870,2.437364644989217,-0.5626353550107832,0.5626353550107832,0.31655854270811007,0.34809003058220045
3.0,28,182025203,2.437364644989217,-0.5626353550107832,0.5626353550107832,0.31655854270811007,0.34809003058220045
3.0,29,1004726634,2.437364644989217,-0.5626353550107832,0.5626353550107832,0.31655854270811007,0.34809003058220045
3.0,30,707325617,2.437364644989217,-0.5626353550107832,0.5626353550107832,0.31655854270811007,0.34809003058220045
3.0,31,1667467942,2.437364644989217,-0.5626353550107832,0.5626353550107832,0.31655854270811007,0.34809003058220045
3.0,32,968363684,2.437364644989217,-0.5626353550107832,0.5626353550107832,0.31655854270811007,0.34809003058220045
3.0,33,83053363,2.437364644989217,-0.5626353550107832,0.5626353550107832,0.31655854270811007,0.34809003058220045
3.0,34,1393387307,2.437364644989217,-0.5626353550107832,0.5626353550107832,0.31655854270811007,0.34809003058220045
3.0,35,1679418673,2.437364644989217,-0.5626353550107832,0.5626353550107832,0.31655854270811007,0.34809003058220045
3.0,36,434528615,2.437364644989217,-0.5626353550107832,0.5626353550107832,0.31655854270811007,0.34809003058220045
3.0,37,361065663,2.437364644989217,-0.5626353550107832,0.5626353550107832,0.31655854270811007,0.34809003058220045
3.0,38,1376507395,2.437364644989217,-0.5626353550107832,0.5626353550107832,0.31655854270811007,0.34809003058220045
3.0,39,1264537227,2.437364644989217,-0.5626353550107832,0.5626353550107832,0.31655854270811007,0.34809003058220045
3.0,40,1968553789,2.437364644989217,-0.5626353550107832,0.5626353550107832,0.31655854270811007,0.34809003058220045
3.0,41,9468630,2.437364644989217,-0.5626353550107832,0.5626353550107832,0.31655854270811007,0.34809003058220045
3.0,42,1072972780,2.437364644989217,-0.5626353550107832,0.5626353550107832,0.31655854270811007,0.34809003058220045
3.0,43,1789174114,2.437364644989217,-0.5626353550107832,0.5626353550107832,0.31655854270811007,0.34809003058220045
3.0,44,2012028842,2.437364644989217,-0.5626353550107832,0.5626353550107832,0.31655854270811007,0.34809003058220045
3.0,45,1540904284,2.437364644989217,-0.5626353550107832,0.5626353550107832,0.31655854270811007,0.34809003058220045
3.0,46,1490629528,2.437364644989217,-0.5626353550107832,0.5626353550107832,0.31655854270811007,0.34809003058220045
3.0,47,383180945,2.437364644989217,-0.5626353550107832,0.5626353550107832,0.31655854270811007,0.34809003058220045
3.0,48,426513105,2.437364644989217,-0.5626353550107832,0.5626353550107832,0.31655854270811007,0.34809003058220045
3.0,49,1973308601,2.437364644989217,-0.5626353550107832,0.5626353550107832,0.31655854270811007,0.34809003058220045
