,L1,L2,L3,L4,L5,L6,L7,L8,L9,L10,L11,L12,L13,L14,L15,L16,L17,L18,L19,L20,L21
130850,1,1,1,1,1,1,1,1,0,0,0,0,0,0,0,0,0,0,0,0,0
163974,1,1,1,1,1,0,1,1,1,1,1,1,1,0,1,0,1,1,0,0,0
168052,1,1,1,1,1,1,0,0,0,0,0,0,0,0,0,0,0,0,0,0,0
227411,1,1,1,1,1,1,0,1,1,1,1,1,1,1,1,1,0,1,0,1,1
258059,1,1,1,1,1,1,1,1,0,0,0,0,0,0,0,0,0,0,0,0,0
319886,1,1,1,1,1,1,0,0,0,0,0,0,0,0,0,0,0,0,0,0,0
321537,1,1,1,1,1,1,1,0,1,0,0,0,0,0,0,0,0,0,0,0,0
324619,1,1,1,1,1,1,0,0,0,0,0,0,0,0,0,0,0,0,0,0,0
327467,1,1,1,1,1,1,1,1,0,0,0,0,0,0,0,0,0,0,0,0,0
354148,1,1,1,1,1,1,1,1,1,1,1,1,1,1,0,1,1,1,1,1,1
355470,1,1,1,1,1,1,1,1,1,1,0,1,0,0,0,0,0,0,0,0,0
363033,1,1,1,1,1,1,0,1,0,0,0,0,0,0,0,0,0,0,0,0,0
365813,1,1,1,1,1,0,0,0,0,0,0,0,0,0,0,0,0,0,0,0,0
373957,1,1,1,1,1,1,1,0,0,0,0,0,0,0,0,0,0,0,0,0,0
378496,1,1,1,1,1,1,1,0,0,0,0,0,0,0,0,0,0,0,0,0,0
383340,0,0,0,0,0,0,0,0,0,0,0,0,0,0,0,0,0,0,0,0,0
399550,1,1,1,1,1,1,1,1,0,0,0,0,0,0,0,0,0,0,0,0,0
424204,1,1,1,1,1,1,0,1,0,0,0,0,0,0,0,0,0,0,0,0,0
434201,1,1,1,1,1,1,1,1,1,0,0,0,0,0,0,0,0,0,0,0,0
435008,1,1,1,1,1,1,1,1,1,0,0,0,0,0,0,0,0,0,0,0,0
438966,1,1,1,1,1,1,0,1,0,0,0,0,0,0,0,0,0,0,0,0,0
440657,1,1,1,1,1,1,0,0,0,0,0,0,0,0,0,0,0,0,0,0,0
456167,1,1,1,1,1,1,0,1,1,0,0,0,0,0,0,0,0,0,0,0,0
457352,1,1,1,1,1,1,0,1,0,0,0,0,0,0,0,0,0,0,0,0,0
465398,1,1,1,1,1,1,1,1,1,1,1,1,1,1,1,1,1,1,1,1,1
465643,1,1,1,1,1,1,0,0,0,0,0,0,0,0,0,0,0,0,0,0,0
467137,1,1,1,1,1,1,0,1,1,1,1,1,0,1,1,1,1,1,1,1,1
467967,1,1,1,1,1,1,1,1,1,1,1,1,1,0,0,0,0,0,0,0,0
477235,1,1,0,1,0,0,0,0,0,0,0,0,0,0,0,0,0,0,0,0,0
480543,1,1,1,1,1,0,0,0,0,0,0,0,0,0,0,0,0,0,0,0,0
480705,1,1,1,1,1,1,1,1,1,1,1,1,1,1,0,1,1,1,1,1,1
481898,1,1,1,1,1,0,1,1,1,1,1,1,1,1,1,1,1,1,1,1,0
483241,1,1,1,1,1,1,1,0,0,0,0,0,0,0,0,0,0,0,0,0,0
494007,1,1,1,1,1,1,0,0,0,0,0,0,0,0,0,0,0,0,0,0,0
494308,1,1,1,1,1,1,1,0,0,0,0,0,0,0,0,0,0,0,0,0,0
499918,1,1,1,1,1,1,0,1,1,0,0,0,0,0,0,0,0,0,0,0,0
511043,1,1,1,1,1,1,0,0,0,0,0,0,0,0,0,0,0,0,0,0,0
519157,1,1,1,1,1,1,1,1,0,0,0,0,0,0,0,0,0,0,0,0,0
519253,1,1,1,1,1,1,0,1,1,1,1,1,1,1,1,0,0,0,0,0,0
520956,1,1,1,1,1,0,0,0,0,0,0,0,0,0,0,0,0,0,0,0,0
532790,1,1,1,1,1,1,0,0,0,0,0,0,0,0,0,0,0,0,0,0,0
535993,1,1,1,1,1,1,0,1,0,0,0,0,0,0,0,0,0,0,0,0,0
539295,0,0,0,0,0,0,0,0,0,0,0,0,0,0,0,0,0,0,0,0,0
541635,1,1,1,1,1,1,0,0,0,0,0,0,0,0,0,0,0,0,0,0,0
542132,1,1,1,1,1,1,0,0,0,0,0,0,0,0,0,0,0,0,0,0,0
542395,1,1,1,1,1,0,1,1,0,0,0,0,0,0,0,0,0,0,0,0,0
547684,1,1,1,1,1,1,1,0,1,0,0,0,0,0,0,0,0,0,0,0,0
549886,1,1,1,1,1,1,0,1,0,0,0,0,0,0,0,0,0,0,0,0,0
550843,1,1,1,1,1,1,1,0,0,0,0,0,0,0,0,0,0,0,0,0,0
553564,1,1,1,1,1,1,1,0,0,0,0,0,0,0,0,0,0,0,0,0,0
555069,1,1,1,1,1,1,1,0,0,0,0,0,0,0,0,0,0,0,0,0,0
555733,1,1,1,1,1,1,1,1,0,1,1,1,1,1,0,1,0,0,0,0,0
556150,1,1,1,1,1,1,1,0,0,0,0,0,0,0,0,0,0,0,0,0,0
559753,0,1,1,1,1,0,0,0,0,0,0,0,0,0,0,0,0,0,0,0,0
562792,1,1,1,1,1,1,1,1,1,1,1,1,0,1,1,1,1,1,0,0,0
565952,1,1,1,1,1,1,0,1,0,0,0,0,0,0,0,0,0,0,0,0,0
575447,1,1,1,1,1,1,1,1,0,1,0,1,0,1,0,0,0,0,0,0,0
575764,1,1,1,1,1,1,1,1,0,0,0,0,0,0,0,0,0,0,0,0,0
578593,1,1,1,1,1,1,1,1,1,0,0,0,0,0,0,0,0,0,0,0,0
578640,1,1,1,1,1,0,1,0,0,0,0,0,0,0,0,0,0,0,0,0,0
580015,1,1,1,1,1,1,1,1,1,1,1,1,1,1,1,1,1,1,1,1,1
580431,1,1,1,1,1,1,1,1,1,0,1,0,0,0,0,0,0,0,0,0,0
580981,1,1,1,1,1,0,1,0,1,1,0,1,1,1,1,1,1,1,1,1,1
581428,1,1,1,1,1,1,1,1,0,1,0,0,0,0,0,0,0,0,0,0,0
581926,1,1,1,1,1,1,0,0,0,0,0,0,0,0,0,0,0,0,0,0,0
583821,1,1,1,1,1,1,1,1,1,1,0,0,0,0,0,0,0,0,0,0,0
583863,1,1,1,1,1,0,0,0,0,0,0,0,0,0,0,0,0,0,0,0,0
584737,1,1,1,1,1,1,1,1,1,1,1,1,1,1,1,1,1,1,1,1,1
587432,1,1,1,1,1,0,0,0,0,0,0,0,0,0,0,0,0,0,0,0,0
587714,1,1,1,1,1,1,1,1,1,1,1,1,1,1,1,1,1,1,1,1,1
590605,1,1,1,1,1,1,1,1,1,0,0,0,0,0,0,0,0,0,0,0,0
591346,1,1,1,1,1,1,0,1,1,0,1,0,0,0,0,0,0,0,0,0,0
591827,1,1,1,1,1,1,1,1,0,1,0,0,0,0,0,0,0,0,0,0,0
595780,1,1,1,1,1,1,1,1,1,1,0,0,0,0,0,0,0,0,0,0,0
599858,1,1,1,1,1,1,1,1,1,0,1,1,1,1,1,1,1,1,1,1,1
601075,1,1,1,1,1,1,1,0,0,0,0,0,0,0,0,0,0,0,0,0,0
601166,1,1,1,1,1,1,0,0,0,0,0,0,0,0,0,0,0,0,0,0,0
602698,1,1,1,1,1,1,1,0,0,0,0,0,0,0,0,0,0,0,0,0,0
602826,1,1,1,1,1,1,0,0,0,0,0,0,0,0,0,0,0,0,0,0,0
603240,1,1,1,1,1,1,0,1,1,1,1,1,1,1,1,1,1,1,1,1,1
605945,1,1,1,1,1,1,1,1,0,0,0,0,0,0,0,0,0,0,0,0,0
606267,1,1,1,1,1,1,0,1,0,1,1,1,1,1,1,1,1,1,1,1,1
606648,1,1,1,1,1,1,1,1,1,1,0,0,0,0,0,0,0,0,0,0,0
612246,1,1,1,1,1,1,0,1,1,1,0,1,0,0,0,0,0,0,0,0,0
612517,1,1,1,1,1,1,1,1,1,1,0,1,0,0,0,0,0,0,0,0,0
616942,1,1,1,1,1,1,0,0,0,0,0,0,0,0,0,0,0,0,0,0,0
621361,1,1,1,1,1,1,0,0,0,0,0,0,0,0,0,0,0,0,0,0,0
621898,1,1,1,1,1,1,1,1,1,1,0,0,0,0,0,0,0,0,0,0,0
621948,1,1,1,1,1,1,1,1,0,1,0,0,0,0,0,0,0,0,0,0,0
622123,1,1,1,1,1,1,1,1,1,0,0,0,0,0,0,0,0,0,0,0,0
624422,1,1,0,0,0,0,0,0,0,0,0,0,0,0,0,0,0,0,0,0,0
628058,1,1,1,1,1,0,1,1,1,1,1,1,1,1,1,1,1,1,1,1,1
628254,1,1,1,1,1,1,1,1,0,0,0,0,0,0,0,0,0,0,0,0,0
629243,1,1,1,1,1,1,0,0,0,0,0,0,0,0,0,0,0,0,0,0,0
632925,1,1,1,1,1,1,1,1,1,0,1,1,1,1,1,1,1,1,1,0,1
634045,1,1,1,1,1,1,1,1,1,0,0,0,0,0,0,0,0,0,0,0,0
635039,1,1,1,1,1,1,0,1,0,0,0,0,0,0,0,0,0,0,0,0,0
635834,1,1,1,1,1,1,1,0,1,0,0,0,0,0,0,0,0,0,0,0,0
638070,1,1,1,1,1,0,0,0,0,0,0,0,0,0,0,0,0,0,0,0,0
639785,1,1,1,1,1,1,1,1,1,1,0,0,0,0,0,0,0,0,0,0,0
641246,1,1,1,1,1,1,1,1,0,0,0,0,0,0,0,0,0,0,0,0,0
643727,1,1,1,1,0,1,0,1,1,0,0,0,0,0,0,0,0,0,0,0,0
646837,1,1,1,1,1,1,1,1,1,1,1,1,0,1,0,1,0,1,1,1,0
647219,1,1,1,1,1,1,1,1,1,0,0,0,0,0,0,0,0,0,0,0,0
647728,0,1,1,1,1,0,1,0,0,0,0,0,0,0,0,0,0,0,0,0,0
648374,1,1,1,1,1,1,0,0,0,0,0,0,0,0,0,0,0,0,0,0,0
658001,1,1,1,1,1,1,0,1,0,0,0,0,0,0,0,0,0,0,0,0,0
670541,1,1,1,1,1,1,0,1,0,0,0,0,0,0,0,0,0,0,0,0,0
670745,1,1,1,1,1,1,1,1,1,1,0,1,1,0,1,0,1,0,0,0,0
676490,1,1,1,1,1,1,0,0,0,0,0,0,0,0,0,0,0,0,0,0,0
677505,1,1,1,1,1,1,1,1,1,1,1,1,1,1,1,1,1,1,1,1,0
679084,1,1,1,1,1,1,1,1,1,1,1,1,1,1,1,1,1,1,1,1,1
680818,1,1,1,1,1,1,0,1,0,0,0,0,0,0,0,0,0,0,0,0,0
680906,1,1,1,1,1,1,0,0,0,0,0,0,0,0,0,0,0,0,0,0,0
680975,1,1,1,1,1,1,1,0,1,1,0,0,0,0,0,0,0,0,0,0,0
681385,1,1,1,1,1,0,0,0,0,0,0,0,0,0,0,0,0,0,0,0,0
681425,1,1,1,1,1,1,0,1,0,1,0,0,0,0,0,0,0,0,0,0,0
681538,1,1,1,1,1,1,0,0,0,0,0,0,0,0,0,0,0,0,0,0,0
681853,1,1,1,1,1,1,0,0,0,0,0,0,0,0,0,0,0,0,0,0,0
683015,1,1,1,1,1,1,1,0,0,0,0,0,0,0,0,0,0,0,0,0,0
683591,1,1,1,1,1,1,1,1,1,1,0,0,0,0,0,0,0,0,0,0,0
684040,1,1,1,1,1,1,0,0,0,0,0,0,0,0,0,0,0,0,0,0,0
684473,1,1,1,1,1,1,1,0,0,0,0,0,0,0,0,0,0,0,0,0,0
684906,1,1,1,1,1,1,1,1,1,0,0,0,0,0,0,0,0,0,0,0,0
685092,1,1,1,1,1,1,1,0,1,0,0,0,0,0,0,0,0,0,0,0,0
685111,1,1,1,1,1,1,0,1,0,0,0,0,0,0,0,0,0,0,0,0,0
685146,1,1,1,1,1,1,0,0,0,0,0,0,0,0,0,0,0,0,0,0,0
685406,1,1,1,1,1,0,0,0,0,0,0,0,0,0,0,0,0,0,0,0,0
685900,1,1,1,1,1,1,0,0,0,0,0,0,0,0,0,0,0,0,0,0,0
686012,1,1,1,1,1,0,0,0,0,0,0,0,0,0,0,0,0,0,0,0,0
686013,1,1,1,1,1,1,1,0,0,0,0,0,0,0,0,0,0,0,0,0,0
686040,1,1,1,1,1,1,1,1,0,1,0,0,0,0,0,0,0,0,0,0,0
686073,1,1,1,1,1,1,0,0,0,0,0,0,0,0,0,0,0,0,0,0,0
686082,1,1,1,1,1,1,1,1,0,1,0,0,0,0,0,0,0,0,0,0,0
686146,1,1,1,1,1,0,1,0,0,0,0,0,0,0,0,0,0,0,0,0,0
686189,1,1,1,1,1,1,0,0,0,0,0,0,0,0,0,0,0,0,0,0,0
686317,1,1,1,1,1,1,1,1,1,0,1,0,0,0,0,0,0,0,0,0,0
686356,1,1,1,1,1,1,1,1,0,0,0,0,0,0,0,0,0,0,0,0,0
686388,1,1,1,1,1,1,0,1,0,0,0,0,0,0,0,0,0,0,0,0,0
686392,1,1,1,1,1,1,1,1,1,1,0,1,1,1,1,1,0,0,0,0,0
686396,1,1,1,1,1,1,0,1,0,0,0,0,0,0,0,0,0,0,0,0,0
686407,1,1,1,1,1,1,0,1,0,0,0,0,0,0,0,0,0,0,0,0,0
686417,1,1,1,1,1,1,1,1,1,1,1,1,0,1,1,1,1,1,1,1,1
686447,1,1,1,1,1,1,1,0,1,1,1,1,1,1,0,1,1,0,0,0,0
686486,1,1,1,1,1,1,0,0,0,0,0,0,0,0,0,0,0,0,0,0,0
686514,1,1,1,1,1,1,0,0,0,0,0,0,0,0,0,0,0,0,0,0,0
686588,1,1,1,1,1,1,1,1,1,1,0,1,0,1,1,1,1,1,1,1,1
686597,1,1,1,0,1,0,1,0,1,1,1,0,1,0,0,0,0,0,0,0,0
686601,1,1,1,1,1,1,1,0,0,0,0,0,0,0,0,0,0,0,0,0,0
686627,1,1,1,1,1,1,1,0,0,0,0,0,0,0,0,0,0,0,0,0,0
686683,1,1,1,1,1,1,0,1,0,0,0,0,0,0,0,0,0,0,0,0,0
686750,1,1,1,1,1,1,0,1,1,0,0,0,0,0,0,0,0,0,0,0,0
686757,1,1,1,1,1,1,0,1,0,0,0,0,0,0,0,0,0,0,0,0,0
686775,1,1,1,1,1,1,1,1,1,0,0,0,0,0,0,0,0,0,0,0,0
686781,1,1,1,1,1,1,1,1,0,1,1,1,1,1,1,1,0,0,0,0,0
686829,1,1,1,1,1,0,1,1,1,0,0,0,0,0,0,0,0,0,0,0,0
686866,1,1,1,1,1,1,0,0,0,0,0,0,0,0,0,0,0,0,0,0,0
686882,1,1,1,1,1,1,1,1,1,1,1,1,1,0,0,0,0,0,0,0,0
686924,1,1,1,1,1,0,1,0,0,0,0,0,0,0,0,0,0,0,0,0,0
686955,1,1,1,1,1,1,1,1,1,1,0,0,0,0,0,0,0,0,0,0,0
686977,1,1,1,1,1,1,0,1,1,0,0,0,0,0,0,0,0,0,0,0,0
687068,1,1,1,1,1,1,1,1,1,1,0,0,0,0,0,0,0,0,0,0,0
687207,1,1,1,1,1,1,1,1,1,1,0,0,0,0,0,0,0,0,0,0,0
687374,1,1,1,1,1,1,0,1,1,0,0,0,0,0,0,0,0,0,0,0,0
687390,1,1,1,1,0,1,0,1,1,1,1,1,1,1,1,0,0,0,0,0,0
687420,1,1,1,1,1,1,0,0,0,0,0,0,0,0,0,0,0,0,0,0,0
687489,1,1,1,1,1,1,0,1,0,0,0,0,0,0,0,0,0,0,0,0,0
687505,1,1,1,1,1,0,0,0,0,0,0,0,0,0,0,0,0,0,0,0,0
687599,1,1,1,1,1,0,0,0,0,0,0,0,0,0,0,0,0,0,0,0,0
687702,1,1,1,1,1,1,0,0,0,0,0,0,0,0,0,0,0,0,0,0,0
687720,1,1,1,1,1,1,1,1,0,1,0,0,0,0,0,0,0,0,0,0,0
687745,1,1,1,1,1,1,1,1,1,1,1,1,1,1,1,1,0,0,0,0,0
687792,1,0,1,1,1,1,1,1,1,1,1,1,1,1,1,1,1,1,1,1,1
687811,1,1,1,1,1,1,1,1,1,1,1,1,0,1,1,1,1,1,1,1,1
687820,1,1,1,1,0,1,0,0,0,0,0,0,0,0,0,0,0,0,0,0,0
687838,1,1,1,1,1,0,0,0,0,0,0,0,0,0,0,0,0,0,0,0,0
687856,1,1,1,1,1,0,0,0,0,0,0,0,0,0,0,0,0,0,0,0,0
687862,1,1,1,1,1,1,1,1,1,1,0,0,0,0,0,0,0,0,0,0,0
687872,1,1,1,1,1,1,0,0,0,0,0,0,0,0,0,0,0,0,0,0,0
687876,1,1,1,1,1,0,0,0,0,0,0,0,0,0,0,0,0,0,0,0,0
687882,1,1,1,1,1,1,0,0,0,0,0,0,0,0,0,0,0,0,0,0,0
687925,1,1,1,1,1,1,0,0,0,0,0,0,0,0,0,0,0,0,0,0,0
687983,1,1,1,1,1,0,0,0,0,0,0,0,0,0,0,0,0,0,0,0,0
687989,1,1,1,1,1,0,0,0,0,0,0,0,0,0,0,0,0,0,0,0,0
687991,1,1,1,1,1,1,0,0,0,0,0,0,0,0,0,0,0,0,0,0,0
687995,1,1,1,1,1,1,1,1,1,1,0,0,0,0,0,0,0,0,0,0,0
687996,1,1,1,1,1,0,0,0,0,0,0,0,0,0,0,0,0,0,0,0,0
687999,1,1,1,1,1,0,0,0,0,0,0,0,0,0,0,0,0,0,0,0,0
688014,1,0,1,0,1,1,1,0,1,1,1,1,1,1,1,1,1,1,1,1,1
688015,1,1,1,1,1,1,0,0,0,0,0,0,0,0,0,0,0,0,0,0,0
688021,1,1,1,1,1,1,0,0,0,0,0,0,0,0,0,0,0,0,0,0,0
688027,1,1,1,1,1,1,1,0,0,0,0,0,0,0,0,0,0,0,0,0,0
688053,1,1,1,1,1,1,0,0,0,0,0,0,0,0,0,0,0,0,0,0,0
688061,1,1,1,1,1,1,0,0,0,0,0,0,0,0,0,0,0,0,0,0,0
688070,1,1,1,1,1,0,0,0,0,0,0,0,0,0,0,0,0,0,0,0,0
688085,1,1,1,1,1,1,0,1,0,0,0,0,0,0,0,0,0,0,0,0,0
688091,1,1,1,1,1,1,1,1,1,0,0,0,0,0,0,0,0,0,0,0,0
688097,1,1,1,1,1,1,1,1,1,1,1,1,1,0,1,1,0,1,1,1,0
688103,1,1,1,1,1,1,0,0,0,0,0,0,0,0,0,0,0,0,0,0,0
688106,1,1,1,1,1,1,0,0,0,0,0,0,0,0,0,0,0,0,0,0,0
688123,1,1,1,1,1,1,1,0,1,1,1,1,1,1,1,1,1,1,1,1,1
688127,1,1,1,1,1,1,1,1,1,1,0,1,0,0,0,0,0,0,0,0,0
688145,1,1,1,1,0,0,0,0,0,0,0,0,0,0,0,0,0,0,0,0,0
688164,1,1,1,1,1,1,0,1,0,1,0,1,0,0,0,0,0,0,0,0,0
688177,1,1,1,1,1,0,0,0,0,0,0,0,0,0,0,0,0,0,0,0,0
688178,1,1,1,1,1,1,1,0,0,0,0,0,0,0,0,0,0,0,0,0,0
688188,1,1,1,1,1,0,0,0,0,0,0,0,0,0,0,0,0,0,0,0,0
688193,1,1,1,1,1,1,1,0,0,0,0,0,0,0,0,0,0,0,0,0,0
688200,1,1,1,1,1,0,0,0,0,0,0,0,0,0,0,0,0,0,0,0,0
688206,1,1,1,1,0,1,0,0,0,0,0,0,0,0,0,0,0,0,0,0,0
688229,1,1,1,1,1,0,1,0,0,0,0,0,0,0,0,0,0,0,0,0,0
688230,1,1,1,1,1,1,1,1,1,1,1,1,0,0,0,0,0,0,0,0,0
688236,1,1,1,1,1,1,0,0,0,0,0,0,0,0,0,0,0,0,0,0,0
688265,1,1,1,1,1,1,1,1,0,0,0,0,0,0,0,0,0,0,0,0,0
688276,1,1,1,0,1,0,0,0,0,0,0,0,0,0,0,0,0,0,0,0,0
688280,1,1,1,1,1,0,0,0,0,0,0,0,0,0,0,0,0,0,0,0,0
688281,1,1,1,1,1,1,1,1,1,1,1,1,1,1,1,1,1,1,1,1,1
688286,1,1,1,1,1,1,0,0,0,0,0,0,0,0,0,0,0,0,0,0,0
688287,1,1,1,1,1,0,0,0,0,0,0,0,0,0,0,0,0,0,0,0,0
688294,1,1,1,1,1,0,1,0,1,1,1,1,0,0,0,0,0,0,0,0,0
688295,1,0,1,0,0,0,0,0,0,0,0,0,0,0,0,0,0,0,0,0,0
688300,1,1,1,0,0,0,0,0,0,0,0,0,0,0,0,0,0,0,0,0,0
688306,1,1,1,1,1,1,1,1,1,1,1,1,1,0,0,0,0,0,0,0,0
688310,1,1,1,1,1,0,0,0,0,0,0,0,0,0,0,0,0,0,0,0,0
688324,1,1,1,1,1,1,1,1,0,1,0,0,0,0,0,0,0,0,0,0,0
688333,1,1,1,1,1,1,0,0,0,0,0,0,0,0,0,0,0,0,0,0,0
688362,1,1,1,0,0,0,0,0,0,0,0,0,0,0,0,0,0,0,0,0,0
688413,1,1,1,1,1,1,1,1,0,1,0,1,0,0,0,0,0,0,0,0,0
688415,1,1,1,1,1,1,0,0,0,0,0,0,0,0,0,0,0,0,0,0,0
688418,1,1,1,0,1,0,0,0,0,0,0,0,0,0,0,0,0,0,0,0,0
688433,1,1,1,1,1,0,0,0,0,0,0,0,0,0,0,0,0,0,0,0,0
688437,1,1,1,1,1,1,1,0,0,0,0,0,0,0,0,0,0,0,0,0,0
688447,1,1,1,1,1,0,0,0,0,0,0,0,0,0,0,0,0,0,0,0,0
688474,1,1,1,1,1,1,0,1,0,0,0,0,0,0,0,0,0,0,0,0,0
688476,1,1,1,1,1,1,1,1,1,0,0,0,0,0,0,0,0,0,0,0,0
688483,1,1,1,1,1,1,0,1,0,0,0,0,0,0,0,0,0,0,0,0,0
688489,1,1,1,0,1,1,0,0,0,0,0,0,0,0,0,0,0,0,0,0,0
688492,1,1,1,1,1,1,1,1,0,0,0,0,0,0,0,0,0,0,0,0,0
688517,1,0,1,1,0,0,0,0,0,0,0,0,0,0,0,0,0,0,0,0,0
688521,1,1,1,1,1,1,0,0,0,0,0,0,0,0,0,0,0,0,0,0,0
688525,1,1,1,1,1,1,0,1,0,1,1,1,0,0,0,0,0,0,0,0,0
688536,1,1,1,1,1,0,1,0,0,0,0,0,0,0,0,0,0,0,0,0,0
688538,1,1,1,1,1,1,0,0,0,0,0,0,0,0,0,0,0,0,0,0,0
688539,1,1,1,1,1,1,1,0,1,0,1,1,0,1,0,0,0,0,0,0,0
688542,1,1,1,1,1,1,1,1,1,0,0,0,0,0,0,0,0,0,0,0,0
688544,1,1,1,1,1,1,0,0,0,0,0,0,0,0,0,0,0,0,0,0,0
688560,1,1,1,1,1,1,0,1,0,1,1,0,0,0,0,0,0,0,0,0,0
688567,1,1,1,1,1,1,0,0,0,0,0,0,0,0,0,0,0,0,0,0,0
688569,1,1,1,1,0,1,0,0,0,0,0,0,0,0,0,0,0,0,0,0,0
688572,1,1,1,1,1,1,1,1,0,0,0,0,0,0,0,0,0,0,0,0,0
688578,1,1,1,1,1,1,1,1,0,1,0,0,0,0,0,0,0,0,0,0,0
688588,1,1,1,1,1,1,1,1,1,1,1,0,0,0,0,0,0,0,0,0,0
688606,1,1,1,1,1,1,1,1,1,1,1,1,1,1,1,1,1,1,1,1,1
688616,1,1,1,1,1,1,0,0,0,0,0,0,0,0,0,0,0,0,0,0,0
688627,1,1,1,1,1,0,0,0,0,0,0,0,0,0,0,0,0,0,0,0,0
688687,0,1,1,0,0,0,0,0,0,0,0,0,0,0,0,0,0,0,0,0,0
688702,1,1,1,1,1,1,0,0,0,0,0,0,0,0,0,0,0,0,0,0,0
688712,1,1,1,1,1,0,0,0,0,0,0,0,0,0,0,0,0,0,0,0,0
688729,1,1,1,1,1,1,0,0,0,0,0,0,0,0,0,0,0,0,0,0,0
688750,1,1,1,1,1,1,1,1,0,0,0,0,0,0,0,0,0,0,0,0,0
688767,1,1,1,1,1,1,0,0,0,0,0,0,0,0,0,0,0,0,0,0,0
688818,1,1,1,1,1,1,0,0,0,0,0,0,0,0,0,0,0,0,0,0,0
688825,1,1,1,1,1,1,1,1,1,1,1,1,1,0,0,0,0,0,0,0,0
688831,1,1,1,0,1,0,0,0,0,0,0,0,0,0,0,0,0,0,0,0,0
688834,1,1,1,1,1,0,1,0,0,0,0,0,0,0,0,0,0,0,0,0,0
688838,1,1,1,1,1,1,0,0,0,0,0,0,0,0,0,0,0,0,0,0,0
688845,1,1,1,1,1,1,1,0,1,0,1,0,1,1,1,1,1,0,1,1,1
688855,1,1,1,1,1,1,0,1,1,0,1,1,1,1,1,1,0,0,0,0,0
688866,1,1,1,1,1,1,0,0,0,0,0,0,0,0,0,0,0,0,0,0,0
688881,1,1,1,1,1,1,1,0,1,0,1,0,0,0,0,0,0,0,0,0,0
688891,1,1,1,1,1,0,0,0,0,0,0,0,0,0,0,0,0,0,0,0,0
688906,1,1,1,1,1,1,0,1,0,0,0,0,0,0,0,0,0,0,0,0,0
688920,1,1,1,1,1,1,1,0,1,0,0,0,0,0,0,0,0,0,0,0,0
688933,1,1,1,1,1,1,0,0,0,0,0,0,0,0,0,0,0,0,0,0,0
689017,1,1,1,1,1,1,0,1,0,0,0,0,0,0,0,0,0,0,0,0,0
689030,1,1,1,1,1,1,1,1,0,0,0,0,0,0,0,0,0,0,0,0,0
689049,1,1,1,1,0,0,0,0,0,0,0,0,0,0,0,0,0,0,0,0,0
689064,1,1,1,1,1,1,1,1,1,1,0,1,0,0,0,0,0,0,0,0,0
689068,1,1,0,1,0,1,0,0,0,0,0,0,0,0,0,0,0,0,0,0,0
689070,1,1,1,1,1,1,0,0,0,0,0,0,0,0,0,0,0,0,0,0,0
689074,1,1,1,1,1,1,0,0,0,0,0,0,0,0,0,0,0,0,0,0,0
689084,1,1,1,1,1,1,0,0,0,0,0,0,0,0,0,0,0,0,0,0,0
689089,1,1,1,1,1,1,1,0,0,0,0,0,0,0,0,0,0,0,0,0,0
689091,1,1,1,0,1,1,0,1,0,0,0,0,0,0,0,0,0,0,0,0,0
689092,1,1,1,1,1,0,0,0,0,0,0,0,0,0,0,0,0,0,0,0,0
689109,1,1,1,1,1,1,1,0,1,0,0,0,0,0,0,0,0,0,0,0,0
689123,1,1,1,1,1,1,0,0,0,0,0,0,0,0,0,0,0,0,0,0,0
689128,1,1,1,1,1,1,1,0,1,0,0,0,0,0,0,0,0,0,0,0,0
689144,1,1,1,1,1,1,0,1,0,1,0,0,0,0,0,0,0,0,0,0,0
689147,1,1,1,1,1,1,0,0,0,0,0,0,0,0,0,0,0,0,0,0,0
689155,1,1,1,1,1,0,1,0,1,0,0,0,0,0,0,0,0,0,0,0,0
689168,1,1,1,1,1,1,0,0,0,0,0,0,0,0,0,0,0,0,0,0,0
689186,1,1,1,1,1,1,0,0,0,0,0,0,0,0,0,0,0,0,0,0,0
689190,1,1,1,1,1,1,0,0,0,0,0,0,0,0,0,0,0,0,0,0,0
689207,1,1,1,1,1,1,1,0,0,0,0,0,0,0,0,0,0,0,0,0,0
689208,1,1,1,1,1,1,1,1,1,1,1,1,1,1,1,1,1,1,1,1,1
689214,1,1,1,1,1,1,0,0,0,0,0,0,0,0,0,0,0,0,0,0,0
689217,1,1,1,1,0,0,0,0,0,0,0,0,0,0,0,0,0,0,0,0,0
689222,1,1,1,1,1,1,1,1,1,0,0,0,0,0,0,0,0,0,0,0,0
689227,1,1,1,1,1,1,1,0,1,0,0,0,0,0,0,0,0,0,0,0,0
689250,1,1,1,1,0,1,0,0,0,0,0,0,0,0,0,0,0,0,0,0,0
689269,1,1,1,1,1,0,0,0,0,0,0,0,0,0,0,0,0,0,0,0,0
689271,1,1,1,1,1,1,0,1,1,1,1,1,1,1,1,1,1,1,1,1,1
689280,1,1,1,1,1,1,0,0,0,0,0,0,0,0,0,0,0,0,0,0,0
689299,1,1,1,1,1,1,1,1,1,1,1,1,1,0,0,0,0,0,0,0,0
689319,1,1,1,1,1,1,0,0,0,0,0,0,0,0,0,0,0,0,0,0,0
689325,1,1,1,1,1,0,0,0,0,0,0,0,0,0,0,0,0,0,0,0,0
689326,1,1,1,1,1,1,1,1,1,0,0,0,0,0,0,0,0,0,0,0,0
689353,1,1,1,1,1,1,0,0,0,0,0,0,0,0,0,0,0,0,0,0,0
689378,1,1,1,0,1,0,0,0,0,0,0,0,0,0,0,0,0,0,0,0,0
689419,1,1,1,1,1,1,0,1,0,1,1,1,1,1,1,1,1,1,1,1,1
689480,1,1,1,1,1,0,0,0,0,0,0,0,0,0,0,0,0,0,0,0,0
689503,1,1,1,1,1,0,0,0,0,0,0,0,0,0,0,0,0,0,0,0,0
689534,1,1,1,0,0,0,0,0,0,0,0,0,0,0,0,0,0,0,0,0,0
689537,1,1,1,1,1,1,1,1,0,0,0,0,0,0,0,0,0,0,0,0,0
689557,1,1,1,1,1,1,0,0,0,0,0,0,0,0,0,0,0,0,0,0,0
689585,1,1,1,1,1,1,1,1,0,1,0,0,0,0,0,0,0,0,0,0,0
689627,1,1,1,1,1,1,0,0,0,0,0,0,0,0,0,0,0,0,0,0,0
689630,1,1,1,1,1,1,1,0,0,0,0,0,0,0,0,0,0,0,0,0,0
689631,1,1,1,1,1,1,1,1,1,0,0,0,0,0,0,0,0,0,0,0,0
689641,1,1,1,1,1,0,0,0,0,0,0,0,0,0,0,0,0,0,0,0,0
689683,1,1,1,1,1,1,1,1,1,1,0,0,0,0,0,0,0,0,0,0,0
689696,1,1,1,1,1,1,1,1,0,1,1,0,0,0,0,0,0,0,0,0,0
689699,1,1,1,1,1,1,0,0,0,0,0,0,0,0,0,0,0,0,0,0,0
689709,1,1,1,1,1,0,0,0,0,0,0,0,0,0,0,0,0,0,0,0,0
689734,1,1,1,1,1,1,1,0,1,0,0,0,0,0,0,0,0,0,0,0,0
689769,1,1,1,1,1,1,0,1,0,0,0,0,0,0,0,0,0,0,0,0,0
689770,1,1,1,1,1,1,1,1,0,0,0,0,0,0,0,0,0,0,0,0,0
689782,1,1,1,1,1,1,0,0,0,0,0,0,0,0,0,0,0,0,0,0,0
689784,1,1,1,1,1,1,0,0,0,0,0,0,0,0,0,0,0,0,0,0,0
689788,1,1,1,0,1,0,0,0,0,0,0,0,0,0,0,0,0,0,0,0,0
689792,1,1,1,1,1,0,0,0,0,0,0,0,0,0,0,0,0,0,0,0,0
689814,1,1,1,1,1,1,0,0,0,0,0,0,0,0,0,0,0,0,0,0,0
689818,1,1,1,1,1,0,0,0,0,0,0,0,0,0,0,0,0,0,0,0,0
689821,1,1,1,1,1,1,1,1,1,1,1,1,1,1,0,1,1,1,1,1,0
689823,1,1,1,1,1,1,1,1,0,0,0,0,0,0,0,0,0,0,0,0,0
689839,1,1,1,1,1,1,0,0,0,0,0,0,0,0,0,0,0,0,0,0,0
689854,1,1,1,1,1,1,1,1,1,1,1,1,1,1,0,1,1,1,0,1,1
689856,1,1,1,1,1,1,1,0,1,0,0,0,0,0,0,0,0,0,0,0,0
689866,1,1,1,1,1,1,0,0,0,0,0,0,0,0,0,0,0,0,0,0,0
689903,1,1,1,1,1,1,1,0,0,0,0,0,0,0,0,0,0,0,0,0,0
689932,1,1,1,1,1,1,1,1,1,1,1,1,1,1,1,1,1,1,1,1,1
689946,1,1,1,1,1,1,0,1,1,1,1,1,1,1,1,1,1,1,1,1,1
689954,1,1,1,1,1,1,1,1,1,1,1,1,1,1,1,1,0,0,0,0,0
689960,1,1,1,1,1,0,0,0,0,0,0,0,0,0,0,0,0,0,0,0,0
689999,1,1,1,1,1,1,0,0,0,0,0,0,0,0,0,0,0,0,0,0,0
690055,1,1,1,1,1,1,0,0,0,0,0,0,0,0,0,0,0,0,0,0,0
690074,1,1,1,1,1,1,0,0,0,0,0,0,0,0,0,0,0,0,0,0,0
690096,1,1,1,1,1,1,1,1,1,1,1,1,1,1,1,1,1,0,0,0,0
690107,1,1,1,1,1,0,1,1,0,1,0,0,0,0,0,0,0,0,0,0,0
690138,1,1,1,1,1,0,0,0,0,0,0,0,0,0,0,0,0,0,0,0,0
690173,1,1,1,1,1,1,0,0,0,0,0,0,0,0,0,0,0,0,0,0,0
690178,1,1,1,1,1,1,0,0,0,0,0,0,0,0,0,0,0,0,0,0,0
690213,1,1,1,1,1,1,0,0,0,0,0,0,0,0,0,0,0,0,0,0,0
690223,0,0,0,0,0,0,0,0,0,0,0,0,0,0,0,0,0,0,0,0,0
690224,1,1,1,1,1,1,1,1,1,1,1,0,0,0,0,0,0,0,0,0,0
690226,1,1,1,1,1,1,0,0,0,0,0,0,0,0,0,0,0,0,0,0,0
690227,1,1,1,1,1,1,1,1,0,0,0,0,0,0,0,0,0,0,0,0,0
690232,0,1,1,1,0,0,0,0,0,0,0,0,0,0,0,0,0,0,0,0,0
690256,1,1,1,1,1,1,0,1,1,0,0,0,0,0,0,0,0,0,0,0,0
690265,1,1,1,1,1,1,1,0,1,1,0,0,0,0,0,0,0,0,0,0,0
690267,1,1,1,1,1,0,0,0,0,0,0,0,0,0,0,0,0,0,0,0,0
690269,1,1,1,1,1,0,0,0,0,0,0,0,0,0,0,0,0,0,0,0,0
690274,1,1,1,1,1,1,0,0,0,0,0,0,0,0,0,0,0,0,0,0,0
690299,1,1,1,1,1,1,1,0,0,0,0,0,0,0,0,0,0,0,0,0,0
690300,1,1,1,1,1,1,0,1,1,1,0,1,0,0,0,0,0,0,0,0,0
690307,1,1,1,1,1,1,1,0,0,0,0,0,0,0,0,0,0,0,0,0,0
690323,1,1,1,1,1,1,1,1,1,1,1,1,1,1,0,1,0,1,1,1,1
690333,1,1,1,1,1,1,1,1,0,0,0,0,0,0,0,0,0,0,0,0,0
690334,1,1,1,1,0,0,0,0,0,0,0,0,0,0,0,0,0,0,0,0,0
690350,1,1,1,1,1,1,1,1,1,1,1,1,1,1,1,1,1,1,1,1,1
690352,1,1,1,1,1,1,0,0,0,0,0,0,0,0,0,0,0,0,0,0,0
690365,1,1,1,1,1,1,1,1,1,1,1,1,1,1,1,1,1,1,1,1,0
690389,1,1,1,1,1,0,1,1,1,0,0,0,0,0,0,0,0,0,0,0,0
690451,1,1,1,1,1,0,0,0,0,0,0,0,0,0,0,0,0,0,0,0,0
690453,1,1,1,1,1,1,1,1,1,0,0,0,0,0,0,0,0,0,0,0,0
690463,1,1,1,1,1,0,0,0,0,0,0,0,0,0,0,0,0,0,0,0,0
690486,1,1,1,1,1,1,1,1,0,0,0,0,0,0,0,0,0,0,0,0,0
690533,1,1,1,1,1,1,1,0,0,0,0,0,0,0,0,0,0,0,0,0,0
690535,1,1,1,1,1,1,0,0,0,0,0,0,0,0,0,0,0,0,0,0,0
690547,1,1,1,1,1,1,0,1,0,0,0,0,0,0,0,0,0,0,0,0,0
690554,1,1,1,1,1,1,1,1,1,0,0,0,0,0,0,0,0,0,0,0,0
690572,1,1,1,1,1,1,0,1,0,0,0,0,0,0,0,0,0,0,0,0,0
690579,1,1,1,1,1,0,0,0,0,0,0,0,0,0,0,0,0,0,0,0,0
690584,1,1,1,1,1,1,1,1,1,0,0,0,0,0,0,0,0,0,0,0,0
690585,1,1,1,1,0,0,0,0,0,0,0,0,0,0,0,0,0,0,0,0,0
690588,1,1,1,1,1,1,1,0,1,0,0,0,0,0,0,0,0,0,0,0,0
690619,1,1,1,1,1,1,0,0,0,0,0,0,0,0,0,0,0,0,0,0,0
690630,1,1,1,1,1,1,0,1,1,1,0,1,1,1,1,1,1,1,1,1,1
690674,1,1,1,1,1,1,0,0,0,0,0,0,0,0,0,0,0,0,0,0,0
690675,1,1,1,1,1,1,1,1,1,1,1,0,0,0,0,0,0,0,0,0,0
690678,1,1,1,1,1,0,0,0,0,0,0,0,0,0,0,0,0,0,0,0,0
690700,1,1,1,1,1,1,0,0,0,0,0,0,0,0,0,0,0,0,0,0,0
690712,1,1,1,1,0,0,0,0,0,0,0,0,0,0,0,0,0,0,0,0,0
690722,1,1,1,1,1,1,0,0,0,0,0,0,0,0,0,0,0,0,0,0,0
690747,1,1,1,1,0,0,0,0,0,0,0,0,0,0,0,0,0,0,0,0,0
690763,1,1,1,1,1,0,0,0,0,0,0,0,0,0,0,0,0,0,0,0,0
690789,1,1,1,1,1,1,0,0,0,0,0,0,0,0,0,0,0,0,0,0,0
690790,1,1,1,1,0,0,0,0,0,0,0,0,0,0,0,0,0,0,0,0,0
690797,1,1,1,1,1,1,1,1,1,0,0,0,0,0,0,0,0,0,0,0,0
690818,1,1,1,1,1,1,1,1,1,0,0,0,0,0,0,0,0,0,0,0,0
690842,1,1,1,1,1,1,1,1,1,1,0,0,0,0,0,0,0,0,0,0,0
690857,1,1,0,1,1,1,1,1,1,1,1,1,1,1,1,1,0,0,0,0,0
690877,1,1,1,1,1,0,0,0,0,0,0,0,0,0,0,0,0,0,0,0,0
690889,1,1,1,1,1,1,1,1,1,1,1,1,1,1,1,1,1,1,1,1,1
690903,1,1,1,1,1,1,1,1,1,1,0,0,0,0,0,0,0,0,0,0,0
690905,1,1,1,1,1,1,0,1,1,0,0,0,0,0,0,0,0,0,0,0,0
690919,1,1,1,1,1,0,0,0,0,0,0,0,0,0,0,0,0,0,0,0,0
690926,1,1,1,1,1,1,0,0,0,0,0,0,0,0,0,0,0,0,0,0,0
690930,1,1,1,1,1,1,0,0,0,0,0,0,0,0,0,0,0,0,0,0,0
690939,1,1,1,1,1,1,0,1,0,0,0,0,0,0,0,0,0,0,0,0,0
690948,1,1,1,1,1,1,1,0,1,1,0,0,0,0,0,0,0,0,0,0,0
690957,1,1,1,1,1,1,1,1,1,0,0,0,0,0,0,0,0,0,0,0,0
690970,1,1,1,1,1,1,0,0,0,0,0,0,0,0,0,0,0,0,0,0,0
691030,1,1,1,0,1,0,0,0,0,0,0,0,0,0,0,0,0,0,0,0,0
691050,1,1,1,1,0,1,0,0,0,0,0,0,0,0,0,0,0,0,0,0,0
691055,1,1,1,1,1,1,1,1,1,1,1,1,1,1,1,1,1,1,1,1,1
691085,1,1,1,0,1,0,0,0,0,0,0,0,0,0,0,0,0,0,0,0,0
691108,1,1,1,1,1,1,1,1,1,0,0,0,0,0,0,0,0,0,0,0,0
691109,1,1,0,0,0,0,0,0,0,0,0,0,0,0,0,0,0,0,0,0,0
691121,1,1,1,1,1,1,0,0,0,0,0,0,0,0,0,0,0,0,0,0,0
691129,1,1,1,1,1,1,0,1,1,1,1,0,0,0,0,0,0,0,0,0,0
691131,1,1,1,1,1,0,0,0,0,0,0,0,0,0,0,0,0,0,0,0,0
691143,1,1,1,1,1,1,1,1,1,1,1,1,1,0,0,0,0,0,0,0,0
691153,1,1,1,1,1,1,0,0,0,0,0,0,0,0,0,0,0,0,0,0,0
691154,1,1,1,1,1,0,0,0,0,0,0,0,0,0,0,0,0,0,0,0,0
691159,1,1,1,1,1,1,1,1,1,1,1,1,1,1,1,1,1,1,1,1,0
691179,1,1,1,1,1,1,0,0,0,0,0,0,0,0,0,0,0,0,0,0,0
691190,1,1,1,1,1,1,0,0,0,0,0,0,0,0,0,0,0,0,0,0,0
691231,1,1,1,1,1,0,0,0,0,0,0,0,0,0,0,0,0,0,0,0,0
691243,1,1,1,1,1,1,0,0,0,0,0,0,0,0,0,0,0,0,0,0,0
691245,1,1,1,1,1,1,0,0,0,0,0,0,0,0,0,0,0,0,0,0,0
691247,1,1,1,1,1,1,0,0,0,0,0,0,0,0,0,0,0,0,0,0,0
691254,1,1,1,1,1,1,1,0,1,0,0,0,0,0,0,0,0,0,0,0,0
691257,1,1,1,1,1,0,0,0,0,0,0,0,0,0,0,0,0,0,0,0,0
691260,1,1,1,1,1,0,0,0,0,0,0,0,0,0,0,0,0,0,0,0,0
691262,0,1,1,1,1,1,0,1,0,0,0,0,0,0,0,0,0,0,0,0,0
691267,1,1,1,1,1,1,1,0,1,1,0,0,0,0,0,0,0,0,0,0,0
691275,1,1,1,1,1,1,1,0,0,0,0,0,0,0,0,0,0,0,0,0,0
691287,1,1,1,1,1,1,1,1,1,0,0,0,0,0,0,0,0,0,0,0,0
691308,1,1,1,1,1,1,1,0,0,0,0,0,0,0,0,0,0,0,0,0,0
691309,1,1,1,1,1,1,1,1,0,0,0,0,0,0,0,0,0,0,0,0,0
691312,0,1,1,0,0,0,0,0,0,0,0,0,0,0,0,0,0,0,0,0,0
691316,1,1,1,1,0,0,0,0,0,0,0,0,0,0,0,0,0,0,0,0,0
691324,1,1,1,1,1,1,0,0,0,0,0,0,0,0,0,0,0,0,0,0,0
691328,1,1,1,1,1,1,1,1,1,0,0,0,0,0,0,0,0,0,0,0,0
691344,1,1,1,1,1,0,0,0,0,0,0,0,0,0,0,0,0,0,0,0,0
691352,1,1,1,1,1,1,1,0,0,0,0,0,0,0,0,0,0,0,0,0,0
691356,1,1,1,1,1,1,0,1,0,0,0,0,0,0,0,0,0,0,0,0,0
691358,1,1,1,1,1,1,1,0,0,0,0,0,0,0,0,0,0,0,0,0,0
691359,1,1,1,1,1,1,1,1,1,1,0,1,0,0,0,0,0,0,0,0,0
691364,1,1,1,1,1,1,1,1,1,1,1,1,1,1,1,1,1,1,1,1,1
691366,1,1,1,1,1,1,0,1,0,0,0,0,0,0,0,0,0,0,0,0,0
691369,1,1,1,1,1,1,1,1,1,1,0,0,0,0,0,0,0,0,0,0,0
691372,0,1,1,1,1,0,1,1,1,1,1,1,1,1,1,1,1,1,1,1,1
691380,1,1,1,1,0,0,0,0,0,0,0,0,0,0,0,0,0,0,0,0,0
691381,1,1,1,1,1,1,0,0,0,0,0,0,0,0,0,0,0,0,0,0,0
691399,1,1,1,1,1,0,0,0,0,0,0,0,0,0,0,0,0,0,0,0,0
691405,1,1,1,1,1,1,0,0,0,0,0,0,0,0,0,0,0,0,0,0,0
691406,1,1,1,1,1,1,0,0,0,0,0,0,0,0,0,0,0,0,0,0,0
691420,1,1,1,1,1,1,1,1,0,0,0,0,0,0,0,0,0,0,0,0,0
691421,1,1,1,1,1,1,1,1,0,0,0,0,0,0,0,0,0,0,0,0,0
691435,1,1,1,1,1,1,1,1,1,1,0,0,0,0,0,0,0,0,0,0,0
691453,1,1,1,1,1,1,0,0,0,0,0,0,0,0,0,0,0,0,0,0,0
691459,1,1,1,1,1,0,1,1,1,1,1,1,1,1,1,1,1,1,1,1,1
691465,1,1,1,1,1,0,0,0,0,0,0,0,0,0,0,0,0,0,0,0,0
691480,1,1,1,1,1,0,0,0,0,0,0,0,0,0,0,0,0,0,0,0,0
691484,1,1,1,1,0,0,0,0,0,0,0,0,0,0,0,0,0,0,0,0,0
691501,1,1,1,1,1,1,0,0,0,0,0,0,0,0,0,0,0,0,0,0,0
691523,1,1,1,1,1,1,1,1,1,1,1,0,0,0,0,0,0,0,0,0,0
691549,1,1,1,1,1,1,1,1,0,1,1,1,1,1,1,1,1,1,1,1,1
691569,1,1,1,1,1,1,0,0,0,0,0,0,0,0,0,0,0,0,0,0,0
691581,1,1,1,1,1,1,1,1,0,0,0,0,0,0,0,0,0,0,0,0,0
691599,1,1,1,1,1,1,0,0,0,0,0,0,0,0,0,0,0,0,0,0,0
691611,1,1,1,1,1,1,0,0,0,0,0,0,0,0,0,0,0,0,0,0,0
691620,1,1,1,1,1,1,1,1,0,1,0,0,0,0,0,0,0,0,0,0,0
691623,1,1,1,1,0,1,0,0,0,0,0,0,0,0,0,0,0,0,0,0,0
691626,1,1,1,1,1,1,1,0,0,0,0,0,0,0,0,0,0,0,0,0,0
691636,1,1,1,1,1,1,1,0,1,0,0,0,0,0,0,0,0,0,0,0,0
691638,1,1,1,1,1,1,0,1,0,1,0,0,0,0,0,0,0,0,0,0,0
691648,1,1,1,1,1,1,1,1,1,0,0,0,0,0,0,0,0,0,0,0,0
691661,1,1,1,1,1,1,1,1,1,0,0,0,0,0,0,0,0,0,0,0,0
691670,1,1,1,1,1,1,0,0,0,0,0,0,0,0,0,0,0,0,0,0,0
691673,1,1,1,1,1,1,0,0,0,0,0,0,0,0,0,0,0,0,0,0,0
691674,1,1,1,1,1,1,1,1,1,0,0,0,0,0,0,0,0,0,0,0,0
691678,1,1,1,1,1,1,0,0,0,0,0,0,0,0,0,0,0,0,0,0,0
691679,1,1,1,1,1,0,0,0,0,0,0,0,0,0,0,0,0,0,0,0,0
691686,1,1,1,1,1,1,1,0,0,0,0,0,0,0,0,0,0,0,0,0,0
691734,1,1,1,1,1,1,0,0,0,0,0,0,0,0,0,0,0,0,0,0,0
691739,1,1,0,1,1,1,0,1,1,1,1,0,0,0,0,0,0,0,0,0,0
691740,1,1,1,1,1,0,0,0,0,0,0,0,0,0,0,0,0,0,0,0,0
691748,1,1,1,1,1,1,0,0,0,0,0,0,0,0,0,0,0,0,0,0,0
691749,1,1,1,1,1,1,1,1,1,1,1,1,1,1,1,1,1,1,1,1,1
691750,1,1,1,1,1,0,0,0,0,0,0,0,0,0,0,0,0,0,0,0,0
691751,1,1,1,1,1,1,1,1,1,1,1,1,1,1,1,1,1,1,1,1,1
691752,1,1,1,1,1,1,1,0,1,1,1,0,0,0,0,0,0,0,0,0,0
691753,1,1,1,1,1,1,0,0,0,0,0,0,0,0,0,0,0,0,0,0,0
691759,1,1,1,1,1,0,0,0,0,0,0,0,0,0,0,0,0,0,0,0,0
691777,1,1,1,1,1,1,0,0,0,0,0,0,0,0,0,0,0,0,0,0,0
691784,1,1,1,1,1,1,1,1,0,0,0,0,0,0,0,0,0,0,0,0,0
691802,1,1,1,1,1,0,0,0,0,0,0,0,0,0,0,0,0,0,0,0,0
692055,1,1,1,1,1,0,0,0,0,0,0,0,0,0,0,0,0,0,0,0,0
692056,1,1,1,1,1,1,1,0,1,0,1,0,0,0,0,0,0,0,0,0,0
692061,1,1,1,1,1,1,1,0,1,0,0,0,0,0,0,0,0,0,0,0,0
692065,1,1,1,1,1,1,0,1,1,0,1,1,0,0,0,0,0,0,0,0,0
692074,1,1,1,1,1,0,0,0,0,0,0,0,0,0,0,0,0,0,0,0,0
692077,1,1,1,1,1,1,0,0,0,0,0,0,0,0,0,0,0,0,0,0,0
692081,1,1,1,1,1,1,1,0,0,0,0,0,0,0,0,0,0,0,0,0,0
692095,1,1,1,1,1,1,1,1,1,1,0,1,1,1,1,1,1,1,1,1,1
692102,1,1,1,1,1,1,0,1,0,1,0,0,0,0,0,0,0,0,0,0,0
692137,1,1,1,1,1,1,1,0,1,0,0,0,0,0,0,0,0,0,0,0,0
692158,1,1,1,1,1,1,1,0,0,0,0,0,0,0,0,0,0,0,0,0,0
692168,1,1,1,1,1,1,0,1,1,0,1,1,1,0,1,1,0,0,0,0,0
692174,1,1,1,1,1,0,0,0,0,0,0,0,0,0,0,0,0,0,0,0,0
692184,1,1,1,1,1,1,0,1,1,1,1,1,1,1,1,1,1,1,1,1,0
692214,1,1,1,1,1,1,0,0,0,0,0,0,0,0,0,0,0,0,0,0,0
692233,1,1,1,1,1,1,0,1,1,1,0,0,0,0,0,0,0,0,0,0,0
692258,1,1,1,1,1,1,0,0,0,0,0,0,0,0,0,0,0,0,0,0,0
692259,1,1,1,1,1,1,1,0,0,0,0,0,0,0,0,0,0,0,0,0,0
692273,1,1,1,1,1,1,0,1,0,0,0,0,0,0,0,0,0,0,0,0,0
692280,1,1,1,1,1,1,1,1,1,1,0,0,0,0,0,0,0,0,0,0,0
692326,1,1,1,1,1,1,1,1,1,0,0,0,0,0,0,0,0,0,0,0,0
692327,1,1,1,1,1,1,1,1,1,0,0,0,0,0,0,0,0,0,0,0,0
692329,1,1,1,1,1,1,1,1,1,1,1,0,0,0,0,0,0,0,0,0,0
692331,1,1,1,1,1,0,0,0,0,0,0,0,0,0,0,0,0,0,0,0,0
692334,1,1,1,1,1,1,1,1,1,1,1,1,1,1,1,1,1,1,1,1,1
692350,1,1,1,1,1,1,0,1,1,1,1,1,1,1,1,0,0,0,0,0,0
692351,1,1,1,1,1,0,0,0,0,0,0,0,0,0,0,0,0,0,0,0,0
692362,1,1,1,1,1,1,1,1,1,1,1,1,1,1,1,0,1,1,1,0,1
692364,1,1,1,1,1,1,1,1,0,0,0,0,0,0,0,0,0,0,0,0,0
692365,1,1,1,1,1,0,0,0,0,0,0,0,0,0,0,0,0,0,0,0,0
692393,1,1,1,1,1,0,0,0,0,0,0,0,0,0,0,0,0,0,0,0,0
692414,1,1,1,1,1,1,0,1,0,0,0,0,0,0,0,0,0,0,0,0,0
692507,1,1,1,1,0,0,0,0,0,0,0,0,0,0,0,0,0,0,0,0,0
692527,1,1,1,1,1,1,0,0,0,0,0,0,0,0,0,0,0,0,0,0,0
692569,1,1,1,1,1,1,1,1,1,1,1,1,1,1,1,1,1,1,1,1,1
692597,1,1,1,1,1,1,0,1,0,0,0,0,0,0,0,0,0,0,0,0,0
692602,1,1,1,1,1,0,1,0,0,0,0,0,0,0,0,0,0,0,0,0,0
692609,1,1,1,1,1,1,0,0,0,0,0,0,0,0,0,0,0,0,0,0,0
692616,1,1,1,1,1,0,0,0,0,0,0,0,0,0,0,0,0,0,0,0,0
692624,1,1,1,0,0,0,0,0,0,0,0,0,0,0,0,0,0,0,0,0,0
692655,1,1,1,1,1,1,1,1,0,0,0,0,0,0,0,0,0,0,0,0,0
692664,1,1,1,1,1,1,1,1,0,0,0,0,0,0,0,0,0,0,0,0,0
692679,1,1,1,1,1,1,0,0,0,0,0,0,0,0,0,0,0,0,0,0,0
692697,1,1,1,1,1,1,0,1,1,1,1,0,0,0,0,0,0,0,0,0,0
692703,1,1,1,1,1,1,1,0,1,0,0,0,0,0,0,0,0,0,0,0,0
692730,1,1,1,1,1,1,0,0,0,0,0,0,0,0,0,0,0,0,0,0,0
692732,1,1,1,1,1,1,1,0,1,1,0,0,0,0,0,0,0,0,0,0,0
692741,1,1,1,1,1,1,0,0,0,0,0,0,0,0,0,0,0,0,0,0,0
692742,1,1,1,1,1,1,0,0,0,0,0,0,0,0,0,0,0,0,0,0,0
692746,0,1,1,1,1,1,0,0,0,0,0,0,0,0,0,0,0,0,0,0,0
692752,1,1,1,1,1,1,1,1,0,1,0,1,1,1,1,1,1,1,0,1,1
692759,1,1,1,1,1,1,1,1,1,1,1,1,1,1,1,1,1,1,1,1,1
692772,1,1,1,1,1,1,0,0,0,0,0,0,0,0,0,0,0,0,0,0,0
692781,1,1,1,1,1,1,1,0,1,1,0,0,0,0,0,0,0,0,0,0,0
692807,1,1,1,1,1,0,0,0,0,0,0,0,0,0,0,0,0,0,0,0,0
692808,1,1,1,1,1,1,0,1,0,0,0,0,0,0,0,0,0,0,0,0,0
692810,1,1,1,1,1,1,0,1,1,0,0,0,0,0,0,0,0,0,0,0,0
692817,1,1,1,1,1,1,1,1,1,1,1,1,1,0,1,1,1,0,0,0,0
692820,1,1,1,1,1,1,1,1,0,0,0,0,0,0,0,0,0,0,0,0,0
692823,1,1,1,1,1,1,0,0,0,0,0,0,0,0,0,0,0,0,0,0,0
692826,1,1,1,1,1,1,0,0,0,0,0,0,0,0,0,0,0,0,0,0,0
692832,1,1,1,1,1,1,0,1,1,1,1,1,1,1,1,1,1,1,1,1,1
692841,1,1,1,1,1,1,0,1,1,0,0,0,0,0,0,0,0,0,0,0,0
692842,1,1,1,1,1,1,0,0,0,0,0,0,0,0,0,0,0,0,0,0,0
692846,1,1,1,1,1,1,1,0,0,0,0,0,0,0,0,0,0,0,0,0,0
692848,1,1,1,1,1,1,1,1,1,0,0,0,0,0,0,0,0,0,0,0,0
692849,1,1,1,1,1,1,1,0,1,1,1,0,1,1,1,1,1,0,1,1,1
692852,1,1,1,1,1,1,0,1,1,1,1,1,1,1,1,1,1,1,1,1,1
692853,1,1,1,1,1,1,1,1,1,1,0,1,0,1,0,0,0,0,0,0,0
692858,1,1,1,1,1,0,0,0,0,0,0,0,0,0,0,0,0,0,0,0,0
692874,1,1,1,1,1,1,0,1,0,1,1,1,1,1,1,1,1,1,1,1,1
692877,1,1,1,1,1,0,0,0,0,0,0,0,0,0,0,0,0,0,0,0,0
692880,1,1,1,1,1,1,1,1,1,0,0,0,0,0,0,0,0,0,0,0,0
692884,1,1,1,1,1,1,0,1,0,0,0,0,0,0,0,0,0,0,0,0,0
692888,1,1,1,1,1,1,0,1,0,0,0,0,0,0,0,0,0,0,0,0,0
692895,1,1,1,1,1,1,0,0,0,0,0,0,0,0,0,0,0,0,0,0,0
692906,0,1,1,1,1,1,0,0,0,0,0,0,0,0,0,0,0,0,0,0,0
692910,1,1,1,1,1,1,1,0,0,0,0,0,0,0,0,0,0,0,0,0,0
692912,1,1,1,1,1,1,1,0,0,0,0,0,0,0,0,0,0,0,0,0,0
692914,1,1,1,1,1,1,0,0,0,0,0,0,0,0,0,0,0,0,0,0,0
692929,1,1,1,1,1,1,1,0,1,1,0,0,0,0,0,0,0,0,0,0,0
692946,1,1,1,1,1,1,1,1,1,0,0,0,0,0,0,0,0,0,0,0,0
692959,1,1,1,1,1,0,0,0,0,0,0,0,0,0,0,0,0,0,0,0,0
692974,1,1,1,1,1,1,1,1,0,0,0,0,0,0,0,0,0,0,0,0,0
692986,1,1,1,1,1,1,1,1,0,0,0,0,0,0,0,0,0,0,0,0,0
693032,1,1,1,1,1,1,0,1,1,1,1,1,1,1,1,1,1,1,1,1,1
693039,1,1,1,1,1,1,1,1,1,1,1,0,0,0,0,0,0,0,0,0,0
693041,1,1,1,1,1,1,0,0,0,0,0,0,0,0,0,0,0,0,0,0,0
693058,1,1,1,1,1,1,0,1,1,1,0,0,0,0,0,0,0,0,0,0,0
693059,1,1,1,1,1,1,1,0,0,0,0,0,0,0,0,0,0,0,0,0,0
693060,0,1,0,0,0,0,0,0,0,0,0,0,0,0,0,0,0,0,0,0,0
693061,1,1,1,1,1,0,0,0,0,0,0,0,0,0,0,0,0,0,0,0,0
693063,1,1,1,1,1,0,0,0,0,0,0,0,0,0,0,0,0,0,0,0,0
693079,1,1,1,1,1,1,0,0,0,0,0,0,0,0,0,0,0,0,0,0,0
693091,1,1,1,1,0,1,1,1,1,1,1,0,1,0,0,0,0,0,0,0,0
693093,1,1,1,1,1,0,0,0,0,0,0,0,0,0,0,0,0,0,0,0,0
693115,1,1,1,1,1,1,1,1,1,0,1,0,0,0,0,0,0,0,0,0,0
693116,1,1,1,1,1,1,0,0,0,0,0,0,0,0,0,0,0,0,0,0,0
693202,1,1,1,1,1,1,1,1,1,1,1,1,0,0,0,0,0,0,0,0,0
693284,1,1,1,1,1,0,0,0,0,0,0,0,0,0,0,0,0,0,0,0,0
693294,1,1,1,1,1,1,0,0,0,0,0,0,0,0,0,0,0,0,0,0,0
693296,1,1,1,1,1,1,1,1,1,1,0,1,0,0,0,0,0,0,0,0,0
693328,1,1,1,1,1,1,0,0,0,0,0,0,0,0,0,0,0,0,0,0,0
693330,1,1,1,1,1,1,1,1,1,1,0,0,0,0,0,0,0,0,0,0,0
693349,1,1,1,1,1,0,0,0,0,0,0,0,0,0,0,0,0,0,0,0,0
693365,1,1,1,1,1,1,0,0,0,0,0,0,0,0,0,0,0,0,0,0,0
693387,1,1,1,1,1,1,0,1,0,0,0,0,0,0,0,0,0,0,0,0,0
693412,1,1,1,1,1,0,1,0,0,0,0,0,0,0,0,0,0,0,0,0,0
693450,1,1,1,1,1,0,0,0,0,0,0,0,0,0,0,0,0,0,0,0,0
693470,1,1,1,1,1,0,1,0,0,0,0,0,0,0,0,0,0,0,0,0,0
693487,1,1,1,1,1,0,0,0,0,0,0,0,0,0,0,0,0,0,0,0,0
693490,1,1,1,1,1,1,1,1,0,0,0,0,0,0,0,0,0,0,0,0,0
693500,1,1,1,1,1,1,0,0,0,0,0,0,0,0,0,0,0,0,0,0,0
693502,1,1,1,1,1,1,0,0,0,0,0,0,0,0,0,0,0,0,0,0,0
693516,1,1,1,1,1,0,0,0,0,0,0,0,0,0,0,0,0,0,0,0,0
693518,1,1,1,1,1,1,1,1,1,0,0,0,0,0,0,0,0,0,0,0,0
693592,1,1,1,1,1,1,1,1,0,0,0,0,0,0,0,0,0,0,0,0,0
693605,1,1,1,1,1,1,1,1,1,1,1,0,0,0,0,0,0,0,0,0,0
693608,1,1,1,1,1,1,0,0,0,0,0,0,0,0,0,0,0,0,0,0,0
693619,1,1,1,1,1,1,0,0,0,0,0,0,0,0,0,0,0,0,0,0,0
693622,1,1,1,1,1,0,1,0,0,0,0,0,0,0,0,0,0,0,0,0,0
693628,1,1,1,1,1,1,1,1,1,1,0,0,0,0,0,0,0,0,0,0,0
693629,1,1,1,1,1,1,0,0,0,0,0,0,0,0,0,0,0,0,0,0,0
693639,1,1,1,1,1,1,1,0,0,0,0,0,0,0,0,0,0,0,0,0,0
693646,1,1,1,1,1,1,1,0,0,0,0,0,0,0,0,0,0,0,0,0,0
693679,1,1,1,1,1,1,0,0,0,0,0,0,0,0,0,0,0,0,0,0,0
693690,1,1,1,1,1,1,0,1,1,1,0,0,0,0,0,0,0,0,0,0,0
693707,1,1,1,1,1,1,1,0,0,0,0,0,0,0,0,0,0,0,0,0,0
693819,1,1,1,1,1,1,0,1,1,1,1,1,1,1,1,1,0,1,1,1,1
693821,1,1,1,0,1,0,0,0,0,0,0,0,0,0,0,0,0,0,0,0,0
693825,1,1,1,1,1,1,0,0,0,0,0,0,0,0,0,0,0,0,0,0,0
693826,1,1,1,1,1,1,0,1,0,0,0,0,0,0,0,0,0,0,0,0,0
693829,1,1,1,1,1,1,1,1,1,1,0,1,1,0,1,1,1,1,1,1,1
693845,1,1,1,1,1,1,0,0,0,0,0,0,0,0,0,0,0,0,0,0,0
693892,1,1,1,1,1,1,1,1,0,0,0,0,0,0,0,0,0,0,0,0,0
693905,1,1,1,1,1,1,1,1,1,0,0,0,0,0,0,0,0,0,0,0,0
693906,1,1,1,1,1,0,0,0,0,0,0,0,0,0,0,0,0,0,0,0,0
693916,1,1,1,1,1,1,0,1,0,0,0,0,0,0,0,0,0,0,0,0,0
693925,1,1,1,1,1,1,1,1,0,0,0,0,0,0,0,0,0,0,0,0,0
693936,1,1,1,1,1,1,0,1,1,1,1,0,0,0,0,0,0,0,0,0,0
694005,1,1,1,1,1,1,1,1,1,0,1,1,0,0,0,0,0,0,0,0,0
694023,1,1,1,1,1,0,0,0,0,0,0,0,0,0,0,0,0,0,0,0,0
694047,1,1,1,1,1,1,1,0,0,0,0,0,0,0,0,0,0,0,0,0,0
694095,1,1,1,1,1,1,0,0,0,0,0,0,0,0,0,0,0,0,0,0,0
694097,1,1,1,0,0,0,0,0,0,0,0,0,0,0,0,0,0,0,0,0,0
694125,1,1,1,1,1,1,0,0,0,0,0,0,0,0,0,0,0,0,0,0,0
694127,1,1,1,1,1,0,0,0,0,0,0,0,0,0,0,0,0,0,0,0,0
694142,1,1,1,1,1,1,1,0,1,1,1,1,1,1,0,1,1,1,1,0,0
694143,1,1,1,1,1,0,0,0,0,0,0,0,0,0,0,0,0,0,0,0,0
694146,1,1,1,1,1,1,0,0,0,0,0,0,0,0,0,0,0,0,0,0,0
694147,0,1,1,1,1,1,0,0,0,0,0,0,0,0,0,0,0,0,0,0,0
694150,1,1,1,1,1,1,0,1,0,0,0,0,0,0,0,0,0,0,0,0,0
694156,1,1,1,1,1,0,0,0,0,0,0,0,0,0,0,0,0,0,0,0,0
694159,1,1,1,1,1,1,1,1,1,0,0,0,0,0,0,0,0,0,0,0,0
694181,1,1,1,1,1,1,1,1,1,1,1,1,0,0,0,0,0,0,0,0,0
694186,1,1,1,1,1,1,1,1,1,0,0,0,0,0,0,0,0,0,0,0,0
694188,1,1,1,1,1,0,0,0,0,0,0,0,0,0,0,0,0,0,0,0,0
694283,1,1,1,1,0,0,0,0,0,0,0,0,0,0,0,0,0,0,0,0,0
694363,1,1,1,1,1,1,0,1,1,1,1,1,1,1,1,1,1,1,1,1,1
694398,1,1,1,1,1,1,0,1,0,0,0,0,0,0,0,0,0,0,0,0,0
694399,1,1,1,1,1,1,1,0,1,0,0,0,0,0,0,0,0,0,0,0,0
694400,1,1,1,1,1,1,0,1,1,0,0,0,0,0,0,0,0,0,0,0,0
694401,1,1,1,1,1,0,0,0,0,0,0,0,0,0,0,0,0,0,0,0,0
694402,1,1,1,1,1,0,0,0,0,0,0,0,0,0,0,0,0,0,0,0,0
694403,0,1,1,1,1,1,0,0,0,0,0,0,0,0,0,0,0,0,0,0,0
694404,1,1,1,1,1,0,0,0,0,0,0,0,0,0,0,0,0,0,0,0,0
694405,1,1,1,1,1,1,0,0,0,0,0,0,0,0,0,0,0,0,0,0,0
694406,1,1,1,1,1,1,1,1,0,0,0,0,0,0,0,0,0,0,0,0,0
694407,0,1,1,1,1,0,0,0,0,0,0,0,0,0,0,0,0,0,0,0,0
694409,1,1,1,1,1,1,1,0,0,0,0,0,0,0,0,0,0,0,0,0,0
694410,1,1,1,1,1,1,1,1,0,0,0,0,0,0,0,0,0,0,0,0,0
694411,1,1,1,1,1,0,0,0,0,0,0,0,0,0,0,0,0,0,0,0,0
694412,1,1,1,1,1,1,1,0,0,0,0,0,0,0,0,0,0,0,0,0,0
694413,1,1,1,1,1,0,0,0,0,0,0,0,0,0,0,0,0,0,0,0,0
694414,1,1,1,1,1,1,0,0,0,0,0,0,0,0,0,0,0,0,0,0,0
694415,1,1,1,1,1,1,0,0,0,0,0,0,0,0,0,0,0,0,0,0,0
694418,1,1,1,1,1,0,0,0,0,0,0,0,0,0,0,0,0,0,0,0,0
694419,1,1,1,1,1,1,0,0,0,0,0,0,0,0,0,0,0,0,0,0,0
694420,1,1,1,1,1,1,0,0,0,0,0,0,0,0,0,0,0,0,0,0,0
694422,1,1,1,1,1,1,1,0,1,0,0,0,0,0,0,0,0,0,0,0,0
694431,1,1,1,1,1,1,1,1,1,1,1,0,0,0,0,0,0,0,0,0,0
694434,1,1,1,1,1,1,0,0,0,0,0,0,0,0,0,0,0,0,0,0,0
694436,1,1,1,1,1,1,0,0,0,0,0,0,0,0,0,0,0,0,0,0,0
694452,1,1,1,1,1,1,0,1,0,0,0,0,0,0,0,0,0,0,0,0,0
694453,1,1,1,1,1,1,0,0,0,0,0,0,0,0,0,0,0,0,0,0,0
694458,1,1,1,1,1,0,0,0,0,0,0,0,0,0,0,0,0,0,0,0,0
694461,1,1,1,1,1,1,1,1,1,1,1,1,1,1,1,1,1,1,1,1,1
694476,1,1,1,1,1,1,0,1,0,0,0,0,0,0,0,0,0,0,0,0,0
694483,1,1,1,1,1,1,0,1,1,0,0,0,0,0,0,0,0,0,0,0,0
694499,1,1,1,1,1,1,1,0,1,1,1,1,1,1,1,1,1,1,1,0,1
694517,1,1,1,1,1,1,0,0,0,0,0,0,0,0,0,0,0,0,0,0,0
694529,1,1,1,1,1,0,0,0,0,0,0,0,0,0,0,0,0,0,0,0,0
694554,1,1,1,1,1,0,0,0,0,0,0,0,0,0,0,0,0,0,0,0,0
694568,0,0,0,0,0,0,0,0,0,0,0,0,0,0,0,0,0,0,0,0,0
694577,1,1,1,1,1,1,0,0,0,0,0,0,0,0,0,0,0,0,0,0,0
694583,1,1,1,1,1,1,1,1,1,1,1,1,1,1,1,1,1,1,1,1,1
694630,1,1,1,1,1,1,1,1,0,0,0,0,0,0,0,0,0,0,0,0,0
694645,1,1,1,1,1,1,0,0,0,0,0,0,0,0,0,0,0,0,0,0,0
694710,1,1,1,0,1,1,0,0,0,0,0,0,0,0,0,0,0,0,0,0,0
694780,1,1,1,1,1,1,1,0,0,0,0,0,0,0,0,0,0,0,0,0,0
694859,1,1,1,1,1,1,1,1,1,0,0,0,0,0,0,0,0,0,0,0,0
